TEXT,USER,META,LINK
What is posted in here is vetted and approved for dissemination. Have fun! PUSH!,Sweet Tea,2018-02-27 04:56:43 UTC,https://discordleaks.unicornriot.ninja/discord/view/6759879#msg
,Sweet Tea,2018-02-27 04:56:50 UTC,https://discordleaks.unicornriot.ninja/discord/view/6759880#msg
https://vimeo.com/257626719,Sweet Tea,2018-02-27 04:56:58 UTC,https://discordleaks.unicornriot.ninja/discord/view/6759881#msg
"This has been set up so that upper admin can provide up to date, current info. I am not upper admin, I assist them and will post as instructed. This thread will be read only for most members.",Sweet Tea,2018-02-27 04:59:52 UTC,https://discordleaks.unicornriot.ninja/discord/view/6759882#msg
,Sweet Tea,2018-02-27 04:59:56 UTC,https://discordleaks.unicornriot.ninja/discord/view/6759883#msg
Today's PUSH,Sweet Tea,2018-02-27 15:55:01 UTC,https://discordleaks.unicornriot.ninja/discord/view/6759884#msg
https://vimeo.com/257626719,Sweet Tea,2018-02-27 15:55:16 UTC,https://discordleaks.unicornriot.ninja/discord/view/6759885#msg
https://cdn.discordapp.com/attachments/417774145233879041/418225591326605332/Q5Q5batch_batch_photo-1476004062766-a07807290c74.jpg,Saintlady9,2018-02-28 03:25:04 UTC,https://discordleaks.unicornriot.ninja/discord/view/6759886#msg
https://vimeo.com/257844531,Dustin Nemos,2018-02-28 06:33:33 UTC,https://discordleaks.unicornriot.ninja/discord/view/6759887#msg
new vid,Dustin Nemos,2018-02-28 06:33:45 UTC,https://discordleaks.unicornriot.ninja/discord/view/6759888#msg
https://vimeo.com/258017016,Dustin Nemos,2018-03-01 03:41:47 UTC,https://discordleaks.unicornriot.ninja/discord/view/6759889#msg
https://twitter.com/JacobAWohl/status/969026605690400768,Dustin Nemos,2018-03-01 03:42:22 UTC,https://discordleaks.unicornriot.ninja/discord/view/6759890#msg
https://www.youtube.com/watch?v=i9_5mdxHt98,Sweet Tea,2018-03-01 07:06:16 UTC,https://discordleaks.unicornriot.ninja/discord/view/6759891#msg
https://d.tube/#!/v/nemosnews/fxz7ltje,Sweet Tea,2018-03-02 05:30:23 UTC,https://discordleaks.unicornriot.ninja/discord/view/6759892#msg
@Dustin Nemos Is there an error in settings blocking the links from opening on the page?,Sweet Tea,2018-03-02 05:34:34 UTC,https://discordleaks.unicornriot.ninja/discord/view/6759893#msg
"@Volunteers HOT PUSH
BREAKING: Central Michigan University shooting breaks out, ALL schools in city on lockdown
PLS COMMENT ""GOT IT"" IF YOU'RE PUSHING THIS, PLS. THANK YOU ALL SO MUCH. PLEASE KEEP CONVERSATION TO A MINIMUM WHILE WE RECEIVE REPLIES.(edited)
https://www.express.co.uk/news/world/926327/Central-Michigan-University-shooting-mount-pleasant-police
Express.co.uk",Sweet Tea,2018-03-02 15:48:05 UTC,https://discordleaks.unicornriot.ninja/discord/view/6759894#msg
HOT HOT HOT,Sweet Tea,2018-03-03 17:08:00 UTC,https://discordleaks.unicornriot.ninja/discord/view/6759895#msg
Dustin's mention alongside the top dogs in Zero Hedge!!!,Sweet Tea,2018-03-03 17:08:27 UTC,https://discordleaks.unicornriot.ninja/discord/view/6759896#msg
"""Corsi's ban follows several other accounts known for conservative or non-mainstream opinions, including Anti-School, Bombard's Body Language, Charlton, Charles Walton, Defango, Dustin Nemos, David Seaman, Destroying The Illusion, Ron Johnson, Richie Allen, and Titus Frost."" https://www.zerohedge.com/news/2018-03-02/infowars-bureau-chief-youtube-account-terminated-no-explanation",Sweet Tea,2018-03-03 17:09:20 UTC,https://discordleaks.unicornriot.ninja/discord/view/6759897#msg
"please jump on it, and include DUSTIN'S GAC INVITE LINK to the post. Thanks so much! This rocks!",Sweet Tea,2018-03-03 17:10:13 UTC,https://discordleaks.unicornriot.ninja/discord/view/6759898#msg
https://discord.gg/pyVarH,Sweet Tea,2018-03-03 17:10:26 UTC,https://discordleaks.unicornriot.ninja/discord/view/6759899#msg
,Sweet Tea,2018-03-03 22:07:18 UTC,https://discordleaks.unicornriot.ninja/discord/view/6759900#msg
"march is military tribunal awareness month, make people aware",Dustin Nemos,2018-03-03 23:22:21 UTC,https://discordleaks.unicornriot.ninja/discord/view/6759901#msg
https://www.youtube.com/watch?v=XpKYeOy-auQ,Sweet Tea,2018-03-03 23:53:15 UTC,https://discordleaks.unicornriot.ninja/discord/view/6759902#msg
hot off the press yes?,della4,2018-03-03 23:53:58 UTC,https://discordleaks.unicornriot.ninja/discord/view/6759903#msg
HOT PUSH,Sweet Tea,2018-03-05 05:18:30 UTC,https://discordleaks.unicornriot.ninja/discord/view/6759904#msg
,Sweet Tea,2018-03-05 05:18:45 UTC,https://discordleaks.unicornriot.ninja/discord/view/6759905#msg
HOT PUSHES COMING HARD AND HEAVY. PLEASE PUSH HARD. THANK YOU AND Y'ALL HAVE A SAFE AND HAPPY WEEK. ❤,Sweet Tea,2018-03-05 05:19:39 UTC,https://discordleaks.unicornriot.ninja/discord/view/6759906#msg
https://petitions.whitehouse.gov/petition/american-internet-bill-rights,Sweet Tea,2018-03-05 05:22:01 UTC,https://discordleaks.unicornriot.ninja/discord/view/6759907#msg
THESE THREE ARE HOT HOT HOT. PUSH PLEASE!,Sweet Tea,2018-03-05 05:22:46 UTC,https://discordleaks.unicornriot.ninja/discord/view/6759908#msg
,Sweet Tea,2018-03-05 05:25:08 UTC,https://discordleaks.unicornriot.ninja/discord/view/6759909#msg
,Sweet Tea,2018-03-05 08:30:52 UTC,https://discordleaks.unicornriot.ninja/discord/view/6759910#msg
hot hot hot everybody.,Sweet Tea,2018-03-05 08:32:36 UTC,https://discordleaks.unicornriot.ninja/discord/view/6759911#msg
,Sweet Tea,2018-03-05 08:58:14 UTC,https://discordleaks.unicornriot.ninja/discord/view/6759912#msg
HOT PUSH,Sweet Tea,2018-03-05 08:59:47 UTC,https://discordleaks.unicornriot.ninja/discord/view/6759913#msg
https://www.youtube.com/watch?v=3KEQgLmTz7Y,Sweet Tea,2018-03-08 23:59:43 UTC,https://discordleaks.unicornriot.ninja/discord/view/6759914#msg
,Sweet Tea,2018-03-09 01:40:59 UTC,https://discordleaks.unicornriot.ninja/discord/view/6759829#msg
,Sweet Tea,2018-03-09 01:41:09 UTC,https://discordleaks.unicornriot.ninja/discord/view/6759830#msg
,Sweet Tea,2018-03-09 01:41:20 UTC,https://discordleaks.unicornriot.ninja/discord/view/6759831#msg
,Sweet Tea,2018-03-09 01:41:29 UTC,https://discordleaks.unicornriot.ninja/discord/view/6759832#msg
,Sweet Tea,2018-03-09 01:41:44 UTC,https://discordleaks.unicornriot.ninja/discord/view/6759833#msg
,Sweet Tea,2018-03-09 01:41:53 UTC,https://discordleaks.unicornriot.ninja/discord/view/6759834#msg
,Sweet Tea,2018-03-09 01:42:03 UTC,https://discordleaks.unicornriot.ninja/discord/view/6759835#msg
,Sweet Tea,2018-03-09 01:42:50 UTC,https://discordleaks.unicornriot.ninja/discord/view/6759836#msg
,Sweet Tea,2018-03-09 01:43:22 UTC,https://discordleaks.unicornriot.ninja/discord/view/6759837#msg
https://www.youtube.com/watch?v=IPdyJXkIPoM,Sweet Tea,2018-03-09 06:23:45 UTC,https://discordleaks.unicornriot.ninja/discord/view/6759838#msg
https://www.youtube.com/watch?v=8OwijPU9fiU,Sweet Tea,2018-03-09 06:26:34 UTC,https://discordleaks.unicornriot.ninja/discord/view/6759839#msg
,Sweet Tea,2018-03-10 17:26:16 UTC,https://discordleaks.unicornriot.ninja/discord/view/6759840#msg
,Sweet Tea,2018-03-10 22:25:55 UTC,https://discordleaks.unicornriot.ninja/discord/view/6759841#msg
https://www.youtube.com/watch?v=gCWwKCatgxE,Sweet Tea,2018-03-16 23:55:03 UTC,https://discordleaks.unicornriot.ninja/discord/view/6759842#msg
,Sweet Tea,2018-03-16 23:56:52 UTC,https://discordleaks.unicornriot.ninja/discord/view/6759843#msg
,Sweet Tea,2018-03-16 23:58:18 UTC,https://discordleaks.unicornriot.ninja/discord/view/6759844#msg
,Sweet Tea,2018-03-17 00:00:11 UTC,https://discordleaks.unicornriot.ninja/discord/view/6759845#msg
"#WeThePeople
#MAGA

#WWG1 WGA

#InternetBillOfRights ~

#NameAndShame

#MSMisFakeNews

#DISCREDITREDDIT

#FIGHTFIGHTFIGHT

#ForGodnCountry

#UNITEDWESTAND

#WEARESTRONG

#BELOUDBEHEARD

#TRUTH
#JUSTICE
#TheAmericanWay

#EnemyInsideTheGates",Sweet Tea,2018-03-17 00:00:56 UTC,https://discordleaks.unicornriot.ninja/discord/view/6759846#msg
,Sweet Tea,2018-03-17 00:01:40 UTC,https://discordleaks.unicornriot.ninja/discord/view/6759847#msg
,Sweet Tea,2018-03-17 00:02:15 UTC,https://discordleaks.unicornriot.ninja/discord/view/6759848#msg
,Sweet Tea,2018-03-17 00:02:45 UTC,https://discordleaks.unicornriot.ninja/discord/view/6759849#msg
,Sweet Tea,2018-03-17 00:03:10 UTC,https://discordleaks.unicornriot.ninja/discord/view/6759850#msg
#UNITEDWESTAND #BE HEARD. #MAKEITRAINTRUTH #FIGHTFIGHTFIGHT God bless you all. Thank you so much! ✝ ❤,Sweet Tea,2018-03-17 00:12:55 UTC,https://discordleaks.unicornriot.ninja/discord/view/6759851#msg
,Sweet Tea,2018-03-17 00:13:06 UTC,https://discordleaks.unicornriot.ninja/discord/view/6759852#msg
,Sweet Tea,2018-03-17 00:13:49 UTC,https://discordleaks.unicornriot.ninja/discord/view/6759853#msg
,Sweet Tea,2018-03-17 00:14:19 UTC,https://discordleaks.unicornriot.ninja/discord/view/6759854#msg
,Sweet Tea,2018-03-17 00:15:03 UTC,https://discordleaks.unicornriot.ninja/discord/view/6759855#msg
,Sweet Tea,2018-03-17 00:15:51 UTC,https://discordleaks.unicornriot.ninja/discord/view/6759856#msg
,Sweet Tea,2018-03-17 00:16:10 UTC,https://discordleaks.unicornriot.ninja/discord/view/6759857#msg
,Sweet Tea,2018-03-17 00:16:44 UTC,https://discordleaks.unicornriot.ninja/discord/view/6759858#msg
,Sweet Tea,2018-03-17 00:17:07 UTC,https://discordleaks.unicornriot.ninja/discord/view/6759859#msg
,Sweet Tea,2018-03-17 00:17:37 UTC,https://discordleaks.unicornriot.ninja/discord/view/6759860#msg
"WWG1 WGA
*
Q
840
Mar 4 2018 11:16:22 Q !UW.yye1fxo ID: 33be38 548129
Do you believe in coincidences?
WH suicide.
Hannity intruder.
Narrative.
THREAT.
Q
839
Mar 4 2018 01:46:40 Q !UW.yye1fxo 457
Do you trust the MSM?
Do you trust Facebook?
Do you trust Google?
Do you trust Youtube?
Do you trust Twitter?
Narrative.
Censorship.
Do not blindly believe.
FAKE.
They want you DIVIDED.
TOGETHER, YOU ARE STRONG.
APART, YOU ARE WEAK.
ORGANIZE.
CHALLENGE.
FIGHT.
DO YOU THINK ANTIFA WAS GROWN ORGANICALLY?
Purpose?
Watch the news this week.
Q
*
Mar 3 2018 23:42:23 Q !UW.yye1fxo ID: 9dc69f 544501
Reality is labeled as conspiracy.
You are made to feel crazy.
You are told to obey.
You are SHEEP to them.
Pawns to be sacrificed.
REMEMBER, WE ARE WINNING, DO NOT TRUST WHAT YOU READ.
MIND WARFARE.
LEFT IS RIGHT.
BOOM.
Q
*
Where we go one, we go ALL.
Q
*
Mar 3 2018 23:03:59 Q !UW.yye1fxo ID: 85cc02 544060
Stay TOGETHER.
Be STRONG.
Get ORGANIZED.
Be HEARD.
FIGHT the censorship.
You, the PEOPLE, have ALL the POWER.
You simply forgot how to PLAY.
TOGETHER you are INVINCIBLE.
They want you divided.
They want you silenced.
MAKE NOISE.
We are WITH you.
MAKE IT RAIN.
Q",Sweet Tea,2018-03-17 00:18:21 UTC,https://discordleaks.unicornriot.ninja/discord/view/6759861#msg
,Sweet Tea,2018-03-17 00:19:02 UTC,https://discordleaks.unicornriot.ninja/discord/view/6759862#msg
,Sweet Tea,2018-03-17 00:19:24 UTC,https://discordleaks.unicornriot.ninja/discord/view/6759863#msg
,Sweet Tea,2018-03-17 00:19:49 UTC,https://discordleaks.unicornriot.ninja/discord/view/6759864#msg
,Sweet Tea,2018-03-17 00:20:08 UTC,https://discordleaks.unicornriot.ninja/discord/view/6759865#msg
,Sweet Tea,2018-03-17 00:20:24 UTC,https://discordleaks.unicornriot.ninja/discord/view/6759866#msg
,Sweet Tea,2018-03-17 00:20:43 UTC,https://discordleaks.unicornriot.ninja/discord/view/6759867#msg
,Sweet Tea,2018-03-17 00:21:07 UTC,https://discordleaks.unicornriot.ninja/discord/view/6759868#msg
,Sweet Tea,2018-03-17 00:21:26 UTC,https://discordleaks.unicornriot.ninja/discord/view/6759869#msg
,Sweet Tea,2018-03-17 00:21:45 UTC,https://discordleaks.unicornriot.ninja/discord/view/6759870#msg
,Sweet Tea,2018-03-17 00:22:01 UTC,https://discordleaks.unicornriot.ninja/discord/view/6759871#msg
,Sweet Tea,2018-03-17 00:22:22 UTC,https://discordleaks.unicornriot.ninja/discord/view/6759872#msg
,Sweet Tea,2018-03-17 00:22:55 UTC,https://discordleaks.unicornriot.ninja/discord/view/6759873#msg
,Sweet Tea,2018-03-17 00:23:13 UTC,https://discordleaks.unicornriot.ninja/discord/view/6759874#msg
,Sweet Tea,2018-03-17 00:23:30 UTC,https://discordleaks.unicornriot.ninja/discord/view/6759875#msg
,Sweet Tea,2018-03-17 00:23:56 UTC,https://discordleaks.unicornriot.ninja/discord/view/6759876#msg
,Sweet Tea,2018-03-17 00:24:15 UTC,https://discordleaks.unicornriot.ninja/discord/view/6759877#msg
,Sweet Tea,2018-03-17 00:24:33 UTC,https://discordleaks.unicornriot.ninja/discord/view/6759878#msg
,Sweet Tea,2018-03-17 00:24:53 UTC,https://discordleaks.unicornriot.ninja/discord/view/6759779#msg
,Sweet Tea,2018-03-17 00:25:18 UTC,https://discordleaks.unicornriot.ninja/discord/view/6759780#msg
,Sweet Tea,2018-03-17 00:25:40 UTC,https://discordleaks.unicornriot.ninja/discord/view/6759781#msg
,Sweet Tea,2018-03-17 00:26:31 UTC,https://discordleaks.unicornriot.ninja/discord/view/6759782#msg
"VIMEO: www.vimeo.com/dustinnemos
*
www.gab.ai/nemoV
*
www.patreon.com/DustinNemos https://donorbox.org/support-dustin-n... 1time /recurring donation options
*
twitter - @Nemov8 Mailchimp Email Opt-in - http://eepurl.com/dh49Yn
*
CENSORED: Youtube Bans me, Gofundme Bans me, New York Times Comes after me, And what we can do about it. https://d.tube/#!/v/nemosnews/08fy0fcx https://www.youtube.com/channel/UCQ7V...
*
https://discord.gg/Ac8sFp2 - Discord Chat Room",Sweet Tea,2018-03-17 00:40:59 UTC,https://discordleaks.unicornriot.ninja/discord/view/6759783#msg
,Sweet Tea,2018-03-17 19:14:27 UTC,https://discordleaks.unicornriot.ninja/discord/view/6759784#msg
,Sweet Tea,2018-03-17 19:15:27 UTC,https://discordleaks.unicornriot.ninja/discord/view/6759785#msg
,Sweet Tea,2018-03-17 19:17:37 UTC,https://discordleaks.unicornriot.ninja/discord/view/6759786#msg
,Sweet Tea,2018-03-17 19:18:12 UTC,https://discordleaks.unicornriot.ninja/discord/view/6759787#msg
,Sweet Tea,2018-03-17 19:18:31 UTC,https://discordleaks.unicornriot.ninja/discord/view/6759788#msg
,Sweet Tea,2018-03-17 19:28:24 UTC,https://discordleaks.unicornriot.ninja/discord/view/6759789#msg
https://www.youtube.com/watch?v=SWCMSA7Tid4,Sweet Tea,2018-03-18 02:18:35 UTC,https://discordleaks.unicornriot.ninja/discord/view/6759790#msg
https://www.facebook.com/thetrumpsterfirebyhuffpost/videos/173272759967732/,Sweet Tea,2018-03-18 05:07:50 UTC,https://discordleaks.unicornriot.ninja/discord/view/6759791#msg
https://www.youtube.com/watch?v=3txz9HkufCY,Sweet Tea,2018-03-18 23:29:33 UTC,https://discordleaks.unicornriot.ninja/discord/view/6759792#msg
,Sweet Tea,2018-03-18 23:54:40 UTC,https://discordleaks.unicornriot.ninja/discord/view/6759793#msg
,Sweet Tea,2018-03-18 23:55:37 UTC,https://discordleaks.unicornriot.ninja/discord/view/6759794#msg
,Sweet Tea,2018-03-18 23:58:29 UTC,https://discordleaks.unicornriot.ninja/discord/view/6759795#msg
,Sweet Tea,2018-03-18 23:58:38 UTC,https://discordleaks.unicornriot.ninja/discord/view/6759796#msg
https://petitions.whitehouse.gov/petition/internet-bill-rights-2,Sweet Tea,2018-03-19 09:43:13 UTC,https://discordleaks.unicornriot.ninja/discord/view/6759797#msg
PUSH PLEASE! MAKE IT GO VIRAL! https://www.youtube.com/watch?v=G2qIXXafxCQ&feature=youtu.be,Sweet Tea,2018-03-19 10:54:33 UTC,https://discordleaks.unicornriot.ninja/discord/view/6759798#msg
https://www.youtube.com/watch?v=3lRI-Cbvnh8,Nightwolf.j2,2018-03-19 12:09:58 UTC,https://discordleaks.unicornriot.ninja/discord/view/6759799#msg
"M. - Today at 7:10 AM
@everyone POTUS needs our help! Please post and re-post this vid on any and all social media platforms at your personal disposal immediately - all hands on deck! This is not a drill... if you are here to help take back America - please do this right now. Thank You. https://youtu.be/G2qIXXafxCQ
YouTube
Berikande Mångfald
This Video Will Get Donald Trump Elected",Sweet Tea,2018-03-19 23:59:56 UTC,https://discordleaks.unicornriot.ninja/discord/view/6759800#msg
,Sweet Tea,2018-03-20 00:15:13 UTC,https://discordleaks.unicornriot.ninja/discord/view/6759801#msg
,Sweet Tea,2018-03-20 00:16:47 UTC,https://discordleaks.unicornriot.ninja/discord/view/6759802#msg
,Sweet Tea,2018-03-20 00:17:16 UTC,https://discordleaks.unicornriot.ninja/discord/view/6759803#msg
Marsha - Last Saturday at 4:38 PM,Sweet Tea,2018-03-20 00:18:09 UTC,https://discordleaks.unicornriot.ninja/discord/view/6759804#msg
Marsha - Last Saturday at 4:38 PM,Sweet Tea,2018-03-20 00:18:55 UTC,https://discordleaks.unicornriot.ninja/discord/view/6759805#msg
,Sweet Tea,2018-03-20 00:21:11 UTC,https://discordleaks.unicornriot.ninja/discord/view/6759806#msg
,Sweet Tea,2018-03-20 00:21:32 UTC,https://discordleaks.unicornriot.ninja/discord/view/6759807#msg
,Sweet Tea,2018-03-20 00:23:13 UTC,https://discordleaks.unicornriot.ninja/discord/view/6759808#msg
,Sweet Tea,2018-03-20 00:24:41 UTC,https://discordleaks.unicornriot.ninja/discord/view/6759809#msg
,Sweet Tea,2018-03-20 00:25:20 UTC,https://discordleaks.unicornriot.ninja/discord/view/6759810#msg
,Sweet Tea,2018-03-20 00:25:46 UTC,https://discordleaks.unicornriot.ninja/discord/view/6759811#msg
,Sweet Tea,2018-03-20 00:26:10 UTC,https://discordleaks.unicornriot.ninja/discord/view/6759812#msg
,Sweet Tea,2018-03-20 00:26:38 UTC,https://discordleaks.unicornriot.ninja/discord/view/6759813#msg
,Sweet Tea,2018-03-20 00:27:02 UTC,https://discordleaks.unicornriot.ninja/discord/view/6759814#msg
,Sweet Tea,2018-03-20 00:27:31 UTC,https://discordleaks.unicornriot.ninja/discord/view/6759815#msg
,Sweet Tea,2018-03-20 00:27:56 UTC,https://discordleaks.unicornriot.ninja/discord/view/6759816#msg
,Sweet Tea,2018-03-20 00:29:01 UTC,https://discordleaks.unicornriot.ninja/discord/view/6759817#msg
,Sweet Tea,2018-03-20 04:50:20 UTC,https://discordleaks.unicornriot.ninja/discord/view/6759818#msg
https://www.youtube.com/watch?v=vY0Newz65ZU,Sweet Tea,2018-03-20 04:57:48 UTC,https://discordleaks.unicornriot.ninja/discord/view/6759819#msg
https://media.discordapp.net/attachments/413932180926889986/425897905493245953/29425775_1977610525601518_5106665086437556224_n.jpg,Nightwolf.j2,2018-03-21 10:06:21 UTC,https://discordleaks.unicornriot.ninja/discord/view/6759820#msg
Saw it from another thread in here cracked me up. xD,Nightwolf.j2,2018-03-21 10:06:34 UTC,https://discordleaks.unicornriot.ninja/discord/view/6759821#msg
,Sweet Tea,2018-03-22 16:07:28 UTC,https://discordleaks.unicornriot.ninja/discord/view/6759822#msg
,Romans 6,2018-03-24 16:02:42 UTC,https://discordleaks.unicornriot.ninja/discord/view/6759823#msg
@AnonBB,MamaLana Sourdough,2018-04-03 04:15:07 UTC,https://discordleaks.unicornriot.ninja/discord/view/6759824#msg
@MamaLana Sourdough 👌🏽,AnonBB,2018-04-03 07:10:09 UTC,https://discordleaks.unicornriot.ninja/discord/view/6759825#msg
"If you are interested in helping Dustin, please DM me so that I can change your role and give you access to different room. We need people from different time zones to cover this and to make sure we are not over sharing/overlapping in various groups. For now, share his vids where you can. https://youtu.be/Ry4GSEqIrt0",MamaLana Sourdough,2018-05-20 15:27:48 UTC,https://discordleaks.unicornriot.ninja/discord/view/6759826#msg
Dustin's newest video to share : https://youtu.be/FtqZmpHmM-s,AnonBB,2018-05-22 07:41:55 UTC,https://discordleaks.unicornriot.ninja/discord/view/6759827#msg
https://petitions.whitehouse.gov/petition/censure-senator-dianne-feinstein,MamaLana Sourdough,2018-09-29 02:02:19 UTC,https://discordleaks.unicornriot.ninja/discord/view/6759828#msg
