USER,META,LINK,ATTACHMENTS
shieldOFaith,2018-10-12 04:13:28 UTC,https://discordleaks.unicornriot.ninja/discord/view/6898002#msg
LukeAG,2018-10-12 04:15:30 UTC,https://discordleaks.unicornriot.ninja/discord/view/6898003#msg
SirW00f,2018-10-12 05:02:47 UTC,https://discordleaks.unicornriot.ninja/discord/view/6898004#msg
Ms. Spooky,2018-10-12 06:18:47 UTC,https://discordleaks.unicornriot.ninja/discord/view/6897952#msg
TxnPat4evr 🇨🇱,2018-10-13 01:48:04 UTC,https://discordleaks.unicornriot.ninja/discord/view/6897953#msg
Saschak,2018-10-13 09:38:34 UTC,https://discordleaks.unicornriot.ninja/discord/view/6897954#msg
hitchhiker,2018-10-13 19:11:23 UTC,https://discordleaks.unicornriot.ninja/discord/view/6897955#msg
shieldOFaith,2018-10-15 21:04:07 UTC,https://discordleaks.unicornriot.ninja/discord/view/6897956#msg
lmbd,2018-10-15 23:32:34 UTC,https://discordleaks.unicornriot.ninja/discord/view/6897957#msg
MamaLana Sourdough,2018-10-16 05:48:32 UTC,https://discordleaks.unicornriot.ninja/discord/view/6897958#msg
LukeAG,2018-10-17 12:48:56 UTC,https://discordleaks.unicornriot.ninja/discord/view/6897959#msg
MrDurden,2018-11-05 19:43:46 UTC,https://discordleaks.unicornriot.ninja/discord/view/6897960#msg
MrDurden,2018-11-05 19:44:09 UTC,https://discordleaks.unicornriot.ninja/discord/view/6897961#msg
MrDurden,2018-11-05 19:44:14 UTC,https://discordleaks.unicornriot.ninja/discord/view/6897962#msg
hitchhiker,2018-11-18 15:55:58 UTC,https://discordleaks.unicornriot.ninja/discord/view/6897963#msg
MrDurden,2018-11-18 20:57:58 UTC,https://discordleaks.unicornriot.ninja/discord/view/6897964#msg
MrDurden,2018-11-18 20:58:09 UTC,https://discordleaks.unicornriot.ninja/discord/view/6897965#msg
hitchhiker,2018-11-23 19:24:10 UTC,https://discordleaks.unicornriot.ninja/discord/view/6897966#msg
MrDurden,2018-11-23 19:26:13 UTC,https://discordleaks.unicornriot.ninja/discord/view/6897967#msg
hitchhiker,2018-11-24 19:52:20 UTC,https://discordleaks.unicornriot.ninja/discord/view/6897968#msg
MamaLana Sourdough,2018-12-31 04:17:55 UTC,https://discordleaks.unicornriot.ninja/discord/view/6897969#msg
Ronsheckelson,2018-12-31 04:23:48 UTC,https://discordleaks.unicornriot.ninja/discord/view/6897970#msg
Laurie,2018-12-31 04:27:01 UTC,https://discordleaks.unicornriot.ninja/discord/view/6897971#msg
MamaLana Sourdough,2018-12-31 10:40:36 UTC,https://discordleaks.unicornriot.ninja/discord/view/6897972#msg
SirW00f,2018-12-31 10:43:27 UTC,https://discordleaks.unicornriot.ninja/discord/view/6897973#msg
SirW00f,2018-12-31 10:44:45 UTC,https://discordleaks.unicornriot.ninja/discord/view/6897974#msg
MamaLana Sourdough,2019-01-01 07:01:36 UTC,https://discordleaks.unicornriot.ninja/discord/view/6897975#msg
prichvisalia,2019-01-06 16:48:57 UTC,https://discordleaks.unicornriot.ninja/discord/view/6897976#msg
prichvisalia,2019-01-07 16:38:22 UTC,https://discordleaks.unicornriot.ninja/discord/view/6897977#msg
nistasia,2019-01-19 10:30:11 UTC,https://discordleaks.unicornriot.ninja/discord/view/6897978#msg
reeves27,2019-01-19 15:20:12 UTC,https://discordleaks.unicornriot.ninja/discord/view/6897979#msg
reeves27,2019-01-19 15:20:51 UTC,https://discordleaks.unicornriot.ninja/discord/view/6897980#msg
reeves27,2019-01-19 15:21:43 UTC,https://discordleaks.unicornriot.ninja/discord/view/6897981#msg
reeves27,2019-01-19 15:22:02 UTC,https://discordleaks.unicornriot.ninja/discord/view/6897982#msg
lmbd,2019-01-19 21:10:35 UTC,https://discordleaks.unicornriot.ninja/discord/view/6897983#msg
Benzschwagel,2019-02-24 21:54:14 UTC,https://discordleaks.unicornriot.ninja/discord/view/6897984#msg
Rwstubbz,2019-03-09 19:40:59 UTC,https://discordleaks.unicornriot.ninja/discord/view/6897985#msg
SirW00f,2019-03-09 19:42:51 UTC,https://discordleaks.unicornriot.ninja/discord/view/6897986#msg
SirW00f,2019-03-09 19:43:04 UTC,https://discordleaks.unicornriot.ninja/discord/view/6897987#msg
Rwstubbz,2019-03-09 19:44:25 UTC,https://discordleaks.unicornriot.ninja/discord/view/6897988#msg
Rwstubbz,2019-03-09 19:46:34 UTC,https://discordleaks.unicornriot.ninja/discord/view/6897989#msg
Rwstubbz,2019-03-09 19:47:44 UTC,https://discordleaks.unicornriot.ninja/discord/view/6897990#msg
SirW00f,2019-03-09 19:49:42 UTC,https://discordleaks.unicornriot.ninja/discord/view/6897991#msg
SirW00f,2019-03-09 19:50:20 UTC,https://discordleaks.unicornriot.ninja/discord/view/6897992#msg
SirW00f,2019-03-09 19:51:27 UTC,https://discordleaks.unicornriot.ninja/discord/view/6897993#msg
Rwstubbz,2019-03-09 19:52:52 UTC,https://discordleaks.unicornriot.ninja/discord/view/6897994#msg
Red Car,2019-03-09 20:00:05 UTC,https://discordleaks.unicornriot.ninja/discord/view/6897995#msg
Red Car,2019-03-09 20:00:49 UTC,https://discordleaks.unicornriot.ninja/discord/view/6897996#msg
Red Car,2019-03-09 20:01:13 UTC,https://discordleaks.unicornriot.ninja/discord/view/6897997#msg
Rwstubbz,2019-03-09 20:02:09 UTC,https://discordleaks.unicornriot.ninja/discord/view/6897998#msg
Rwstubbz,2019-03-09 20:02:34 UTC,https://discordleaks.unicornriot.ninja/discord/view/6897999#msg
Rwstubbz,2019-03-09 20:02:46 UTC,https://discordleaks.unicornriot.ninja/discord/view/6898000#msg
Red Car,2019-03-09 20:02:49 UTC,https://discordleaks.unicornriot.ninja/discord/view/6898001#msg
Rwstubbz,2019-03-09 20:03:25 UTC,https://discordleaks.unicornriot.ninja/discord/view/6897902#msg
Rwstubbz,2019-03-09 20:03:52 UTC,https://discordleaks.unicornriot.ninja/discord/view/6897903#msg
Red Car,2019-03-09 20:04:15 UTC,https://discordleaks.unicornriot.ninja/discord/view/6897904#msg
Red Car,2019-03-09 20:04:38 UTC,https://discordleaks.unicornriot.ninja/discord/view/6897905#msg
SirW00f,2019-03-09 20:13:33 UTC,https://discordleaks.unicornriot.ninja/discord/view/6897906#msg
SirW00f,2019-03-09 20:13:57 UTC,https://discordleaks.unicornriot.ninja/discord/view/6897907#msg
lmbd,2019-03-09 23:04:56 UTC,https://discordleaks.unicornriot.ninja/discord/view/6897908#msg
Rwstubbz,2019-03-10 02:30:32 UTC,https://discordleaks.unicornriot.ninja/discord/view/6897909#msg
Rwstubbz,2019-03-10 02:30:59 UTC,https://discordleaks.unicornriot.ninja/discord/view/6897910#msg
Rwstubbz,2019-03-10 02:32:36 UTC,https://discordleaks.unicornriot.ninja/discord/view/6897911#msg
MamaLana Sourdough,2019-03-10 02:34:48 UTC,https://discordleaks.unicornriot.ninja/discord/view/6897912#msg
BOOM,2019-03-10 02:37:22 UTC,https://discordleaks.unicornriot.ninja/discord/view/6897913#msg
Red Car,2019-03-10 02:37:29 UTC,https://discordleaks.unicornriot.ninja/discord/view/6897914#msg
Red Car,2019-03-10 02:44:47 UTC,https://discordleaks.unicornriot.ninja/discord/view/6897915#msg
Rwstubbz,2019-03-10 03:49:11 UTC,https://discordleaks.unicornriot.ninja/discord/view/6897916#msg
Rwstubbz,2019-03-10 03:50:27 UTC,https://discordleaks.unicornriot.ninja/discord/view/6897917#msg
Rwstubbz,2019-03-10 03:52:00 UTC,https://discordleaks.unicornriot.ninja/discord/view/6897918#msg
MamaLana Sourdough,2019-03-10 04:25:01 UTC,https://discordleaks.unicornriot.ninja/discord/view/6897919#msg
MamaLana Sourdough,2019-03-10 04:29:35 UTC,https://discordleaks.unicornriot.ninja/discord/view/6897920#msg
Mr.E Mystery,2019-03-10 04:34:57 UTC,https://discordleaks.unicornriot.ninja/discord/view/6897921#msg
Mr.E Mystery,2019-03-10 04:35:35 UTC,https://discordleaks.unicornriot.ninja/discord/view/6897922#msg
Mr.E Mystery,2019-03-10 04:39:04 UTC,https://discordleaks.unicornriot.ninja/discord/view/6897923#msg
MamaLana Sourdough,2019-03-10 04:39:14 UTC,https://discordleaks.unicornriot.ninja/discord/view/6897924#msg
Mr.E Mystery,2019-03-10 04:39:32 UTC,https://discordleaks.unicornriot.ninja/discord/view/6897925#msg
Mr.E Mystery,2019-03-10 04:40:13 UTC,https://discordleaks.unicornriot.ninja/discord/view/6897926#msg
Mr.E Mystery,2019-03-10 04:43:00 UTC,https://discordleaks.unicornriot.ninja/discord/view/6897927#msg
Mr.E Mystery,2019-03-10 04:43:13 UTC,https://discordleaks.unicornriot.ninja/discord/view/6897928#msg
Red Car,2019-03-10 04:43:33 UTC,https://discordleaks.unicornriot.ninja/discord/view/6897929#msg
Mr.E Mystery,2019-03-10 04:43:44 UTC,https://discordleaks.unicornriot.ninja/discord/view/6897930#msg
Mr.E Mystery,2019-03-10 04:43:58 UTC,https://discordleaks.unicornriot.ninja/discord/view/6897931#msg
Red Car,2019-03-10 04:44:09 UTC,https://discordleaks.unicornriot.ninja/discord/view/6897932#msg
Mr.E Mystery,2019-03-10 04:44:51 UTC,https://discordleaks.unicornriot.ninja/discord/view/6897933#msg
Mr.E Mystery,2019-03-10 04:45:05 UTC,https://discordleaks.unicornriot.ninja/discord/view/6897934#msg
Red Car,2019-03-10 04:45:21 UTC,https://discordleaks.unicornriot.ninja/discord/view/6897935#msg
Mr.E Mystery,2019-03-10 04:45:25 UTC,https://discordleaks.unicornriot.ninja/discord/view/6897936#msg
Mr.E Mystery,2019-03-10 04:45:50 UTC,https://discordleaks.unicornriot.ninja/discord/view/6897937#msg
MamaLana Sourdough,2019-03-10 04:45:54 UTC,https://discordleaks.unicornriot.ninja/discord/view/6897938#msg
Red Car,2019-03-10 04:45:55 UTC,https://discordleaks.unicornriot.ninja/discord/view/6897939#msg
Mr.E Mystery,2019-03-10 04:46:10 UTC,https://discordleaks.unicornriot.ninja/discord/view/6897940#msg
Mr.E Mystery,2019-03-10 04:46:24 UTC,https://discordleaks.unicornriot.ninja/discord/view/6897941#msg
MamaLana Sourdough,2019-03-10 04:46:26 UTC,https://discordleaks.unicornriot.ninja/discord/view/6897942#msg
Red Car,2019-03-10 04:46:48 UTC,https://discordleaks.unicornriot.ninja/discord/view/6897943#msg
Mr.E Mystery,2019-03-10 04:46:49 UTC,https://discordleaks.unicornriot.ninja/discord/view/6897944#msg
Red Car,2019-03-10 04:47:02 UTC,https://discordleaks.unicornriot.ninja/discord/view/6897945#msg
Red Car,2019-03-10 04:47:12 UTC,https://discordleaks.unicornriot.ninja/discord/view/6897946#msg
MamaLana Sourdough,2019-03-10 04:47:16 UTC,https://discordleaks.unicornriot.ninja/discord/view/6897947#msg
Red Car,2019-03-10 04:47:25 UTC,https://discordleaks.unicornriot.ninja/discord/view/6897948#msg
Red Car,2019-03-10 04:47:50 UTC,https://discordleaks.unicornriot.ninja/discord/view/6897949#msg
MamaLana Sourdough,2019-03-10 04:47:52 UTC,https://discordleaks.unicornriot.ninja/discord/view/6897950#msg
Mr.E Mystery,2019-03-10 04:48:01 UTC,https://discordleaks.unicornriot.ninja/discord/view/6897951#msg
Red Car,2019-03-10 04:48:05 UTC,https://discordleaks.unicornriot.ninja/discord/view/6897852#msg
MamaLana Sourdough,2019-03-10 04:48:13 UTC,https://discordleaks.unicornriot.ninja/discord/view/6897853#msg
MamaLana Sourdough,2019-03-10 04:48:41 UTC,https://discordleaks.unicornriot.ninja/discord/view/6897854#msg
Mr.E Mystery,2019-03-10 04:48:49 UTC,https://discordleaks.unicornriot.ninja/discord/view/6897855#msg
MamaLana Sourdough,2019-03-10 04:49:07 UTC,https://discordleaks.unicornriot.ninja/discord/view/6897856#msg
Mr.E Mystery,2019-03-10 04:49:33 UTC,https://discordleaks.unicornriot.ninja/discord/view/6897857#msg
MamaLana Sourdough,2019-03-10 04:49:38 UTC,https://discordleaks.unicornriot.ninja/discord/view/6897858#msg
Mr.E Mystery,2019-03-10 04:50:37 UTC,https://discordleaks.unicornriot.ninja/discord/view/6897859#msg
Mr.E Mystery,2019-03-10 04:50:50 UTC,https://discordleaks.unicornriot.ninja/discord/view/6897860#msg
MamaLana Sourdough,2019-03-10 04:52:04 UTC,https://discordleaks.unicornriot.ninja/discord/view/6897861#msg
Mr.E Mystery,2019-03-10 04:53:27 UTC,https://discordleaks.unicornriot.ninja/discord/view/6897862#msg
Mr.E Mystery,2019-03-10 04:53:43 UTC,https://discordleaks.unicornriot.ninja/discord/view/6897863#msg
Mr.E Mystery,2019-03-10 04:53:46 UTC,https://discordleaks.unicornriot.ninja/discord/view/6897864#msg
MamaLana Sourdough,2019-03-10 04:56:00 UTC,https://discordleaks.unicornriot.ninja/discord/view/6897865#msg
MamaLana Sourdough,2019-03-10 04:56:31 UTC,https://discordleaks.unicornriot.ninja/discord/view/6897866#msg
Mr.E Mystery,2019-03-10 04:57:28 UTC,https://discordleaks.unicornriot.ninja/discord/view/6897867#msg
Mr.E Mystery,2019-03-10 04:58:49 UTC,https://discordleaks.unicornriot.ninja/discord/view/6897868#msg
Mr.E Mystery,2019-03-10 04:58:53 UTC,https://discordleaks.unicornriot.ninja/discord/view/6897869#msg
Mr.E Mystery,2019-03-10 04:58:57 UTC,https://discordleaks.unicornriot.ninja/discord/view/6897870#msg
MamaLana Sourdough,2019-03-10 05:00:30 UTC,https://discordleaks.unicornriot.ninja/discord/view/6897871#msg
Mr.E Mystery,2019-03-10 05:01:13 UTC,https://discordleaks.unicornriot.ninja/discord/view/6897872#msg
MamaLana Sourdough,2019-03-10 05:05:49 UTC,https://discordleaks.unicornriot.ninja/discord/view/6897873#msg
Mr.E Mystery,2019-03-10 05:07:18 UTC,https://discordleaks.unicornriot.ninja/discord/view/6897874#msg
Mr.E Mystery,2019-03-10 05:07:25 UTC,https://discordleaks.unicornriot.ninja/discord/view/6897875#msg
Steven_m,2019-03-10 05:17:57 UTC,https://discordleaks.unicornriot.ninja/discord/view/6897876#msg
Steven_m,2019-03-10 05:18:48 UTC,https://discordleaks.unicornriot.ninja/discord/view/6897877#msg
MamaLana Sourdough,2019-03-10 05:21:44 UTC,https://discordleaks.unicornriot.ninja/discord/view/6897878#msg
Mr.E Mystery,2019-03-10 05:25:54 UTC,https://discordleaks.unicornriot.ninja/discord/view/6897879#msg
Mr.E Mystery,2019-03-10 05:26:01 UTC,https://discordleaks.unicornriot.ninja/discord/view/6897880#msg
Mr.E Mystery,2019-03-10 05:26:11 UTC,https://discordleaks.unicornriot.ninja/discord/view/6897881#msg
lmbd,2019-03-10 05:27:19 UTC,https://discordleaks.unicornriot.ninja/discord/view/6897882#msg
Mr.E Mystery,2019-03-10 05:27:32 UTC,https://discordleaks.unicornriot.ninja/discord/view/6897883#msg
Mr.E Mystery,2019-03-10 05:28:01 UTC,https://discordleaks.unicornriot.ninja/discord/view/6897884#msg
Mr.E Mystery,2019-03-10 05:28:18 UTC,https://discordleaks.unicornriot.ninja/discord/view/6897885#msg
Mr.E Mystery,2019-03-10 05:28:22 UTC,https://discordleaks.unicornriot.ninja/discord/view/6897886#msg
Mr.E Mystery,2019-03-10 05:28:37 UTC,https://discordleaks.unicornriot.ninja/discord/view/6897887#msg
Valsue,2019-03-10 06:11:02 UTC,https://discordleaks.unicornriot.ninja/discord/view/6897888#msg
V77,2019-03-10 14:55:28 UTC,https://discordleaks.unicornriot.ninja/discord/view/6897889#msg
V77,2019-03-10 14:55:50 UTC,https://discordleaks.unicornriot.ninja/discord/view/6897890#msg
SirW00f,2019-03-10 18:03:34 UTC,https://discordleaks.unicornriot.ninja/discord/view/6897891#msg
brian.takita,2019-03-10 22:02:33 UTC,https://discordleaks.unicornriot.ninja/discord/view/6897892#msg
brian.takita,2019-03-10 22:05:56 UTC,https://discordleaks.unicornriot.ninja/discord/view/6897893#msg
brian.takita,2019-03-10 22:06:50 UTC,https://discordleaks.unicornriot.ninja/discord/view/6897894#msg
brian.takita,2019-03-10 22:10:07 UTC,https://discordleaks.unicornriot.ninja/discord/view/6897895#msg
Mr.E Mystery,2019-03-11 21:51:21 UTC,https://discordleaks.unicornriot.ninja/discord/view/6897896#msg
brian.takita,2019-03-12 00:44:27 UTC,https://discordleaks.unicornriot.ninja/discord/view/6897897#msg
brian.takita,2019-03-12 00:45:41 UTC,https://discordleaks.unicornriot.ninja/discord/view/6897898#msg
brian.takita,2019-03-12 00:46:06 UTC,https://discordleaks.unicornriot.ninja/discord/view/6897899#msg
Mr.E Mystery,2019-03-12 19:35:21 UTC,https://discordleaks.unicornriot.ninja/discord/view/6897900#msg
brian.takita,2019-03-16 03:16:36 UTC,https://discordleaks.unicornriot.ninja/discord/view/6897901#msg
Joel,2019-03-21 00:08:51 UTC,https://discordleaks.unicornriot.ninja/discord/view/16481437#msg
Joel,2019-03-22 22:41:35 UTC,https://discordleaks.unicornriot.ninja/discord/view/16481438#msg
WaitingReady,2019-03-26 12:50:56 UTC,https://discordleaks.unicornriot.ninja/discord/view/16481439#msg
reclaimthelaw,2019-04-05 12:42:12 UTC,https://discordleaks.unicornriot.ninja/discord/view/16481440#msg
BlokkiMedia,2019-04-19 07:51:16 UTC,https://discordleaks.unicornriot.ninja/discord/view/16481441#msg
Elijah,2019-06-16 09:26:23 UTC,https://discordleaks.unicornriot.ninja/discord/view/16481442#msg
Elijah,2019-06-16 09:29:00 UTC,https://discordleaks.unicornriot.ninja/discord/view/16481443#msg
Jumbledwords,2019-08-07 16:16:22 UTC,https://discordleaks.unicornriot.ninja/discord/view/16481444#msg
Wildebourne,2019-08-15 07:41:12 UTC,https://discordleaks.unicornriot.ninja/discord/view/16481445#msg
SirW00f,2019-08-15 07:42:04 UTC,https://discordleaks.unicornriot.ninja/discord/view/16481446#msg
$BSTY,2019-10-10 05:45:36 UTC,https://discordleaks.unicornriot.ninja/discord/view/16487520#msg
Yesod,2019-10-19 18:11:15 UTC,https://discordleaks.unicornriot.ninja/discord/view/16488712#msg
Benzschwagel,2019-10-27 04:04:59 UTC,https://discordleaks.unicornriot.ninja/discord/view/17770801#msg
Benzschwagel,2019-10-27 04:05:04 UTC,https://discordleaks.unicornriot.ninja/discord/view/17770802#msg
Benzschwagel,2019-10-27 04:06:03 UTC,https://discordleaks.unicornriot.ninja/discord/view/17770803#msg
Benzschwagel,2019-10-27 04:15:10 UTC,https://discordleaks.unicornriot.ninja/discord/view/17770804#msg
