USER,META,LINK,ATTACHMENTS
hitchhiker,2018-09-30 15:17:01 UTC,https://discordleaks.unicornriot.ninja/discord/view/6900199#msg
hitchhiker,2018-09-30 15:17:48 UTC,https://discordleaks.unicornriot.ninja/discord/view/6900200#msg
hitchhiker,2018-09-30 15:18:58 UTC,https://discordleaks.unicornriot.ninja/discord/view/6900201#msg
hitchhiker,2018-09-30 15:19:26 UTC,https://discordleaks.unicornriot.ninja/discord/view/6900202#msg
hitchhiker,2018-10-01 00:30:04 UTC,https://discordleaks.unicornriot.ninja/discord/view/6900203#msg
hitchhiker,2018-10-01 00:30:56 UTC,https://discordleaks.unicornriot.ninja/discord/view/6900149#msg
Xenios2011,2018-10-01 19:43:07 UTC,https://discordleaks.unicornriot.ninja/discord/view/6900150#msg
hitchhiker,2018-10-04 16:22:36 UTC,https://discordleaks.unicornriot.ninja/discord/view/6900151#msg
hitchhiker,2018-10-06 16:32:03 UTC,https://discordleaks.unicornriot.ninja/discord/view/6900152#msg
hitchhiker,2018-10-06 16:35:04 UTC,https://discordleaks.unicornriot.ninja/discord/view/6900153#msg
TxnPat4evr 🇨🇱,2018-10-06 20:44:10 UTC,https://discordleaks.unicornriot.ninja/discord/view/6900154#msg
TxnPat4evr 🇨🇱,2018-10-06 20:50:14 UTC,https://discordleaks.unicornriot.ninja/discord/view/6900155#msg
hitchhiker,2018-10-07 17:31:18 UTC,https://discordleaks.unicornriot.ninja/discord/view/6900156#msg
TxnPat4evr 🇨🇱,2018-10-07 19:16:38 UTC,https://discordleaks.unicornriot.ninja/discord/view/6900157#msg
SirW00f,2018-10-08 22:47:55 UTC,https://discordleaks.unicornriot.ninja/discord/view/6900158#msg
hitchhiker,2018-10-10 14:25:53 UTC,https://discordleaks.unicornriot.ninja/discord/view/6900159#msg
hitchhiker,2018-10-10 14:26:32 UTC,https://discordleaks.unicornriot.ninja/discord/view/6900160#msg
SirW00f,2018-10-10 22:22:32 UTC,https://discordleaks.unicornriot.ninja/discord/view/6900161#msg
oneofhis1,2018-10-11 16:15:43 UTC,https://discordleaks.unicornriot.ninja/discord/view/6900162#msg
Jimbo,2018-10-11 22:30:22 UTC,https://discordleaks.unicornriot.ninja/discord/view/6900163#msg
Maga gal,2018-10-13 14:49:02 UTC,https://discordleaks.unicornriot.ninja/discord/view/6900164#msg
hitchhiker,2018-10-13 16:06:46 UTC,https://discordleaks.unicornriot.ninja/discord/view/6900165#msg
hitchhiker,2018-10-13 16:07:13 UTC,https://discordleaks.unicornriot.ninja/discord/view/6900166#msg
hitchhiker,2018-10-13 16:13:40 UTC,https://discordleaks.unicornriot.ninja/discord/view/6900167#msg
hitchhiker,2018-10-13 16:13:59 UTC,https://discordleaks.unicornriot.ninja/discord/view/6900168#msg
hitchhiker,2018-10-13 16:15:21 UTC,https://discordleaks.unicornriot.ninja/discord/view/6900169#msg
hitchhiker,2018-10-13 16:21:07 UTC,https://discordleaks.unicornriot.ninja/discord/view/6900170#msg
hitchhiker,2018-10-13 16:29:47 UTC,https://discordleaks.unicornriot.ninja/discord/view/6900171#msg
hitchhiker,2018-10-13 16:30:16 UTC,https://discordleaks.unicornriot.ninja/discord/view/6900172#msg
hitchhiker,2018-10-13 18:54:16 UTC,https://discordleaks.unicornriot.ninja/discord/view/6900173#msg
lmbd,2018-10-14 14:21:41 UTC,https://discordleaks.unicornriot.ninja/discord/view/6900174#msg
hitchhiker,2018-10-14 14:58:30 UTC,https://discordleaks.unicornriot.ninja/discord/view/6900175#msg
hitchhiker,2018-10-14 14:59:23 UTC,https://discordleaks.unicornriot.ninja/discord/view/6900176#msg
lmbd,2018-10-14 15:35:48 UTC,https://discordleaks.unicornriot.ninja/discord/view/6900177#msg
Walt,2018-10-16 00:07:23 UTC,https://discordleaks.unicornriot.ninja/discord/view/6900178#msg
MedievalDarKnight,2018-10-16 20:44:47 UTC,https://discordleaks.unicornriot.ninja/discord/view/6900179#msg
SirW00f,2018-10-20 17:15:17 UTC,https://discordleaks.unicornriot.ninja/discord/view/6900180#msg
SirW00f,2018-10-20 17:15:31 UTC,https://discordleaks.unicornriot.ninja/discord/view/6900181#msg
SirW00f,2018-10-20 17:15:53 UTC,https://discordleaks.unicornriot.ninja/discord/view/6900182#msg
SirW00f,2018-10-20 17:16:16 UTC,https://discordleaks.unicornriot.ninja/discord/view/6900183#msg
qaon,2018-10-23 04:46:36 UTC,https://discordleaks.unicornriot.ninja/discord/view/6900184#msg
qaon,2018-10-23 04:47:04 UTC,https://discordleaks.unicornriot.ninja/discord/view/6900185#msg
qaon,2018-10-23 04:47:15 UTC,https://discordleaks.unicornriot.ninja/discord/view/6900186#msg
qaon,2018-10-23 04:47:33 UTC,https://discordleaks.unicornriot.ninja/discord/view/6900187#msg
qaon,2018-10-23 04:48:38 UTC,https://discordleaks.unicornriot.ninja/discord/view/6900188#msg
qaon,2018-10-23 04:49:12 UTC,https://discordleaks.unicornriot.ninja/discord/view/6900189#msg
qaon,2018-10-23 07:08:52 UTC,https://discordleaks.unicornriot.ninja/discord/view/6900190#msg
NEO,2018-10-24 15:30:07 UTC,https://discordleaks.unicornriot.ninja/discord/view/6900191#msg
NEO,2018-10-24 15:30:36 UTC,https://discordleaks.unicornriot.ninja/discord/view/6900192#msg
NEO,2018-10-24 15:37:05 UTC,https://discordleaks.unicornriot.ninja/discord/view/6900193#msg
NEO,2018-10-24 15:37:35 UTC,https://discordleaks.unicornriot.ninja/discord/view/6900194#msg
NEO,2018-10-24 15:37:49 UTC,https://discordleaks.unicornriot.ninja/discord/view/6900195#msg
hitchhiker,2018-10-25 16:25:42 UTC,https://discordleaks.unicornriot.ninja/discord/view/6900196#msg
hitchhiker,2018-10-25 16:26:17 UTC,https://discordleaks.unicornriot.ninja/discord/view/6900197#msg
hitchhiker,2018-10-25 16:32:03 UTC,https://discordleaks.unicornriot.ninja/discord/view/6900198#msg
tumbledump,2018-11-01 21:20:59 UTC,https://discordleaks.unicornriot.ninja/discord/view/6900099#msg
tumbledump,2018-11-01 21:22:11 UTC,https://discordleaks.unicornriot.ninja/discord/view/6900100#msg
tumbledump,2018-11-01 21:23:01 UTC,https://discordleaks.unicornriot.ninja/discord/view/6900101#msg
tumbledump,2018-11-01 21:24:32 UTC,https://discordleaks.unicornriot.ninja/discord/view/6900102#msg
MedievalDarKnight,2018-11-06 09:30:32 UTC,https://discordleaks.unicornriot.ninja/discord/view/6900103#msg
MedievalDarKnight,2018-11-06 09:32:10 UTC,https://discordleaks.unicornriot.ninja/discord/view/6900104#msg
hitchhiker,2018-11-14 16:28:52 UTC,https://discordleaks.unicornriot.ninja/discord/view/6900105#msg
hitchhiker,2018-11-14 16:29:55 UTC,https://discordleaks.unicornriot.ninja/discord/view/6900106#msg
hitchhiker,2018-11-14 16:31:01 UTC,https://discordleaks.unicornriot.ninja/discord/view/6900107#msg
hitchhiker,2018-11-14 16:33:31 UTC,https://discordleaks.unicornriot.ninja/discord/view/6900108#msg
hitchhiker,2018-11-14 16:34:58 UTC,https://discordleaks.unicornriot.ninja/discord/view/6900109#msg
hitchhiker,2018-11-14 16:38:05 UTC,https://discordleaks.unicornriot.ninja/discord/view/6900110#msg
Ronsheckelson,2018-11-17 20:06:38 UTC,https://discordleaks.unicornriot.ninja/discord/view/6900111#msg
Ronsheckelson,2018-11-17 20:06:48 UTC,https://discordleaks.unicornriot.ninja/discord/view/6900112#msg
Ronsheckelson,2018-11-17 20:07:02 UTC,https://discordleaks.unicornriot.ninja/discord/view/6900113#msg
Ronsheckelson,2018-11-17 20:07:07 UTC,https://discordleaks.unicornriot.ninja/discord/view/6900114#msg
Ronsheckelson,2018-11-17 20:07:11 UTC,https://discordleaks.unicornriot.ninja/discord/view/6900115#msg
Ronsheckelson,2018-11-17 20:07:17 UTC,https://discordleaks.unicornriot.ninja/discord/view/6900116#msg
Ronsheckelson,2018-11-17 20:15:36 UTC,https://discordleaks.unicornriot.ninja/discord/view/6900117#msg
Ronsheckelson,2018-11-17 20:15:41 UTC,https://discordleaks.unicornriot.ninja/discord/view/6900118#msg
hitchhiker,2018-11-24 19:49:33 UTC,https://discordleaks.unicornriot.ninja/discord/view/6900119#msg
hitchhiker,2018-11-24 19:51:39 UTC,https://discordleaks.unicornriot.ninja/discord/view/6900120#msg
SirW00f,2018-11-25 04:17:07 UTC,https://discordleaks.unicornriot.ninja/discord/view/6900121#msg
hitchhiker,2018-11-25 17:24:31 UTC,https://discordleaks.unicornriot.ninja/discord/view/6900122#msg
hitchhiker,2018-11-25 17:24:40 UTC,https://discordleaks.unicornriot.ninja/discord/view/6900123#msg
SirW00f,2018-11-27 01:24:11 UTC,https://discordleaks.unicornriot.ninja/discord/view/6900124#msg
Elw,2018-11-27 22:36:50 UTC,https://discordleaks.unicornriot.ninja/discord/view/6900125#msg
Elw,2018-11-27 22:36:56 UTC,https://discordleaks.unicornriot.ninja/discord/view/6900126#msg
hitchhiker,2018-11-28 01:22:46 UTC,https://discordleaks.unicornriot.ninja/discord/view/6900127#msg
SirW00f,2018-11-28 01:27:41 UTC,https://discordleaks.unicornriot.ninja/discord/view/6900128#msg
Elw,2018-11-29 11:04:42 UTC,https://discordleaks.unicornriot.ninja/discord/view/6900129#msg
LowLandsPete,2018-12-01 22:21:12 UTC,https://discordleaks.unicornriot.ninja/discord/view/6900130#msg
SirW00f,2018-12-04 03:24:12 UTC,https://discordleaks.unicornriot.ninja/discord/view/6900131#msg
hitchhiker,2018-12-04 18:58:42 UTC,https://discordleaks.unicornriot.ninja/discord/view/6900132#msg
hitchhiker,2018-12-04 19:01:39 UTC,https://discordleaks.unicornriot.ninja/discord/view/6900133#msg
hitchhiker,2018-12-04 19:02:22 UTC,https://discordleaks.unicornriot.ninja/discord/view/6900134#msg
hitchhiker,2018-12-04 19:03:06 UTC,https://discordleaks.unicornriot.ninja/discord/view/6900135#msg
SirW00f,2018-12-06 06:29:07 UTC,https://discordleaks.unicornriot.ninja/discord/view/6900136#msg
SirW00f,2018-12-06 06:47:33 UTC,https://discordleaks.unicornriot.ninja/discord/view/6900137#msg
hitchhiker,2018-12-06 16:51:27 UTC,https://discordleaks.unicornriot.ninja/discord/view/6900138#msg
hitchhiker,2018-12-06 16:53:17 UTC,https://discordleaks.unicornriot.ninja/discord/view/6900139#msg
SirW00f,2018-12-07 08:18:02 UTC,https://discordleaks.unicornriot.ninja/discord/view/6900140#msg
SirW00f,2018-12-07 08:18:15 UTC,https://discordleaks.unicornriot.ninja/discord/view/6900141#msg
SirW00f,2018-12-07 08:20:19 UTC,https://discordleaks.unicornriot.ninja/discord/view/6900142#msg
SirW00f,2018-12-07 08:21:16 UTC,https://discordleaks.unicornriot.ninja/discord/view/6900143#msg
SirW00f,2018-12-07 08:22:24 UTC,https://discordleaks.unicornriot.ninja/discord/view/6900144#msg
SirW00f,2018-12-07 08:23:20 UTC,https://discordleaks.unicornriot.ninja/discord/view/6900145#msg
SirW00f,2018-12-07 08:23:54 UTC,https://discordleaks.unicornriot.ninja/discord/view/6900146#msg
hitchhiker,2018-12-08 17:38:07 UTC,https://discordleaks.unicornriot.ninja/discord/view/6900147#msg
SirW00f,2018-12-09 05:28:29 UTC,https://discordleaks.unicornriot.ninja/discord/view/6900148#msg
SirW00f,2018-12-09 13:34:34 UTC,https://discordleaks.unicornriot.ninja/discord/view/6900049#msg
hitchhiker,2018-12-09 16:14:57 UTC,https://discordleaks.unicornriot.ninja/discord/view/6900050#msg
SirW00f,2018-12-10 23:26:02 UTC,https://discordleaks.unicornriot.ninja/discord/view/6900051#msg
clinicallyalive,2018-12-11 06:23:20 UTC,https://discordleaks.unicornriot.ninja/discord/view/6900052#msg
clinicallyalive,2018-12-11 06:23:23 UTC,https://discordleaks.unicornriot.ninja/discord/view/6900053#msg
hitchhiker,2018-12-11 21:28:00 UTC,https://discordleaks.unicornriot.ninja/discord/view/6900054#msg
SirW00f,2018-12-13 01:55:31 UTC,https://discordleaks.unicornriot.ninja/discord/view/6900055#msg
hitchhiker,2018-12-19 02:12:11 UTC,https://discordleaks.unicornriot.ninja/discord/view/6900056#msg
hitchhiker,2018-12-19 02:12:58 UTC,https://discordleaks.unicornriot.ninja/discord/view/6900057#msg
SirW00f,2018-12-21 13:27:03 UTC,https://discordleaks.unicornriot.ninja/discord/view/6900058#msg
SirW00f,2018-12-21 13:27:20 UTC,https://discordleaks.unicornriot.ninja/discord/view/6900059#msg
SirW00f,2018-12-21 21:44:50 UTC,https://discordleaks.unicornriot.ninja/discord/view/6900060#msg
SirW00f,2018-12-21 21:45:06 UTC,https://discordleaks.unicornriot.ninja/discord/view/6900061#msg
SirW00f,2018-12-26 05:57:21 UTC,https://discordleaks.unicornriot.ninja/discord/view/6900062#msg
LowLandsPete,2018-12-28 18:34:50 UTC,https://discordleaks.unicornriot.ninja/discord/view/6900063#msg
Elw,2018-12-28 18:37:34 UTC,https://discordleaks.unicornriot.ninja/discord/view/6900064#msg
ping,2018-12-29 01:57:41 UTC,https://discordleaks.unicornriot.ninja/discord/view/6900065#msg
SirW00f,2018-12-29 06:58:24 UTC,https://discordleaks.unicornriot.ninja/discord/view/6900066#msg
SirW00f,2018-12-29 06:59:33 UTC,https://discordleaks.unicornriot.ninja/discord/view/6900067#msg
SirW00f,2018-12-30 13:23:47 UTC,https://discordleaks.unicornriot.ninja/discord/view/6900068#msg
hitchhiker,2018-12-30 19:13:56 UTC,https://discordleaks.unicornriot.ninja/discord/view/6900069#msg
SirW00f,2018-12-30 19:28:02 UTC,https://discordleaks.unicornriot.ninja/discord/view/6900070#msg
SirW00f,2018-12-30 19:28:11 UTC,https://discordleaks.unicornriot.ninja/discord/view/6900071#msg
oneofhis,2019-01-01 08:59:32 UTC,https://discordleaks.unicornriot.ninja/discord/view/6900072#msg
oneofhis,2019-01-01 09:02:37 UTC,https://discordleaks.unicornriot.ninja/discord/view/6900073#msg
oneofhis,2019-01-01 09:03:51 UTC,https://discordleaks.unicornriot.ninja/discord/view/6900074#msg
LowLandsPete,2019-01-02 19:41:30 UTC,https://discordleaks.unicornriot.ninja/discord/view/6900075#msg
LowLandsPete,2019-01-02 19:44:26 UTC,https://discordleaks.unicornriot.ninja/discord/view/6900076#msg
LowLandsPete,2019-01-03 07:09:10 UTC,https://discordleaks.unicornriot.ninja/discord/view/6900077#msg
LowLandsPete,2019-01-03 18:08:16 UTC,https://discordleaks.unicornriot.ninja/discord/view/6900078#msg
SirW00f,2019-01-03 18:13:57 UTC,https://discordleaks.unicornriot.ninja/discord/view/6900079#msg
SirW00f,2019-01-03 18:14:14 UTC,https://discordleaks.unicornriot.ninja/discord/view/6900080#msg
LowLandsPete,2019-01-03 22:07:25 UTC,https://discordleaks.unicornriot.ninja/discord/view/6900081#msg
oneofhis,2019-01-04 04:57:15 UTC,https://discordleaks.unicornriot.ninja/discord/view/6900082#msg
stickyhammer,2019-01-04 20:54:43 UTC,https://discordleaks.unicornriot.ninja/discord/view/6900083#msg
stickyhammer,2019-01-04 21:09:17 UTC,https://discordleaks.unicornriot.ninja/discord/view/6900084#msg
stickyhammer,2019-01-04 21:09:38 UTC,https://discordleaks.unicornriot.ninja/discord/view/6900085#msg
stickyhammer,2019-01-04 21:10:06 UTC,https://discordleaks.unicornriot.ninja/discord/view/6900086#msg
stickyhammer,2019-01-04 21:10:33 UTC,https://discordleaks.unicornriot.ninja/discord/view/6900087#msg
stickyhammer,2019-01-04 21:16:59 UTC,https://discordleaks.unicornriot.ninja/discord/view/6900088#msg
stickyhammer,2019-01-05 14:57:16 UTC,https://discordleaks.unicornriot.ninja/discord/view/6900089#msg
Ronsheckelson,2019-01-06 20:16:15 UTC,https://discordleaks.unicornriot.ninja/discord/view/6900090#msg
Ronsheckelson,2019-01-06 20:20:17 UTC,https://discordleaks.unicornriot.ninja/discord/view/6900091#msg
Ronsheckelson,2019-01-06 20:23:42 UTC,https://discordleaks.unicornriot.ninja/discord/view/6900092#msg
Ronsheckelson,2019-01-06 20:25:03 UTC,https://discordleaks.unicornriot.ninja/discord/view/6900093#msg
SirW00f,2019-01-06 20:25:03 UTC,https://discordleaks.unicornriot.ninja/discord/view/6900094#msg
Ronsheckelson,2019-01-06 20:25:24 UTC,https://discordleaks.unicornriot.ninja/discord/view/6900095#msg
Ronsheckelson,2019-01-06 20:25:27 UTC,https://discordleaks.unicornriot.ninja/discord/view/6900096#msg
SirW00f,2019-01-06 20:25:36 UTC,https://discordleaks.unicornriot.ninja/discord/view/6900097#msg
Ronsheckelson,2019-01-06 20:25:48 UTC,https://discordleaks.unicornriot.ninja/discord/view/6900098#msg
Ronsheckelson,2019-01-06 20:27:04 UTC,https://discordleaks.unicornriot.ninja/discord/view/6899999#msg
SirW00f,2019-01-06 20:27:43 UTC,https://discordleaks.unicornriot.ninja/discord/view/6900000#msg
Ronsheckelson,2019-01-06 20:27:45 UTC,https://discordleaks.unicornriot.ninja/discord/view/6900001#msg
Ronsheckelson,2019-01-06 20:27:59 UTC,https://discordleaks.unicornriot.ninja/discord/view/6900002#msg
Ronsheckelson,2019-01-06 20:28:27 UTC,https://discordleaks.unicornriot.ninja/discord/view/6900003#msg
SirW00f,2019-01-06 20:28:49 UTC,https://discordleaks.unicornriot.ninja/discord/view/6900004#msg
Ronsheckelson,2019-01-06 20:28:52 UTC,https://discordleaks.unicornriot.ninja/discord/view/6900005#msg
SirW00f,2019-01-06 20:29:04 UTC,https://discordleaks.unicornriot.ninja/discord/view/6900006#msg
Ronsheckelson,2019-01-06 20:29:07 UTC,https://discordleaks.unicornriot.ninja/discord/view/6900007#msg
SirW00f,2019-01-06 20:29:47 UTC,https://discordleaks.unicornriot.ninja/discord/view/6900008#msg
Ronsheckelson,2019-01-06 20:30:03 UTC,https://discordleaks.unicornriot.ninja/discord/view/6900009#msg
Ronsheckelson,2019-01-06 20:30:14 UTC,https://discordleaks.unicornriot.ninja/discord/view/6900010#msg
Ronsheckelson,2019-01-06 20:30:30 UTC,https://discordleaks.unicornriot.ninja/discord/view/6900011#msg
Ronsheckelson,2019-01-06 20:30:41 UTC,https://discordleaks.unicornriot.ninja/discord/view/6900012#msg
Ronsheckelson,2019-01-06 20:30:46 UTC,https://discordleaks.unicornriot.ninja/discord/view/6900013#msg
Ronsheckelson,2019-01-06 20:31:58 UTC,https://discordleaks.unicornriot.ninja/discord/view/6900014#msg
Ronsheckelson,2019-01-06 20:32:28 UTC,https://discordleaks.unicornriot.ninja/discord/view/6900015#msg
Ronsheckelson,2019-01-06 20:32:53 UTC,https://discordleaks.unicornriot.ninja/discord/view/6900016#msg
Ronsheckelson,2019-01-06 20:33:12 UTC,https://discordleaks.unicornriot.ninja/discord/view/6900017#msg
Ronsheckelson,2019-01-06 20:34:10 UTC,https://discordleaks.unicornriot.ninja/discord/view/6900018#msg
hitchhiker,2019-01-09 03:41:09 UTC,https://discordleaks.unicornriot.ninja/discord/view/6900019#msg
hitchhiker,2019-01-09 03:41:19 UTC,https://discordleaks.unicornriot.ninja/discord/view/6900020#msg
SirW00f,2019-01-10 12:02:35 UTC,https://discordleaks.unicornriot.ninja/discord/view/6900021#msg
SirW00f,2019-01-10 22:03:46 UTC,https://discordleaks.unicornriot.ninja/discord/view/6900022#msg
LowLandsPete,2019-01-12 06:18:57 UTC,https://discordleaks.unicornriot.ninja/discord/view/6900023#msg
hitchhiker,2019-01-12 23:20:46 UTC,https://discordleaks.unicornriot.ninja/discord/view/6900024#msg
ping,2019-01-14 03:32:16 UTC,https://discordleaks.unicornriot.ninja/discord/view/6900025#msg
SirW00f,2019-01-16 18:38:02 UTC,https://discordleaks.unicornriot.ninja/discord/view/6900026#msg
Maga gal,2019-01-17 09:12:20 UTC,https://discordleaks.unicornriot.ninja/discord/view/6900027#msg
lmbd,2019-01-17 14:25:18 UTC,https://discordleaks.unicornriot.ninja/discord/view/6900028#msg
SirW00f,2019-01-17 14:25:34 UTC,https://discordleaks.unicornriot.ninja/discord/view/6900029#msg
SirW00f,2019-01-18 03:53:05 UTC,https://discordleaks.unicornriot.ninja/discord/view/6900030#msg
SirW00f,2019-01-18 03:53:15 UTC,https://discordleaks.unicornriot.ninja/discord/view/6900031#msg
reeves27,2019-01-19 15:29:42 UTC,https://discordleaks.unicornriot.ninja/discord/view/6900032#msg
reeves27,2019-01-19 15:30:56 UTC,https://discordleaks.unicornriot.ninja/discord/view/6900033#msg
reeves27,2019-01-19 15:31:11 UTC,https://discordleaks.unicornriot.ninja/discord/view/6900034#msg
SirW00f,2019-01-20 00:23:14 UTC,https://discordleaks.unicornriot.ninja/discord/view/6900035#msg
LowLandsPete,2019-01-20 09:38:28 UTC,https://discordleaks.unicornriot.ninja/discord/view/6900036#msg
reeves27,2019-01-20 14:57:56 UTC,https://discordleaks.unicornriot.ninja/discord/view/6900037#msg
LowLandsPete,2019-01-20 18:52:41 UTC,https://discordleaks.unicornriot.ninja/discord/view/6900038#msg
swaraj,2019-01-21 05:33:37 UTC,https://discordleaks.unicornriot.ninja/discord/view/6900039#msg
swaraj,2019-01-21 05:39:44 UTC,https://discordleaks.unicornriot.ninja/discord/view/6900040#msg
LowLandsPete,2019-01-21 06:06:37 UTC,https://discordleaks.unicornriot.ninja/discord/view/6900041#msg
SirW00f,2019-01-21 22:56:18 UTC,https://discordleaks.unicornriot.ninja/discord/view/6900042#msg
hitchhiker,2019-01-23 07:20:28 UTC,https://discordleaks.unicornriot.ninja/discord/view/6900043#msg
hitchhiker,2019-01-23 07:21:01 UTC,https://discordleaks.unicornriot.ninja/discord/view/6900044#msg
hitchhiker,2019-01-23 07:21:25 UTC,https://discordleaks.unicornriot.ninja/discord/view/6900045#msg
hitchhiker,2019-01-23 07:21:45 UTC,https://discordleaks.unicornriot.ninja/discord/view/6900046#msg
hitchhiker,2019-01-23 07:25:26 UTC,https://discordleaks.unicornriot.ninja/discord/view/6900047#msg
hitchhiker,2019-01-23 07:25:44 UTC,https://discordleaks.unicornriot.ninja/discord/view/6900048#msg
SirW00f,2019-01-23 07:26:08 UTC,https://discordleaks.unicornriot.ninja/discord/view/6899949#msg
SirW00f,2019-01-23 07:26:27 UTC,https://discordleaks.unicornriot.ninja/discord/view/6899950#msg
hitchhiker,2019-01-23 07:27:02 UTC,https://discordleaks.unicornriot.ninja/discord/view/6899951#msg
hitchhiker,2019-01-23 07:27:14 UTC,https://discordleaks.unicornriot.ninja/discord/view/6899952#msg
oneofhis,2019-01-23 12:40:01 UTC,https://discordleaks.unicornriot.ninja/discord/view/6899953#msg
Ronsheckelson,2019-01-24 07:23:51 UTC,https://discordleaks.unicornriot.ninja/discord/view/6899954#msg
Ronsheckelson,2019-01-24 07:24:23 UTC,https://discordleaks.unicornriot.ninja/discord/view/6899955#msg
SirW00f,2019-01-24 18:12:27 UTC,https://discordleaks.unicornriot.ninja/discord/view/6899956#msg
SirW00f,2019-01-24 20:05:23 UTC,https://discordleaks.unicornriot.ninja/discord/view/6899957#msg
SirW00f,2019-01-24 20:06:25 UTC,https://discordleaks.unicornriot.ninja/discord/view/6899958#msg
SirW00f,2019-01-24 20:06:58 UTC,https://discordleaks.unicornriot.ninja/discord/view/6899959#msg
MamaLana Sourdough,2019-01-25 00:03:34 UTC,https://discordleaks.unicornriot.ninja/discord/view/6899960#msg
Ronsheckelson,2019-01-25 00:10:41 UTC,https://discordleaks.unicornriot.ninja/discord/view/6899961#msg
SirW00f,2019-01-25 05:39:28 UTC,https://discordleaks.unicornriot.ninja/discord/view/6899962#msg
LowLandsPete,2019-01-25 21:55:46 UTC,https://discordleaks.unicornriot.ninja/discord/view/6899963#msg
Desimated,2019-01-26 00:39:53 UTC,https://discordleaks.unicornriot.ninja/discord/view/6899964#msg
SirW00f,2019-01-26 03:33:05 UTC,https://discordleaks.unicornriot.ninja/discord/view/6899965#msg
LowLandsPete,2019-01-26 12:25:35 UTC,https://discordleaks.unicornriot.ninja/discord/view/6899966#msg
MamaLana Sourdough,2019-01-28 02:11:18 UTC,https://discordleaks.unicornriot.ninja/discord/view/6899967#msg
SirW00f,2019-01-28 02:22:41 UTC,https://discordleaks.unicornriot.ninja/discord/view/6899968#msg
Ronsheckelson,2019-01-28 02:22:41 UTC,https://discordleaks.unicornriot.ninja/discord/view/6899969#msg
SirW00f,2019-01-28 02:23:31 UTC,https://discordleaks.unicornriot.ninja/discord/view/6899970#msg
MamaLana Sourdough,2019-01-28 02:43:40 UTC,https://discordleaks.unicornriot.ninja/discord/view/6899971#msg
Ronsheckelson,2019-01-28 02:50:36 UTC,https://discordleaks.unicornriot.ninja/discord/view/6899972#msg
Ronsheckelson,2019-01-28 02:50:52 UTC,https://discordleaks.unicornriot.ninja/discord/view/6899973#msg
Ronsheckelson,2019-01-28 02:51:02 UTC,https://discordleaks.unicornriot.ninja/discord/view/6899974#msg
Ronsheckelson,2019-01-28 02:51:25 UTC,https://discordleaks.unicornriot.ninja/discord/view/6899975#msg
Ronsheckelson,2019-01-28 02:52:18 UTC,https://discordleaks.unicornriot.ninja/discord/view/6899976#msg
SirW00f,2019-01-28 04:48:46 UTC,https://discordleaks.unicornriot.ninja/discord/view/6899977#msg
SirW00f,2019-01-28 04:51:09 UTC,https://discordleaks.unicornriot.ninja/discord/view/6899978#msg
SirW00f,2019-01-28 04:51:27 UTC,https://discordleaks.unicornriot.ninja/discord/view/6899979#msg
SirW00f,2019-01-28 04:52:16 UTC,https://discordleaks.unicornriot.ninja/discord/view/6899980#msg
SirW00f,2019-01-28 04:53:43 UTC,https://discordleaks.unicornriot.ninja/discord/view/6899981#msg
SirW00f,2019-01-28 05:19:40 UTC,https://discordleaks.unicornriot.ninja/discord/view/6899982#msg
Pluto,2019-01-28 05:49:58 UTC,https://discordleaks.unicornriot.ninja/discord/view/6899983#msg
Ronsheckelson,2019-01-28 05:56:11 UTC,https://discordleaks.unicornriot.ninja/discord/view/6899984#msg
Ronsheckelson,2019-01-28 05:56:15 UTC,https://discordleaks.unicornriot.ninja/discord/view/6899985#msg
Ronsheckelson,2019-01-28 05:56:18 UTC,https://discordleaks.unicornriot.ninja/discord/view/6899986#msg
Ronsheckelson,2019-01-28 05:56:56 UTC,https://discordleaks.unicornriot.ninja/discord/view/6899987#msg
reeves27,2019-01-28 18:29:20 UTC,https://discordleaks.unicornriot.ninja/discord/view/6899988#msg
SirW00f,2019-01-28 18:34:34 UTC,https://discordleaks.unicornriot.ninja/discord/view/6899989#msg
Ronsheckelson,2019-01-28 19:14:36 UTC,https://discordleaks.unicornriot.ninja/discord/view/6899990#msg
Ronsheckelson,2019-01-28 19:15:55 UTC,https://discordleaks.unicornriot.ninja/discord/view/6899991#msg
Ronsheckelson,2019-01-28 19:17:54 UTC,https://discordleaks.unicornriot.ninja/discord/view/6899992#msg
Ronsheckelson,2019-01-28 19:18:01 UTC,https://discordleaks.unicornriot.ninja/discord/view/6899993#msg
Ronsheckelson,2019-01-28 19:18:29 UTC,https://discordleaks.unicornriot.ninja/discord/view/6899994#msg
Ronsheckelson,2019-01-28 19:18:57 UTC,https://discordleaks.unicornriot.ninja/discord/view/6899995#msg
Ronsheckelson,2019-01-28 19:19:25 UTC,https://discordleaks.unicornriot.ninja/discord/view/6899996#msg
lmbd,2019-01-28 19:36:52 UTC,https://discordleaks.unicornriot.ninja/discord/view/6899997#msg
reeves27,2019-01-28 19:41:14 UTC,https://discordleaks.unicornriot.ninja/discord/view/6899998#msg
SirW00f,2019-01-28 19:41:30 UTC,https://discordleaks.unicornriot.ninja/discord/view/6899899#msg
SirW00f,2019-01-28 19:41:50 UTC,https://discordleaks.unicornriot.ninja/discord/view/6899900#msg
Ronsheckelson,2019-01-28 19:54:07 UTC,https://discordleaks.unicornriot.ninja/discord/view/6899901#msg
Ronsheckelson,2019-01-28 19:57:41 UTC,https://discordleaks.unicornriot.ninja/discord/view/6899902#msg
lmbd,2019-01-28 20:01:53 UTC,https://discordleaks.unicornriot.ninja/discord/view/6899903#msg
Ronsheckelson,2019-01-28 20:04:59 UTC,https://discordleaks.unicornriot.ninja/discord/view/6899904#msg
Laurie,2019-01-28 20:09:01 UTC,https://discordleaks.unicornriot.ninja/discord/view/6899905#msg
Ronsheckelson,2019-01-28 20:14:57 UTC,https://discordleaks.unicornriot.ninja/discord/view/6899906#msg
Laurie,2019-01-28 20:19:44 UTC,https://discordleaks.unicornriot.ninja/discord/view/6899907#msg
Ronsheckelson,2019-01-28 20:20:35 UTC,https://discordleaks.unicornriot.ninja/discord/view/6899908#msg
reeves27,2019-01-28 20:46:37 UTC,https://discordleaks.unicornriot.ninja/discord/view/6899909#msg
lmbd,2019-01-28 21:26:05 UTC,https://discordleaks.unicornriot.ninja/discord/view/6899910#msg
Ronsheckelson,2019-01-28 21:30:00 UTC,https://discordleaks.unicornriot.ninja/discord/view/6899911#msg
LowLandsPete,2019-01-28 21:46:13 UTC,https://discordleaks.unicornriot.ninja/discord/view/6899912#msg
Ronsheckelson,2019-01-28 21:49:43 UTC,https://discordleaks.unicornriot.ninja/discord/view/6899913#msg
Ronsheckelson,2019-01-28 21:50:56 UTC,https://discordleaks.unicornriot.ninja/discord/view/6899914#msg
LowLandsPete,2019-01-28 21:56:35 UTC,https://discordleaks.unicornriot.ninja/discord/view/6899915#msg
Ronsheckelson,2019-01-28 22:00:14 UTC,https://discordleaks.unicornriot.ninja/discord/view/6899916#msg
Ronsheckelson,2019-01-29 04:14:19 UTC,https://discordleaks.unicornriot.ninja/discord/view/6899917#msg
Ronsheckelson,2019-01-29 04:14:40 UTC,https://discordleaks.unicornriot.ninja/discord/view/6899918#msg
SirW00f,2019-01-29 04:16:24 UTC,https://discordleaks.unicornriot.ninja/discord/view/6899919#msg
LowLandsPete,2019-01-29 09:52:12 UTC,https://discordleaks.unicornriot.ninja/discord/view/6899920#msg
SirW00f,2019-01-29 09:53:34 UTC,https://discordleaks.unicornriot.ninja/discord/view/6899921#msg
LowLandsPete,2019-01-29 09:55:03 UTC,https://discordleaks.unicornriot.ninja/discord/view/6899922#msg
LowLandsPete,2019-01-29 09:56:55 UTC,https://discordleaks.unicornriot.ninja/discord/view/6899923#msg
SirW00f,2019-01-29 09:57:18 UTC,https://discordleaks.unicornriot.ninja/discord/view/6899924#msg
LowLandsPete,2019-01-29 09:57:36 UTC,https://discordleaks.unicornriot.ninja/discord/view/6899925#msg
SirW00f,2019-01-29 09:58:10 UTC,https://discordleaks.unicornriot.ninja/discord/view/6899926#msg
SirW00f,2019-01-29 09:59:09 UTC,https://discordleaks.unicornriot.ninja/discord/view/6899927#msg
SirW00f,2019-01-29 09:59:33 UTC,https://discordleaks.unicornriot.ninja/discord/view/6899928#msg
LowLandsPete,2019-01-29 10:01:32 UTC,https://discordleaks.unicornriot.ninja/discord/view/6899929#msg
SirW00f,2019-01-29 10:03:00 UTC,https://discordleaks.unicornriot.ninja/discord/view/6899930#msg
SirW00f,2019-01-29 10:03:52 UTC,https://discordleaks.unicornriot.ninja/discord/view/6899931#msg
SirW00f,2019-01-29 10:04:22 UTC,https://discordleaks.unicornriot.ninja/discord/view/6899932#msg
LowLandsPete,2019-01-29 10:09:36 UTC,https://discordleaks.unicornriot.ninja/discord/view/6899933#msg
SirW00f,2019-01-29 10:11:18 UTC,https://discordleaks.unicornriot.ninja/discord/view/6899934#msg
SirW00f,2019-01-29 10:11:28 UTC,https://discordleaks.unicornriot.ninja/discord/view/6899935#msg
SirW00f,2019-01-29 10:12:38 UTC,https://discordleaks.unicornriot.ninja/discord/view/6899936#msg
SirW00f,2019-01-29 10:13:26 UTC,https://discordleaks.unicornriot.ninja/discord/view/6899937#msg
SirW00f,2019-01-29 10:14:44 UTC,https://discordleaks.unicornriot.ninja/discord/view/6899938#msg
LowLandsPete,2019-01-29 10:16:40 UTC,https://discordleaks.unicornriot.ninja/discord/view/6899939#msg
LowLandsPete,2019-01-29 10:16:58 UTC,https://discordleaks.unicornriot.ninja/discord/view/6899940#msg
SirW00f,2019-01-29 20:44:49 UTC,https://discordleaks.unicornriot.ninja/discord/view/6899941#msg
Ronsheckelson,2019-01-29 22:59:22 UTC,https://discordleaks.unicornriot.ninja/discord/view/6899942#msg
LowLandsPete,2019-01-29 23:03:00 UTC,https://discordleaks.unicornriot.ninja/discord/view/6899943#msg
Ronsheckelson,2019-01-29 23:58:47 UTC,https://discordleaks.unicornriot.ninja/discord/view/6899944#msg
LowLandsPete,2019-01-30 11:02:09 UTC,https://discordleaks.unicornriot.ninja/discord/view/6899945#msg
MamaLana Sourdough,2019-01-30 16:22:29 UTC,https://discordleaks.unicornriot.ninja/discord/view/6899946#msg
MamaLana Sourdough,2019-01-30 16:27:19 UTC,https://discordleaks.unicornriot.ninja/discord/view/6899947#msg
LowLandsPete,2019-01-31 08:19:47 UTC,https://discordleaks.unicornriot.ninja/discord/view/6899948#msg
LowLandsPete,2019-01-31 20:33:14 UTC,https://discordleaks.unicornriot.ninja/discord/view/6899849#msg
LowLandsPete,2019-01-31 20:33:22 UTC,https://discordleaks.unicornriot.ninja/discord/view/6899850#msg
SirW00f,2019-01-31 20:52:07 UTC,https://discordleaks.unicornriot.ninja/discord/view/6899851#msg
MamaLana Sourdough,2019-01-31 23:18:53 UTC,https://discordleaks.unicornriot.ninja/discord/view/6899852#msg
SirW00f,2019-01-31 23:25:24 UTC,https://discordleaks.unicornriot.ninja/discord/view/6899853#msg
LowLandsPete,2019-02-01 06:55:35 UTC,https://discordleaks.unicornriot.ninja/discord/view/6899854#msg
Maga gal,2019-02-02 08:59:42 UTC,https://discordleaks.unicornriot.ninja/discord/view/6899855#msg
LowLandsPete,2019-02-02 09:32:07 UTC,https://discordleaks.unicornriot.ninja/discord/view/6899856#msg
SirW00f,2019-02-02 11:45:02 UTC,https://discordleaks.unicornriot.ninja/discord/view/6899857#msg
SirW00f,2019-02-02 11:45:04 UTC,https://discordleaks.unicornriot.ninja/discord/view/6899858#msg
LowLandsPete,2019-02-02 13:17:27 UTC,https://discordleaks.unicornriot.ninja/discord/view/6899859#msg
Ronsheckelson,2019-02-02 15:04:45 UTC,https://discordleaks.unicornriot.ninja/discord/view/6899860#msg
MamaLana Sourdough,2019-02-05 05:03:04 UTC,https://discordleaks.unicornriot.ninja/discord/view/6899861#msg
LowLandsPete,2019-02-06 18:21:13 UTC,https://discordleaks.unicornriot.ninja/discord/view/6899862#msg
LowLandsPete,2019-02-08 09:45:10 UTC,https://discordleaks.unicornriot.ninja/discord/view/6899863#msg
LowLandsPete,2019-02-10 09:09:38 UTC,https://discordleaks.unicornriot.ninja/discord/view/6899864#msg
SirW00f,2019-02-10 10:06:51 UTC,https://discordleaks.unicornriot.ninja/discord/view/6899865#msg
LowLandsPete,2019-02-10 18:38:15 UTC,https://discordleaks.unicornriot.ninja/discord/view/6899866#msg
SirW00f,2019-02-13 08:11:09 UTC,https://discordleaks.unicornriot.ninja/discord/view/6899867#msg
SirW00f,2019-02-13 08:11:44 UTC,https://discordleaks.unicornriot.ninja/discord/view/6899868#msg
LowLandsPete,2019-02-15 18:16:25 UTC,https://discordleaks.unicornriot.ninja/discord/view/6899869#msg
lmbd,2019-02-19 14:50:38 UTC,https://discordleaks.unicornriot.ninja/discord/view/6899870#msg
LowLandsPete,2019-02-20 14:10:03 UTC,https://discordleaks.unicornriot.ninja/discord/view/6899871#msg
SirW00f,2019-02-22 03:49:54 UTC,https://discordleaks.unicornriot.ninja/discord/view/6899872#msg
prichvisalia,2019-02-23 03:42:57 UTC,https://discordleaks.unicornriot.ninja/discord/view/6899873#msg
lmbd,2019-02-23 04:12:23 UTC,https://discordleaks.unicornriot.ninja/discord/view/6899874#msg
SirW00f,2019-02-23 07:00:51 UTC,https://discordleaks.unicornriot.ninja/discord/view/6899875#msg
SirW00f,2019-02-23 07:00:59 UTC,https://discordleaks.unicornriot.ninja/discord/view/6899876#msg
SirW00f,2019-02-23 07:01:37 UTC,https://discordleaks.unicornriot.ninja/discord/view/6899877#msg
LowLandsPete,2019-02-23 08:13:15 UTC,https://discordleaks.unicornriot.ninja/discord/view/6899878#msg
SirW00f,2019-02-23 08:15:23 UTC,https://discordleaks.unicornriot.ninja/discord/view/6899879#msg
LowLandsPete,2019-02-23 08:23:17 UTC,https://discordleaks.unicornriot.ninja/discord/view/6899880#msg
LowLandsPete,2019-02-23 08:29:05 UTC,https://discordleaks.unicornriot.ninja/discord/view/6899881#msg
SirW00f,2019-02-23 08:29:06 UTC,https://discordleaks.unicornriot.ninja/discord/view/6899882#msg
LowLandsPete,2019-02-23 08:29:26 UTC,https://discordleaks.unicornriot.ninja/discord/view/6899883#msg
LowLandsPete,2019-02-23 08:30:00 UTC,https://discordleaks.unicornriot.ninja/discord/view/6899884#msg
LowLandsPete,2019-02-23 09:02:27 UTC,https://discordleaks.unicornriot.ninja/discord/view/6899885#msg
LowLandsPete,2019-02-23 09:39:09 UTC,https://discordleaks.unicornriot.ninja/discord/view/6899886#msg
Maga gal,2019-02-24 05:49:59 UTC,https://discordleaks.unicornriot.ninja/discord/view/6899887#msg
мιяαgє,2019-03-06 00:03:00 UTC,https://discordleaks.unicornriot.ninja/discord/view/6899888#msg
мιяαgє,2019-03-06 00:03:06 UTC,https://discordleaks.unicornriot.ninja/discord/view/6899889#msg
SirW00f,2019-03-06 00:19:40 UTC,https://discordleaks.unicornriot.ninja/discord/view/6899890#msg
SirW00f,2019-03-06 20:39:48 UTC,https://discordleaks.unicornriot.ninja/discord/view/6899891#msg
LowLandsPete,2019-03-07 17:29:40 UTC,https://discordleaks.unicornriot.ninja/discord/view/6899892#msg
SirW00f,2019-03-07 17:32:19 UTC,https://discordleaks.unicornriot.ninja/discord/view/6899893#msg
SirW00f,2019-03-14 02:32:30 UTC,https://discordleaks.unicornriot.ninja/discord/view/6899894#msg
SirW00f,2019-03-14 02:32:42 UTC,https://discordleaks.unicornriot.ninja/discord/view/6899895#msg
SirW00f,2019-03-14 02:32:58 UTC,https://discordleaks.unicornriot.ninja/discord/view/6899896#msg
hitchhiker,2019-03-17 03:04:38 UTC,https://discordleaks.unicornriot.ninja/discord/view/6899897#msg
hitchhiker,2019-03-17 03:05:15 UTC,https://discordleaks.unicornriot.ninja/discord/view/6899898#msg
LowLandsPete,2019-03-18 19:07:06 UTC,https://discordleaks.unicornriot.ninja/discord/view/16482242#msg
SirW00f,2019-03-19 12:42:38 UTC,https://discordleaks.unicornriot.ninja/discord/view/16482243#msg
SirW00f,2019-03-19 12:43:07 UTC,https://discordleaks.unicornriot.ninja/discord/view/16482244#msg
SirW00f,2019-03-20 07:13:26 UTC,https://discordleaks.unicornriot.ninja/discord/view/16482245#msg
SirW00f,2019-03-20 07:13:37 UTC,https://discordleaks.unicornriot.ninja/discord/view/16482246#msg
LowLandsPete,2019-03-26 09:30:06 UTC,https://discordleaks.unicornriot.ninja/discord/view/16482247#msg
Bucko,2019-03-26 09:36:17 UTC,https://discordleaks.unicornriot.ninja/discord/view/16482248#msg
LowLandsPete,2019-03-26 09:48:49 UTC,https://discordleaks.unicornriot.ninja/discord/view/16482249#msg
SirW00f,2019-03-26 09:59:06 UTC,https://discordleaks.unicornriot.ninja/discord/view/16482250#msg
LowLandsPete,2019-03-27 10:52:40 UTC,https://discordleaks.unicornriot.ninja/discord/view/16482251#msg
hitchhiker,2019-03-31 04:37:36 UTC,https://discordleaks.unicornriot.ninja/discord/view/16482252#msg
LowLandsPete,2019-04-05 10:11:09 UTC,https://discordleaks.unicornriot.ninja/discord/view/16482253#msg
SirW00f,2019-04-07 00:28:18 UTC,https://discordleaks.unicornriot.ninja/discord/view/16482254#msg
LowLandsPete,2019-04-10 13:59:46 UTC,https://discordleaks.unicornriot.ninja/discord/view/16482255#msg
LowLandsPete,2019-04-10 13:59:52 UTC,https://discordleaks.unicornriot.ninja/discord/view/16482256#msg
Steve Angell,2019-04-11 19:25:41 UTC,https://discordleaks.unicornriot.ninja/discord/view/16482257#msg
Steve Angell,2019-04-11 19:27:35 UTC,https://discordleaks.unicornriot.ninja/discord/view/16482258#msg
Steve Angell,2019-04-11 19:28:47 UTC,https://discordleaks.unicornriot.ninja/discord/view/16482259#msg
LowLandsPete,2019-04-11 19:37:58 UTC,https://discordleaks.unicornriot.ninja/discord/view/16482260#msg
SirW00f,2019-04-24 03:48:47 UTC,https://discordleaks.unicornriot.ninja/discord/view/16482261#msg
LowLandsPete,2019-04-24 06:30:54 UTC,https://discordleaks.unicornriot.ninja/discord/view/16482262#msg
LowLandsPete,2019-04-24 06:37:24 UTC,https://discordleaks.unicornriot.ninja/discord/view/16482263#msg
SirW00f,2019-04-24 07:49:53 UTC,https://discordleaks.unicornriot.ninja/discord/view/16482264#msg
lucid,2019-04-24 20:36:54 UTC,https://discordleaks.unicornriot.ninja/discord/view/16482265#msg
Deleted User,2019-04-25 02:52:51 UTC,https://discordleaks.unicornriot.ninja/discord/view/16482266#msg
LowLandsPete,2019-04-26 07:28:01 UTC,https://discordleaks.unicornriot.ninja/discord/view/16482267#msg
LowLandsPete,2019-04-27 20:57:17 UTC,https://discordleaks.unicornriot.ninja/discord/view/16482268#msg
SirW00f,2019-04-29 02:08:48 UTC,https://discordleaks.unicornriot.ninja/discord/view/16482269#msg
SirW00f,2019-04-29 15:22:25 UTC,https://discordleaks.unicornriot.ninja/discord/view/16482270#msg
LowLandsPete,2019-04-29 17:59:21 UTC,https://discordleaks.unicornriot.ninja/discord/view/16482271#msg
LowLandsPete,2019-04-29 18:00:01 UTC,https://discordleaks.unicornriot.ninja/discord/view/16482272#msg
MedievalDarKnight,2019-04-30 19:53:20 UTC,https://discordleaks.unicornriot.ninja/discord/view/16482273#msg
MedievalDarKnight,2019-04-30 20:05:29 UTC,https://discordleaks.unicornriot.ninja/discord/view/16482274#msg
LowLandsPete,2019-05-02 13:01:33 UTC,https://discordleaks.unicornriot.ninja/discord/view/16482275#msg
LowLandsPete,2019-05-02 14:09:57 UTC,https://discordleaks.unicornriot.ninja/discord/view/16482276#msg
SirW00f,2019-05-05 01:35:32 UTC,https://discordleaks.unicornriot.ninja/discord/view/16482277#msg
SirW00f,2019-05-05 03:20:57 UTC,https://discordleaks.unicornriot.ninja/discord/view/16482278#msg
SirW00f,2019-05-05 04:34:50 UTC,https://discordleaks.unicornriot.ninja/discord/view/16482279#msg
Desimated,2019-05-07 19:48:05 UTC,https://discordleaks.unicornriot.ninja/discord/view/16482380#msg
Desimated,2019-05-07 19:48:53 UTC,https://discordleaks.unicornriot.ninja/discord/view/16482381#msg
LowLandsPete,2019-05-10 08:27:13 UTC,https://discordleaks.unicornriot.ninja/discord/view/16482382#msg
SirW00f,2019-05-10 22:39:57 UTC,https://discordleaks.unicornriot.ninja/discord/view/16482383#msg
SirW00f,2019-05-13 19:32:35 UTC,https://discordleaks.unicornriot.ninja/discord/view/16482384#msg
LowLandsPete,2019-05-15 10:13:24 UTC,https://discordleaks.unicornriot.ninja/discord/view/16482385#msg
Truth N’ Crimson,2019-05-15 13:19:33 UTC,https://discordleaks.unicornriot.ninja/discord/view/16482386#msg
MedievalDarKnight,2019-05-15 18:29:44 UTC,https://discordleaks.unicornriot.ninja/discord/view/16482387#msg
LowLandsPete,2019-05-16 08:37:09 UTC,https://discordleaks.unicornriot.ninja/discord/view/16482388#msg
SirW00f,2019-05-16 10:02:22 UTC,https://discordleaks.unicornriot.ninja/discord/view/16482389#msg
Desimated,2019-05-23 23:05:29 UTC,https://discordleaks.unicornriot.ninja/discord/view/16482390#msg
LowLandsPete,2019-05-24 16:38:58 UTC,https://discordleaks.unicornriot.ninja/discord/view/16482391#msg
LowLandsPete,2019-05-24 16:40:25 UTC,https://discordleaks.unicornriot.ninja/discord/view/16482392#msg
Desimated,2019-05-24 16:41:13 UTC,https://discordleaks.unicornriot.ninja/discord/view/16482393#msg
LowLandsPete,2019-05-24 16:42:22 UTC,https://discordleaks.unicornriot.ninja/discord/view/16482394#msg
LowLandsPete,2019-05-24 16:44:04 UTC,https://discordleaks.unicornriot.ninja/discord/view/16482395#msg
LowLandsPete,2019-05-24 16:45:37 UTC,https://discordleaks.unicornriot.ninja/discord/view/16482396#msg
Desimated,2019-05-24 16:45:48 UTC,https://discordleaks.unicornriot.ninja/discord/view/16482397#msg
LowLandsPete,2019-05-24 16:46:01 UTC,https://discordleaks.unicornriot.ninja/discord/view/16482398#msg
LowLandsPete,2019-05-24 16:48:08 UTC,https://discordleaks.unicornriot.ninja/discord/view/16482399#msg
LowLandsPete,2019-05-24 16:48:50 UTC,https://discordleaks.unicornriot.ninja/discord/view/16482400#msg
Desimated,2019-05-24 16:48:58 UTC,https://discordleaks.unicornriot.ninja/discord/view/16482401#msg
Desimated,2019-05-24 16:50:01 UTC,https://discordleaks.unicornriot.ninja/discord/view/16482402#msg
LowLandsPete,2019-05-24 16:50:18 UTC,https://discordleaks.unicornriot.ninja/discord/view/16482403#msg
Desimated,2019-05-24 16:50:27 UTC,https://discordleaks.unicornriot.ninja/discord/view/16482404#msg
Desimated,2019-05-24 16:51:52 UTC,https://discordleaks.unicornriot.ninja/discord/view/16482405#msg
LowLandsPete,2019-05-24 16:52:23 UTC,https://discordleaks.unicornriot.ninja/discord/view/16482406#msg
LowLandsPete,2019-05-24 16:52:58 UTC,https://discordleaks.unicornriot.ninja/discord/view/16482407#msg
Desimated,2019-05-24 16:52:58 UTC,https://discordleaks.unicornriot.ninja/discord/view/16482408#msg
Desimated,2019-05-24 16:53:14 UTC,https://discordleaks.unicornriot.ninja/discord/view/16482409#msg
LowLandsPete,2019-05-24 16:54:46 UTC,https://discordleaks.unicornriot.ninja/discord/view/16482410#msg
Desimated,2019-05-24 17:01:16 UTC,https://discordleaks.unicornriot.ninja/discord/view/16482411#msg
Desimated,2019-05-27 16:20:41 UTC,https://discordleaks.unicornriot.ninja/discord/view/16482412#msg
SirW00f,2019-05-27 16:23:17 UTC,https://discordleaks.unicornriot.ninja/discord/view/16482413#msg
SirW00f,2019-05-27 23:21:05 UTC,https://discordleaks.unicornriot.ninja/discord/view/16482414#msg
Desimated,2019-05-28 16:34:20 UTC,https://discordleaks.unicornriot.ninja/discord/view/16482415#msg
SirW00f,2019-05-28 16:58:16 UTC,https://discordleaks.unicornriot.ninja/discord/view/16482416#msg
LowLandsPete,2019-05-29 05:24:41 UTC,https://discordleaks.unicornriot.ninja/discord/view/16482417#msg
LowLandsPete,2019-05-29 06:53:43 UTC,https://discordleaks.unicornriot.ninja/discord/view/16482418#msg
SirW00f,2019-05-30 17:02:49 UTC,https://discordleaks.unicornriot.ninja/discord/view/16482419#msg
SirW00f,2019-05-30 17:04:01 UTC,https://discordleaks.unicornriot.ninja/discord/view/16482420#msg
LowLandsPete,2019-06-01 09:51:39 UTC,https://discordleaks.unicornriot.ninja/discord/view/16482421#msg
LowLandsPete,2019-06-01 20:14:21 UTC,https://discordleaks.unicornriot.ninja/discord/view/16482422#msg
SirW00f,2019-06-04 02:59:46 UTC,https://discordleaks.unicornriot.ninja/discord/view/16482423#msg
SirW00f,2019-06-08 02:53:54 UTC,https://discordleaks.unicornriot.ninja/discord/view/16482424#msg
LowLandsPete,2019-06-09 07:37:48 UTC,https://discordleaks.unicornriot.ninja/discord/view/16482425#msg
LowLandsPete,2019-06-09 07:48:48 UTC,https://discordleaks.unicornriot.ninja/discord/view/16482426#msg
SirW00f,2019-06-09 18:42:11 UTC,https://discordleaks.unicornriot.ninja/discord/view/16482427#msg
LowLandsPete,2019-06-12 10:36:02 UTC,https://discordleaks.unicornriot.ninja/discord/view/16482428#msg
SirW00f,2019-06-15 07:27:56 UTC,https://discordleaks.unicornriot.ninja/discord/view/16482429#msg
SirW00f,2019-06-15 07:28:18 UTC,https://discordleaks.unicornriot.ninja/discord/view/16482430#msg
SirW00f,2019-06-15 17:27:17 UTC,https://discordleaks.unicornriot.ninja/discord/view/16482431#msg
LowLandsPete,2019-06-16 05:48:18 UTC,https://discordleaks.unicornriot.ninja/discord/view/16482432#msg
LowLandsPete,2019-06-16 05:50:26 UTC,https://discordleaks.unicornriot.ninja/discord/view/16482330#msg
LowLandsPete,2019-06-16 05:51:38 UTC,https://discordleaks.unicornriot.ninja/discord/view/16482331#msg
SirW00f,2019-06-17 18:34:07 UTC,https://discordleaks.unicornriot.ninja/discord/view/16482332#msg
LowLandsPete,2019-06-19 18:58:56 UTC,https://discordleaks.unicornriot.ninja/discord/view/16482333#msg
LowLandsPete,2019-06-19 20:17:18 UTC,https://discordleaks.unicornriot.ninja/discord/view/16482334#msg
LowLandsPete,2019-06-21 07:29:02 UTC,https://discordleaks.unicornriot.ninja/discord/view/16482335#msg
Desimated,2019-06-22 01:57:11 UTC,https://discordleaks.unicornriot.ninja/discord/view/16482336#msg
Desimated,2019-06-22 01:57:36 UTC,https://discordleaks.unicornriot.ninja/discord/view/16482337#msg
Desimated,2019-06-22 02:01:59 UTC,https://discordleaks.unicornriot.ninja/discord/view/16482338#msg
Desimated,2019-06-22 05:58:10 UTC,https://discordleaks.unicornriot.ninja/discord/view/16482339#msg
LowLandsPete,2019-06-23 07:32:45 UTC,https://discordleaks.unicornriot.ninja/discord/view/16482340#msg
LowLandsPete,2019-06-23 07:34:14 UTC,https://discordleaks.unicornriot.ninja/discord/view/16482341#msg
Desimated,2019-06-24 22:44:32 UTC,https://discordleaks.unicornriot.ninja/discord/view/16482342#msg
Desimated,2019-06-24 22:44:47 UTC,https://discordleaks.unicornriot.ninja/discord/view/16482343#msg
SirW00f,2019-06-26 06:48:32 UTC,https://discordleaks.unicornriot.ninja/discord/view/16482344#msg
SirW00f,2019-06-26 09:47:07 UTC,https://discordleaks.unicornriot.ninja/discord/view/16482345#msg
SirW00f,2019-06-26 09:47:31 UTC,https://discordleaks.unicornriot.ninja/discord/view/16482346#msg
LowLandsPete,2019-06-28 09:31:16 UTC,https://discordleaks.unicornriot.ninja/discord/view/16482347#msg
LowLandsPete,2019-06-28 20:44:57 UTC,https://discordleaks.unicornriot.ninja/discord/view/16482348#msg
SirW00f,2019-06-29 11:18:14 UTC,https://discordleaks.unicornriot.ninja/discord/view/16482349#msg
Andrewi,2019-06-30 20:12:28 UTC,https://discordleaks.unicornriot.ninja/discord/view/16482350#msg
LowLandsPete,2019-07-01 06:09:33 UTC,https://discordleaks.unicornriot.ninja/discord/view/16482351#msg
SirW00f,2019-07-01 06:12:29 UTC,https://discordleaks.unicornriot.ninja/discord/view/16482352#msg
SirW00f,2019-07-01 06:13:44 UTC,https://discordleaks.unicornriot.ninja/discord/view/16482353#msg
SirW00f,2019-07-01 06:15:49 UTC,https://discordleaks.unicornriot.ninja/discord/view/16482354#msg
LowLandsPete,2019-07-01 06:22:04 UTC,https://discordleaks.unicornriot.ninja/discord/view/16482355#msg
SirW00f,2019-07-01 06:22:29 UTC,https://discordleaks.unicornriot.ninja/discord/view/16482356#msg
SirW00f,2019-07-01 06:23:52 UTC,https://discordleaks.unicornriot.ninja/discord/view/16482357#msg
LowLandsPete,2019-07-01 06:24:13 UTC,https://discordleaks.unicornriot.ninja/discord/view/16482358#msg
SirW00f,2019-07-01 06:24:24 UTC,https://discordleaks.unicornriot.ninja/discord/view/16482359#msg
LowLandsPete,2019-07-02 21:43:15 UTC,https://discordleaks.unicornriot.ninja/discord/view/16482360#msg
LowLandsPete,2019-07-03 07:43:07 UTC,https://discordleaks.unicornriot.ninja/discord/view/16482361#msg
LowLandsPete,2019-07-03 08:15:56 UTC,https://discordleaks.unicornriot.ninja/discord/view/16482362#msg
SirW00f,2019-07-04 04:42:36 UTC,https://discordleaks.unicornriot.ninja/discord/view/16482363#msg
Maga gal,2019-07-05 06:48:10 UTC,https://discordleaks.unicornriot.ninja/discord/view/16482364#msg
LowLandsPete,2019-07-06 04:58:27 UTC,https://discordleaks.unicornriot.ninja/discord/view/16482365#msg
SirW00f,2019-07-06 08:42:14 UTC,https://discordleaks.unicornriot.ninja/discord/view/16482366#msg
SirW00f,2019-07-06 08:42:35 UTC,https://discordleaks.unicornriot.ninja/discord/view/16482367#msg
SirW00f,2019-07-06 08:43:56 UTC,https://discordleaks.unicornriot.ninja/discord/view/16482368#msg
SirW00f,2019-07-06 08:44:11 UTC,https://discordleaks.unicornriot.ninja/discord/view/16482369#msg
SirW00f,2019-07-06 08:44:46 UTC,https://discordleaks.unicornriot.ninja/discord/view/16482370#msg
SirW00f,2019-07-06 08:45:44 UTC,https://discordleaks.unicornriot.ninja/discord/view/16482371#msg
MedievalDarKnight,2019-07-07 23:15:43 UTC,https://discordleaks.unicornriot.ninja/discord/view/16482372#msg
SirW00f,2019-07-07 23:35:45 UTC,https://discordleaks.unicornriot.ninja/discord/view/16482373#msg
SirW00f,2019-07-08 15:41:27 UTC,https://discordleaks.unicornriot.ninja/discord/view/16482374#msg
SirW00f,2019-07-08 15:42:05 UTC,https://discordleaks.unicornriot.ninja/discord/view/16482375#msg
SirW00f,2019-07-08 15:43:35 UTC,https://discordleaks.unicornriot.ninja/discord/view/16482376#msg
SirW00f,2019-07-09 02:44:09 UTC,https://discordleaks.unicornriot.ninja/discord/view/16482377#msg
SirW00f,2019-07-09 03:28:38 UTC,https://discordleaks.unicornriot.ninja/discord/view/16482378#msg
SirW00f,2019-07-09 03:28:52 UTC,https://discordleaks.unicornriot.ninja/discord/view/16482379#msg
Wildebourne,2019-07-10 06:07:37 UTC,https://discordleaks.unicornriot.ninja/discord/view/16482280#msg
SirW00f,2019-07-11 14:19:42 UTC,https://discordleaks.unicornriot.ninja/discord/view/16482281#msg
SirW00f,2019-07-11 14:21:43 UTC,https://discordleaks.unicornriot.ninja/discord/view/16482282#msg
LowLandsPete,2019-07-12 06:18:07 UTC,https://discordleaks.unicornriot.ninja/discord/view/16482283#msg
LowLandsPete,2019-07-13 20:26:12 UTC,https://discordleaks.unicornriot.ninja/discord/view/16482284#msg
SirW00f,2019-07-13 20:27:58 UTC,https://discordleaks.unicornriot.ninja/discord/view/16482285#msg
SirW00f,2019-07-13 20:28:18 UTC,https://discordleaks.unicornriot.ninja/discord/view/16482286#msg
LowLandsPete,2019-07-14 11:13:54 UTC,https://discordleaks.unicornriot.ninja/discord/view/16482287#msg
SirW00f,2019-07-14 13:03:11 UTC,https://discordleaks.unicornriot.ninja/discord/view/16482288#msg
SirW00f,2019-07-14 13:03:26 UTC,https://discordleaks.unicornriot.ninja/discord/view/16482289#msg
Andrewi,2019-07-14 13:45:59 UTC,https://discordleaks.unicornriot.ninja/discord/view/16482290#msg
SirW00f,2019-07-15 09:30:05 UTC,https://discordleaks.unicornriot.ninja/discord/view/16482291#msg
SirW00f,2019-07-15 09:30:26 UTC,https://discordleaks.unicornriot.ninja/discord/view/16482292#msg
SirW00f,2019-07-15 09:30:55 UTC,https://discordleaks.unicornriot.ninja/discord/view/16482293#msg
SirW00f,2019-07-15 09:56:30 UTC,https://discordleaks.unicornriot.ninja/discord/view/16482294#msg
SirW00f,2019-07-15 19:49:51 UTC,https://discordleaks.unicornriot.ninja/discord/view/16482295#msg
LowLandsPete,2019-07-16 19:04:03 UTC,https://discordleaks.unicornriot.ninja/discord/view/16482296#msg
SirW00f,2019-07-17 11:03:21 UTC,https://discordleaks.unicornriot.ninja/discord/view/16482297#msg
SirW00f,2019-07-17 11:04:05 UTC,https://discordleaks.unicornriot.ninja/discord/view/16482298#msg
SirW00f,2019-07-17 11:04:28 UTC,https://discordleaks.unicornriot.ninja/discord/view/16482299#msg
Wildebourne,2019-07-17 15:17:27 UTC,https://discordleaks.unicornriot.ninja/discord/view/16482300#msg
LowLandsPete,2019-07-17 17:39:42 UTC,https://discordleaks.unicornriot.ninja/discord/view/16482301#msg
SirW00f,2019-07-17 21:44:35 UTC,https://discordleaks.unicornriot.ninja/discord/view/16482302#msg
SirW00f,2019-07-18 00:45:33 UTC,https://discordleaks.unicornriot.ninja/discord/view/16482303#msg
lucid,2019-07-19 02:48:30 UTC,https://discordleaks.unicornriot.ninja/discord/view/16482304#msg
LowLandsPete,2019-07-20 08:36:51 UTC,https://discordleaks.unicornriot.ninja/discord/view/16482305#msg
SirW00f,2019-07-21 03:11:27 UTC,https://discordleaks.unicornriot.ninja/discord/view/16482306#msg
SirW00f,2019-07-21 03:13:11 UTC,https://discordleaks.unicornriot.ninja/discord/view/16482307#msg
lmbd,2019-07-21 14:12:07 UTC,https://discordleaks.unicornriot.ninja/discord/view/16482308#msg
LowLandsPete,2019-07-22 11:12:52 UTC,https://discordleaks.unicornriot.ninja/discord/view/16482309#msg
SirW00f,2019-07-23 11:04:00 UTC,https://discordleaks.unicornriot.ninja/discord/view/16482310#msg
SirW00f,2019-07-24 08:01:17 UTC,https://discordleaks.unicornriot.ninja/discord/view/16482311#msg
TheGuyAbriel | Matthew 13,2019-07-25 08:41:30 UTC,https://discordleaks.unicornriot.ninja/discord/view/16482312#msg
TheGuyAbriel | Matthew 13,2019-07-25 08:41:47 UTC,https://discordleaks.unicornriot.ninja/discord/view/16482313#msg
SirW00f,2019-07-27 16:13:07 UTC,https://discordleaks.unicornriot.ninja/discord/view/16482314#msg
SirW00f,2019-07-27 16:28:23 UTC,https://discordleaks.unicornriot.ninja/discord/view/16482315#msg
SirW00f,2019-07-28 16:51:42 UTC,https://discordleaks.unicornriot.ninja/discord/view/16482316#msg
SirW00f,2019-07-29 02:44:23 UTC,https://discordleaks.unicornriot.ninja/discord/view/16482317#msg
SirW00f,2019-07-30 04:39:29 UTC,https://discordleaks.unicornriot.ninja/discord/view/16482318#msg
Desimated,2019-07-30 04:42:05 UTC,https://discordleaks.unicornriot.ninja/discord/view/16482319#msg
SirW00f,2019-07-30 04:44:35 UTC,https://discordleaks.unicornriot.ninja/discord/view/16482320#msg
SirW00f,2019-08-02 10:05:19 UTC,https://discordleaks.unicornriot.ninja/discord/view/16482321#msg
SirW00f,2019-08-03 08:31:46 UTC,https://discordleaks.unicornriot.ninja/discord/view/16482322#msg
SirW00f,2019-08-03 08:49:31 UTC,https://discordleaks.unicornriot.ninja/discord/view/16482323#msg
SirW00f,2019-08-05 21:10:02 UTC,https://discordleaks.unicornriot.ninja/discord/view/16482324#msg
jebus,2019-08-08 02:58:39 UTC,https://discordleaks.unicornriot.ninja/discord/view/16482325#msg
SirW00f,2019-08-12 20:26:47 UTC,https://discordleaks.unicornriot.ninja/discord/view/16482326#msg
SirW00f,2019-08-13 08:03:46 UTC,https://discordleaks.unicornriot.ninja/discord/view/16482327#msg
SirW00f,2019-08-13 08:33:44 UTC,https://discordleaks.unicornriot.ninja/discord/view/16482328#msg
Prashivra,2019-08-13 08:38:42 UTC,https://discordleaks.unicornriot.ninja/discord/view/16482329#msg
Christus Rex,2019-08-14 13:58:13 UTC,https://discordleaks.unicornriot.ninja/discord/view/16482433#msg
Christus Rex,2019-08-16 19:57:17 UTC,https://discordleaks.unicornriot.ninja/discord/view/16482434#msg
Christus Rex,2019-08-16 19:58:12 UTC,https://discordleaks.unicornriot.ninja/discord/view/16482435#msg
SirW00f,2019-08-21 09:14:22 UTC,https://discordleaks.unicornriot.ninja/discord/view/16482436#msg
SirW00f,2019-08-21 22:59:28 UTC,https://discordleaks.unicornriot.ninja/discord/view/16482437#msg
SirW00f,2019-08-26 06:40:39 UTC,https://discordleaks.unicornriot.ninja/discord/view/16482438#msg
SirW00f,2019-08-26 21:33:51 UTC,https://discordleaks.unicornriot.ninja/discord/view/16482439#msg
SirW00f,2019-08-26 21:43:24 UTC,https://discordleaks.unicornriot.ninja/discord/view/16482440#msg
jebus,2019-08-28 02:10:38 UTC,https://discordleaks.unicornriot.ninja/discord/view/16482441#msg
jebus,2019-08-28 02:12:17 UTC,https://discordleaks.unicornriot.ninja/discord/view/16482442#msg
SirW00f,2019-08-30 20:38:29 UTC,https://discordleaks.unicornriot.ninja/discord/view/16482443#msg
SirW00f,2019-08-30 20:51:56 UTC,https://discordleaks.unicornriot.ninja/discord/view/16482444#msg
SirW00f,2019-09-04 08:32:16 UTC,https://discordleaks.unicornriot.ninja/discord/view/16482445#msg
SirW00f,2019-09-04 08:47:10 UTC,https://discordleaks.unicornriot.ninja/discord/view/16482446#msg
[Λχм]FisτᎧνDεΔτн,2019-09-05 13:53:51 UTC,https://discordleaks.unicornriot.ninja/discord/view/16482447#msg
Andrewi,2019-09-10 17:32:40 UTC,https://discordleaks.unicornriot.ninja/discord/view/16482448#msg
Andrewi,2019-09-10 19:22:42 UTC,https://discordleaks.unicornriot.ninja/discord/view/16482449#msg
Desimated,2019-09-12 19:05:30 UTC,https://discordleaks.unicornriot.ninja/discord/view/16482450#msg
Prashivra,2019-09-12 19:07:29 UTC,https://discordleaks.unicornriot.ninja/discord/view/16482451#msg
one12alpha (TLI),2019-09-13 00:17:01 UTC,https://discordleaks.unicornriot.ninja/discord/view/16482452#msg
Prashivra,2019-09-13 13:11:54 UTC,https://discordleaks.unicornriot.ninja/discord/view/16482453#msg
Prashivra,2019-09-13 13:11:57 UTC,https://discordleaks.unicornriot.ninja/discord/view/16482454#msg
one12alpha (TLI),2019-09-13 13:49:46 UTC,https://discordleaks.unicornriot.ninja/discord/view/16482455#msg
Prashivra,2019-09-13 14:14:21 UTC,https://discordleaks.unicornriot.ninja/discord/view/16482456#msg
one12alpha (TLI),2019-09-13 18:13:18 UTC,https://discordleaks.unicornriot.ninja/discord/view/16482457#msg
Prashivra,2019-09-13 21:00:43 UTC,https://discordleaks.unicornriot.ninja/discord/view/16482458#msg
SirW00f,2019-09-18 05:00:30 UTC,https://discordleaks.unicornriot.ninja/discord/view/16482459#msg
SirW00f,2019-09-19 03:35:47 UTC,https://discordleaks.unicornriot.ninja/discord/view/16482460#msg
SirW00f,2019-09-19 07:43:56 UTC,https://discordleaks.unicornriot.ninja/discord/view/16482461#msg
SirW00f,2019-09-19 09:39:06 UTC,https://discordleaks.unicornriot.ninja/discord/view/16482462#msg
SirW00f,2019-09-19 09:40:07 UTC,https://discordleaks.unicornriot.ninja/discord/view/16482463#msg
SirW00f,2019-09-19 11:02:29 UTC,https://discordleaks.unicornriot.ninja/discord/view/16482464#msg
SirW00f,2019-09-20 07:48:21 UTC,https://discordleaks.unicornriot.ninja/discord/view/16482465#msg
SirW00f,2019-10-02 05:18:34 UTC,https://discordleaks.unicornriot.ninja/discord/view/16487547#msg
SirW00f,2019-10-03 14:44:31 UTC,https://discordleaks.unicornriot.ninja/discord/view/16487548#msg
Wildebourne,2019-10-03 15:08:43 UTC,https://discordleaks.unicornriot.ninja/discord/view/16487549#msg
SirW00f,2019-10-13 13:16:45 UTC,https://discordleaks.unicornriot.ninja/discord/view/16487550#msg
SirW00f,2019-10-24 03:13:39 UTC,https://discordleaks.unicornriot.ninja/discord/view/16488732#msg
SirW00f,2019-10-27 23:37:16 UTC,https://discordleaks.unicornriot.ninja/discord/view/17770825#msg
SirW00f,2019-11-01 19:19:03 UTC,https://discordleaks.unicornriot.ninja/discord/view/23183331#msg
Elw,2019-11-02 18:41:31 UTC,https://discordleaks.unicornriot.ninja/discord/view/23183332#msg
SirW00f,2019-11-07 03:38:20 UTC,https://discordleaks.unicornriot.ninja/discord/view/23183333#msg
SirW00f,2019-11-07 15:12:35 UTC,https://discordleaks.unicornriot.ninja/discord/view/23183334#msg
jebus,2019-11-09 09:18:03 UTC,https://discordleaks.unicornriot.ninja/discord/view/23183335#msg
SirW00f,2019-11-11 16:25:54 UTC,https://discordleaks.unicornriot.ninja/discord/view/23183336#msg
jebus,2019-11-16 09:00:25 UTC,https://discordleaks.unicornriot.ninja/discord/view/23183337#msg
SirW00f,2019-11-18 16:25:07 UTC,https://discordleaks.unicornriot.ninja/discord/view/23183338#msg
jebus,2019-11-22 18:02:16 UTC,https://discordleaks.unicornriot.ninja/discord/view/23183339#msg
jebus,2019-11-22 18:50:33 UTC,https://discordleaks.unicornriot.ninja/discord/view/23183340#msg
Andrewi,2019-11-28 18:33:16 UTC,https://discordleaks.unicornriot.ninja/discord/view/23183341#msg
jebus,2019-11-28 23:58:28 UTC,https://discordleaks.unicornriot.ninja/discord/view/23183342#msg
jebus,2019-11-30 06:53:17 UTC,https://discordleaks.unicornriot.ninja/discord/view/23183343#msg
