USER,META,LINK,ATTACHMENTS
Desimated,2019-07-26 03:52:15 UTC,https://discordleaks.unicornriot.ninja/discord/view/16483004#msg
SirW00f,2019-07-26 03:59:15 UTC,https://discordleaks.unicornriot.ninja/discord/view/16483005#msg
SirW00f,2019-07-26 04:00:29 UTC,https://discordleaks.unicornriot.ninja/discord/view/16483006#msg
lmbd,2019-07-26 13:48:45 UTC,https://discordleaks.unicornriot.ninja/discord/view/16483007#msg
lmbd,2019-07-26 13:50:10 UTC,https://discordleaks.unicornriot.ninja/discord/view/16483008#msg
L3V3LDup,2019-07-26 14:00:53 UTC,https://discordleaks.unicornriot.ninja/discord/view/16483009#msg
lmbd,2019-07-26 14:10:24 UTC,https://discordleaks.unicornriot.ninja/discord/view/16483010#msg
Desimated,2019-07-26 16:27:59 UTC,https://discordleaks.unicornriot.ninja/discord/view/16483011#msg
Desimated,2019-07-26 16:31:39 UTC,https://discordleaks.unicornriot.ninja/discord/view/16483012#msg
SirW00f,2019-07-26 16:32:14 UTC,https://discordleaks.unicornriot.ninja/discord/view/16483013#msg
SirW00f,2019-07-26 17:58:15 UTC,https://discordleaks.unicornriot.ninja/discord/view/16483014#msg
SirW00f,2019-07-26 17:59:27 UTC,https://discordleaks.unicornriot.ninja/discord/view/16483015#msg
SirW00f,2019-07-26 17:59:37 UTC,https://discordleaks.unicornriot.ninja/discord/view/16482954#msg
SirW00f,2019-07-26 20:37:58 UTC,https://discordleaks.unicornriot.ninja/discord/view/16482955#msg
SirW00f,2019-07-26 20:38:33 UTC,https://discordleaks.unicornriot.ninja/discord/view/16482956#msg
SirW00f,2019-07-27 16:11:29 UTC,https://discordleaks.unicornriot.ninja/discord/view/16482957#msg
SirW00f,2019-07-27 16:12:29 UTC,https://discordleaks.unicornriot.ninja/discord/view/16482958#msg
SirW00f,2019-07-27 16:26:23 UTC,https://discordleaks.unicornriot.ninja/discord/view/16482959#msg
SirW00f,2019-07-27 16:35:05 UTC,https://discordleaks.unicornriot.ninja/discord/view/16482960#msg
SirW00f,2019-07-27 16:50:12 UTC,https://discordleaks.unicornriot.ninja/discord/view/16482961#msg
SirW00f,2019-07-27 16:51:23 UTC,https://discordleaks.unicornriot.ninja/discord/view/16482962#msg
SirW00f,2019-07-27 16:51:39 UTC,https://discordleaks.unicornriot.ninja/discord/view/16482963#msg
SirW00f,2019-07-27 16:53:46 UTC,https://discordleaks.unicornriot.ninja/discord/view/16482964#msg
SirW00f,2019-07-27 16:54:17 UTC,https://discordleaks.unicornriot.ninja/discord/view/16482965#msg
SirW00f,2019-07-27 17:10:36 UTC,https://discordleaks.unicornriot.ninja/discord/view/16482966#msg
SirW00f,2019-07-27 17:10:45 UTC,https://discordleaks.unicornriot.ninja/discord/view/16482967#msg
SirW00f,2019-07-27 17:39:19 UTC,https://discordleaks.unicornriot.ninja/discord/view/16482968#msg
SirW00f,2019-07-27 17:39:33 UTC,https://discordleaks.unicornriot.ninja/discord/view/16482969#msg
SirW00f,2019-07-27 17:39:59 UTC,https://discordleaks.unicornriot.ninja/discord/view/16482970#msg
SirW00f,2019-07-27 17:55:27 UTC,https://discordleaks.unicornriot.ninja/discord/view/16482971#msg
SirW00f,2019-07-27 17:57:56 UTC,https://discordleaks.unicornriot.ninja/discord/view/16482972#msg
SirW00f,2019-07-27 18:05:57 UTC,https://discordleaks.unicornriot.ninja/discord/view/16482973#msg
SirW00f,2019-07-27 18:06:07 UTC,https://discordleaks.unicornriot.ninja/discord/view/16482974#msg
SirW00f,2019-07-28 00:36:57 UTC,https://discordleaks.unicornriot.ninja/discord/view/16482975#msg
SirW00f,2019-07-28 00:37:13 UTC,https://discordleaks.unicornriot.ninja/discord/view/16482976#msg
SirW00f,2019-07-28 00:50:27 UTC,https://discordleaks.unicornriot.ninja/discord/view/16482977#msg
SirW00f,2019-07-28 00:50:40 UTC,https://discordleaks.unicornriot.ninja/discord/view/16482978#msg
Maga gal,2019-07-28 00:53:13 UTC,https://discordleaks.unicornriot.ninja/discord/view/16482979#msg
Maga gal,2019-07-28 00:54:29 UTC,https://discordleaks.unicornriot.ninja/discord/view/16482980#msg
SirW00f,2019-07-28 00:58:25 UTC,https://discordleaks.unicornriot.ninja/discord/view/16482981#msg
SirW00f,2019-07-28 00:58:37 UTC,https://discordleaks.unicornriot.ninja/discord/view/16482982#msg
SirW00f,2019-07-28 01:24:40 UTC,https://discordleaks.unicornriot.ninja/discord/view/16482983#msg
SirW00f,2019-07-28 01:25:30 UTC,https://discordleaks.unicornriot.ninja/discord/view/16482984#msg
SirW00f,2019-07-28 01:51:59 UTC,https://discordleaks.unicornriot.ninja/discord/view/16482985#msg
SirW00f,2019-07-28 01:52:27 UTC,https://discordleaks.unicornriot.ninja/discord/view/16482986#msg
SirW00f,2019-07-28 01:52:51 UTC,https://discordleaks.unicornriot.ninja/discord/view/16482987#msg
SirW00f,2019-07-28 19:09:10 UTC,https://discordleaks.unicornriot.ninja/discord/view/16482988#msg
SirW00f,2019-07-28 19:09:30 UTC,https://discordleaks.unicornriot.ninja/discord/view/16482989#msg
SirW00f,2019-07-28 19:09:33 UTC,https://discordleaks.unicornriot.ninja/discord/view/16482990#msg
SirW00f,2019-07-28 19:21:40 UTC,https://discordleaks.unicornriot.ninja/discord/view/16482991#msg
SirW00f,2019-07-28 19:21:50 UTC,https://discordleaks.unicornriot.ninja/discord/view/16482992#msg
SirW00f,2019-07-29 16:40:44 UTC,https://discordleaks.unicornriot.ninja/discord/view/16482993#msg
SirW00f,2019-07-29 16:41:15 UTC,https://discordleaks.unicornriot.ninja/discord/view/16482994#msg
SirW00f,2019-07-29 16:55:28 UTC,https://discordleaks.unicornriot.ninja/discord/view/16482995#msg
SirW00f,2019-07-29 16:55:47 UTC,https://discordleaks.unicornriot.ninja/discord/view/16482996#msg
SirW00f,2019-07-29 17:08:51 UTC,https://discordleaks.unicornriot.ninja/discord/view/16482997#msg
SirW00f,2019-07-29 17:09:05 UTC,https://discordleaks.unicornriot.ninja/discord/view/16482998#msg
SirW00f,2019-07-29 17:11:51 UTC,https://discordleaks.unicornriot.ninja/discord/view/16482999#msg
SirW00f,2019-07-29 17:12:53 UTC,https://discordleaks.unicornriot.ninja/discord/view/16483000#msg
SirW00f,2019-07-29 17:13:27 UTC,https://discordleaks.unicornriot.ninja/discord/view/16483001#msg
SirW00f,2019-07-29 18:39:31 UTC,https://discordleaks.unicornriot.ninja/discord/view/16483002#msg
SirW00f,2019-07-29 18:41:01 UTC,https://discordleaks.unicornriot.ninja/discord/view/16483003#msg
Prashivra,2019-07-29 19:28:10 UTC,https://discordleaks.unicornriot.ninja/discord/view/16482904#msg
SirW00f,2019-07-30 02:58:06 UTC,https://discordleaks.unicornriot.ninja/discord/view/16482905#msg
SirW00f,2019-07-30 02:58:21 UTC,https://discordleaks.unicornriot.ninja/discord/view/16482906#msg
SirW00f,2019-07-30 03:03:38 UTC,https://discordleaks.unicornriot.ninja/discord/view/16482907#msg
SirW00f,2019-07-30 03:05:03 UTC,https://discordleaks.unicornriot.ninja/discord/view/16482908#msg
SirW00f,2019-07-30 03:05:36 UTC,https://discordleaks.unicornriot.ninja/discord/view/16482909#msg
SirW00f,2019-07-30 06:03:07 UTC,https://discordleaks.unicornriot.ninja/discord/view/16482910#msg
SirW00f,2019-07-30 06:03:55 UTC,https://discordleaks.unicornriot.ninja/discord/view/16482911#msg
SirW00f,2019-07-30 06:33:21 UTC,https://discordleaks.unicornriot.ninja/discord/view/16482912#msg
SirW00f,2019-07-30 06:36:07 UTC,https://discordleaks.unicornriot.ninja/discord/view/16482913#msg
SirW00f,2019-07-30 06:38:10 UTC,https://discordleaks.unicornriot.ninja/discord/view/16482914#msg
SirW00f,2019-07-30 06:38:28 UTC,https://discordleaks.unicornriot.ninja/discord/view/16482915#msg
SirW00f,2019-07-30 06:38:43 UTC,https://discordleaks.unicornriot.ninja/discord/view/16482916#msg
SirW00f,2019-07-30 06:40:31 UTC,https://discordleaks.unicornriot.ninja/discord/view/16482917#msg
SirW00f,2019-07-30 06:41:02 UTC,https://discordleaks.unicornriot.ninja/discord/view/16482918#msg
SirW00f,2019-07-30 06:49:53 UTC,https://discordleaks.unicornriot.ninja/discord/view/16482919#msg
SirW00f,2019-07-30 06:49:58 UTC,https://discordleaks.unicornriot.ninja/discord/view/16482920#msg
SirW00f,2019-07-30 08:51:53 UTC,https://discordleaks.unicornriot.ninja/discord/view/16482921#msg
SirW00f,2019-07-30 16:22:21 UTC,https://discordleaks.unicornriot.ninja/discord/view/16482922#msg
SirW00f,2019-07-30 17:25:52 UTC,https://discordleaks.unicornriot.ninja/discord/view/16482923#msg
SirW00f,2019-07-30 17:26:14 UTC,https://discordleaks.unicornriot.ninja/discord/view/16482924#msg
SirW00f,2019-07-30 17:26:22 UTC,https://discordleaks.unicornriot.ninja/discord/view/16482925#msg
SirW00f,2019-07-30 17:27:08 UTC,https://discordleaks.unicornriot.ninja/discord/view/16482926#msg
SirW00f,2019-07-30 17:35:26 UTC,https://discordleaks.unicornriot.ninja/discord/view/16482927#msg
SirW00f,2019-07-30 17:39:23 UTC,https://discordleaks.unicornriot.ninja/discord/view/16482928#msg
SirW00f,2019-07-30 17:39:37 UTC,https://discordleaks.unicornriot.ninja/discord/view/16482929#msg
SirW00f,2019-07-30 17:53:59 UTC,https://discordleaks.unicornriot.ninja/discord/view/16482930#msg
SirW00f,2019-07-30 17:55:18 UTC,https://discordleaks.unicornriot.ninja/discord/view/16482931#msg
SirW00f,2019-07-30 17:57:24 UTC,https://discordleaks.unicornriot.ninja/discord/view/16482932#msg
SirW00f,2019-07-30 18:01:33 UTC,https://discordleaks.unicornriot.ninja/discord/view/16482933#msg
SirW00f,2019-07-30 18:06:27 UTC,https://discordleaks.unicornriot.ninja/discord/view/16482934#msg
SirW00f,2019-07-30 18:06:40 UTC,https://discordleaks.unicornriot.ninja/discord/view/16482935#msg
SirW00f,2019-07-30 18:19:46 UTC,https://discordleaks.unicornriot.ninja/discord/view/16482936#msg
SirW00f,2019-07-30 18:28:53 UTC,https://discordleaks.unicornriot.ninja/discord/view/16482937#msg
SirW00f,2019-07-30 18:33:04 UTC,https://discordleaks.unicornriot.ninja/discord/view/16482938#msg
SirW00f,2019-07-31 00:21:15 UTC,https://discordleaks.unicornriot.ninja/discord/view/16482939#msg
SirW00f,2019-07-31 00:36:11 UTC,https://discordleaks.unicornriot.ninja/discord/view/16482940#msg
SirW00f,2019-07-31 00:37:01 UTC,https://discordleaks.unicornriot.ninja/discord/view/16482941#msg
SirW00f,2019-07-31 04:02:56 UTC,https://discordleaks.unicornriot.ninja/discord/view/16482942#msg
SirW00f,2019-07-31 04:10:32 UTC,https://discordleaks.unicornriot.ninja/discord/view/16482943#msg
SirW00f,2019-07-31 04:43:19 UTC,https://discordleaks.unicornriot.ninja/discord/view/16482944#msg
SirW00f,2019-08-01 17:23:47 UTC,https://discordleaks.unicornriot.ninja/discord/view/16482945#msg
SirW00f,2019-08-01 17:23:58 UTC,https://discordleaks.unicornriot.ninja/discord/view/16482946#msg
SirW00f,2019-08-01 17:25:44 UTC,https://discordleaks.unicornriot.ninja/discord/view/16482947#msg
jebus,2019-08-10 16:27:48 UTC,https://discordleaks.unicornriot.ninja/discord/view/16482948#msg
jebus,2019-08-10 16:27:59 UTC,https://discordleaks.unicornriot.ninja/discord/view/16482949#msg
jebus,2019-08-10 16:28:21 UTC,https://discordleaks.unicornriot.ninja/discord/view/16482950#msg
jebus,2019-08-10 22:08:31 UTC,https://discordleaks.unicornriot.ninja/discord/view/16482951#msg
jebus,2019-08-10 22:08:33 UTC,https://discordleaks.unicornriot.ninja/discord/view/16482952#msg
jebus,2019-08-10 22:09:02 UTC,https://discordleaks.unicornriot.ninja/discord/view/16482953#msg
SirW00f,2019-08-24 06:25:54 UTC,https://discordleaks.unicornriot.ninja/discord/view/16483016#msg
SirW00f,2019-10-09 03:08:58 UTC,https://discordleaks.unicornriot.ninja/discord/view/16487519#msg
Yesod,2019-10-19 18:10:37 UTC,https://discordleaks.unicornriot.ninja/discord/view/16488706#msg
antfranco,2019-10-22 01:58:10 UTC,https://discordleaks.unicornriot.ninja/discord/view/16488707#msg
zeBond,2019-10-22 14:29:13 UTC,https://discordleaks.unicornriot.ninja/discord/view/16488708#msg
zeBond,2019-10-22 14:29:54 UTC,https://discordleaks.unicornriot.ninja/discord/view/16488709#msg
Andrewi,2019-11-02 22:22:23 UTC,https://discordleaks.unicornriot.ninja/discord/view/23182946#msg
Andrewi,2019-11-02 22:22:46 UTC,https://discordleaks.unicornriot.ninja/discord/view/23182947#msg
leellm77,2019-11-02 22:49:03 UTC,https://discordleaks.unicornriot.ninja/discord/view/23182948#msg
SirW00f,2019-11-02 22:58:21 UTC,https://discordleaks.unicornriot.ninja/discord/view/23182949#msg
SirW00f,2019-11-02 22:58:30 UTC,https://discordleaks.unicornriot.ninja/discord/view/23182950#msg
SirW00f,2019-11-02 22:59:05 UTC,https://discordleaks.unicornriot.ninja/discord/view/23182951#msg
SirW00f,2019-11-03 05:15:53 UTC,https://discordleaks.unicornriot.ninja/discord/view/23182952#msg
SirW00f,2019-11-03 05:16:05 UTC,https://discordleaks.unicornriot.ninja/discord/view/23182953#msg
SirW00f,2019-11-03 05:16:35 UTC,https://discordleaks.unicornriot.ninja/discord/view/23182954#msg
SirW00f,2019-11-03 05:32:03 UTC,https://discordleaks.unicornriot.ninja/discord/view/23182955#msg
SirW00f,2019-11-03 05:32:19 UTC,https://discordleaks.unicornriot.ninja/discord/view/23182956#msg
Unique Serrao,2019-11-03 12:43:18 UTC,https://discordleaks.unicornriot.ninja/discord/view/23182957#msg
jebus,2019-11-04 08:32:15 UTC,https://discordleaks.unicornriot.ninja/discord/view/23182958#msg
jebus,2019-11-04 08:32:39 UTC,https://discordleaks.unicornriot.ninja/discord/view/23182959#msg
SirW00f,2019-11-04 08:33:01 UTC,https://discordleaks.unicornriot.ninja/discord/view/23182960#msg
jebus,2019-11-04 08:33:49 UTC,https://discordleaks.unicornriot.ninja/discord/view/23182961#msg
jebus,2019-11-04 08:34:11 UTC,https://discordleaks.unicornriot.ninja/discord/view/23182962#msg
jebus,2019-11-04 10:09:09 UTC,https://discordleaks.unicornriot.ninja/discord/view/23182963#msg
jebus,2019-11-04 10:09:11 UTC,https://discordleaks.unicornriot.ninja/discord/view/23182964#msg
jebus,2019-11-04 10:09:20 UTC,https://discordleaks.unicornriot.ninja/discord/view/23182965#msg
SirW00f,2019-11-04 10:10:01 UTC,https://discordleaks.unicornriot.ninja/discord/view/23182966#msg
cyborgalien7,2019-11-05 13:16:42 UTC,https://discordleaks.unicornriot.ninja/discord/view/23182967#msg
one12alpha (TLI),2019-11-06 01:08:56 UTC,https://discordleaks.unicornriot.ninja/discord/view/23182968#msg
one12alpha (TLI),2019-11-06 01:10:41 UTC,https://discordleaks.unicornriot.ninja/discord/view/23182969#msg
one12alpha (TLI),2019-11-06 01:25:24 UTC,https://discordleaks.unicornriot.ninja/discord/view/23182970#msg
one12alpha (TLI),2019-11-06 01:25:31 UTC,https://discordleaks.unicornriot.ninja/discord/view/23182971#msg
SirW00f,2019-11-06 02:32:48 UTC,https://discordleaks.unicornriot.ninja/discord/view/23182896#msg
one12alpha (TLI),2019-11-06 14:11:49 UTC,https://discordleaks.unicornriot.ninja/discord/view/23182897#msg
staywoke89,2019-11-08 09:50:49 UTC,https://discordleaks.unicornriot.ninja/discord/view/23182898#msg
jebus,2019-11-09 08:48:04 UTC,https://discordleaks.unicornriot.ninja/discord/view/23182899#msg
SirW00f,2019-11-12 01:11:50 UTC,https://discordleaks.unicornriot.ninja/discord/view/23182900#msg
SirW00f,2019-11-13 16:20:29 UTC,https://discordleaks.unicornriot.ninja/discord/view/23182901#msg
SirW00f,2019-11-13 16:21:38 UTC,https://discordleaks.unicornriot.ninja/discord/view/23182902#msg
SirW00f,2019-11-13 16:43:24 UTC,https://discordleaks.unicornriot.ninja/discord/view/23182903#msg
SirW00f,2019-11-13 16:44:15 UTC,https://discordleaks.unicornriot.ninja/discord/view/23182904#msg
SirW00f,2019-11-13 17:05:09 UTC,https://discordleaks.unicornriot.ninja/discord/view/23182905#msg
SirW00f,2019-11-13 17:05:27 UTC,https://discordleaks.unicornriot.ninja/discord/view/23182906#msg
zeBond,2019-11-13 17:23:49 UTC,https://discordleaks.unicornriot.ninja/discord/view/23182907#msg
SirW00f,2019-11-13 18:44:18 UTC,https://discordleaks.unicornriot.ninja/discord/view/23182908#msg
SirW00f,2019-11-13 18:44:29 UTC,https://discordleaks.unicornriot.ninja/discord/view/23182909#msg
SirW00f,2019-11-13 19:55:42 UTC,https://discordleaks.unicornriot.ninja/discord/view/23182910#msg
SirW00f,2019-11-13 19:55:52 UTC,https://discordleaks.unicornriot.ninja/discord/view/23182911#msg
Bleezer,2019-11-14 00:17:27 UTC,https://discordleaks.unicornriot.ninja/discord/view/23182912#msg
Bleezer,2019-11-14 00:18:22 UTC,https://discordleaks.unicornriot.ninja/discord/view/23182913#msg
SirW00f,2019-11-14 02:52:28 UTC,https://discordleaks.unicornriot.ninja/discord/view/23182914#msg
SirW00f,2019-11-14 02:53:00 UTC,https://discordleaks.unicornriot.ninja/discord/view/23182915#msg
SirW00f,2019-11-14 02:53:36 UTC,https://discordleaks.unicornriot.ninja/discord/view/23182916#msg
SirW00f,2019-11-14 02:53:53 UTC,https://discordleaks.unicornriot.ninja/discord/view/23182917#msg
SirW00f,2019-11-15 01:17:34 UTC,https://discordleaks.unicornriot.ninja/discord/view/23182918#msg
SirW00f,2019-11-15 19:16:07 UTC,https://discordleaks.unicornriot.ninja/discord/view/23182919#msg
SirW00f,2019-11-15 19:37:30 UTC,https://discordleaks.unicornriot.ninja/discord/view/23182920#msg
SirW00f,2019-11-15 19:48:35 UTC,https://discordleaks.unicornriot.ninja/discord/view/23182921#msg
SirW00f,2019-11-16 18:49:46 UTC,https://discordleaks.unicornriot.ninja/discord/view/23182922#msg
SirW00f,2019-11-19 16:54:34 UTC,https://discordleaks.unicornriot.ninja/discord/view/23182923#msg
SirW00f,2019-11-19 16:55:17 UTC,https://discordleaks.unicornriot.ninja/discord/view/23182924#msg
SirW00f,2019-11-19 16:57:30 UTC,https://discordleaks.unicornriot.ninja/discord/view/23182925#msg
SirW00f,2019-11-20 17:33:42 UTC,https://discordleaks.unicornriot.ninja/discord/view/23182926#msg
SirW00f,2019-11-20 18:23:05 UTC,https://discordleaks.unicornriot.ninja/discord/view/23182927#msg
SirW00f,2019-11-20 18:53:47 UTC,https://discordleaks.unicornriot.ninja/discord/view/23182928#msg
SirW00f,2019-11-20 20:01:30 UTC,https://discordleaks.unicornriot.ninja/discord/view/23182929#msg
one12alpha (TLI),2019-11-21 02:57:47 UTC,https://discordleaks.unicornriot.ninja/discord/view/23182930#msg
SirW00f,2019-11-22 04:46:00 UTC,https://discordleaks.unicornriot.ninja/discord/view/23182931#msg
SirW00f,2019-11-22 05:54:00 UTC,https://discordleaks.unicornriot.ninja/discord/view/23182932#msg
SirW00f,2019-11-22 17:50:01 UTC,https://discordleaks.unicornriot.ninja/discord/view/23182933#msg
FrostyCrits,2019-11-22 19:25:54 UTC,https://discordleaks.unicornriot.ninja/discord/view/23182934#msg
FrostyCrits,2019-11-22 19:27:00 UTC,https://discordleaks.unicornriot.ninja/discord/view/23182935#msg
FrostyCrits,2019-11-22 19:28:23 UTC,https://discordleaks.unicornriot.ninja/discord/view/23182936#msg
SirW00f,2019-11-22 19:36:08 UTC,https://discordleaks.unicornriot.ninja/discord/view/23182937#msg
FrostyCrits,2019-11-22 19:50:27 UTC,https://discordleaks.unicornriot.ninja/discord/view/23182938#msg
WereDingo,2019-11-23 03:08:57 UTC,https://discordleaks.unicornriot.ninja/discord/view/23182939#msg
FrostyCrits,2019-11-23 03:13:05 UTC,https://discordleaks.unicornriot.ninja/discord/view/23182940#msg
jebus,2019-11-25 12:14:42 UTC,https://discordleaks.unicornriot.ninja/discord/view/23182941#msg
jebus,2019-11-25 12:15:31 UTC,https://discordleaks.unicornriot.ninja/discord/view/23182942#msg
jebus,2019-11-25 12:17:18 UTC,https://discordleaks.unicornriot.ninja/discord/view/23182943#msg
jebus,2019-11-25 12:51:27 UTC,https://discordleaks.unicornriot.ninja/discord/view/23182944#msg
jebus,2019-11-25 15:17:47 UTC,https://discordleaks.unicornriot.ninja/discord/view/23182945#msg
