USER,META,LINK,ATTACHMENTS
Dustin Nemos,2018-08-17 07:29:02 UTC,https://discordleaks.unicornriot.ninja/discord/view/6899820#msg
Dustin Nemos,2018-08-17 07:29:05 UTC,https://discordleaks.unicornriot.ninja/discord/view/6899821#msg
MamaLana Sourdough,2018-08-18 00:39:47 UTC,https://discordleaks.unicornriot.ninja/discord/view/6899822#msg
MamaLana Sourdough,2018-08-18 00:41:04 UTC,https://discordleaks.unicornriot.ninja/discord/view/6899823#msg
SirW00f,2018-08-18 02:35:55 UTC,https://discordleaks.unicornriot.ninja/discord/view/6899824#msg
Travag,2018-08-18 03:44:30 UTC,https://discordleaks.unicornriot.ninja/discord/view/6899825#msg
Irshmun,2018-08-20 15:21:36 UTC,https://discordleaks.unicornriot.ninja/discord/view/6899826#msg
Ms. Spooky,2018-09-08 07:29:35 UTC,https://discordleaks.unicornriot.ninja/discord/view/6899827#msg
Xenios2011,2018-09-14 01:33:13 UTC,https://discordleaks.unicornriot.ninja/discord/view/6899828#msg
TAC,2018-10-10 18:18:01 UTC,https://discordleaks.unicornriot.ninja/discord/view/6899829#msg
MamaLana Sourdough,2018-10-10 21:10:06 UTC,https://discordleaks.unicornriot.ninja/discord/view/6899830#msg
TAC,2018-10-11 02:21:48 UTC,https://discordleaks.unicornriot.ninja/discord/view/6899831#msg
TAC,2018-10-11 14:16:43 UTC,https://discordleaks.unicornriot.ninja/discord/view/6899832#msg
TAC,2018-10-11 14:16:59 UTC,https://discordleaks.unicornriot.ninja/discord/view/6899833#msg
TAC,2018-10-11 14:18:12 UTC,https://discordleaks.unicornriot.ninja/discord/view/6899834#msg
TAC,2018-10-11 14:18:34 UTC,https://discordleaks.unicornriot.ninja/discord/view/6899835#msg
TAC,2018-10-11 14:21:52 UTC,https://discordleaks.unicornriot.ninja/discord/view/6899836#msg
Deleted User,2018-10-12 03:47:20 UTC,https://discordleaks.unicornriot.ninja/discord/view/6899837#msg
Deleted User,2018-10-12 03:47:48 UTC,https://discordleaks.unicornriot.ninja/discord/view/6899838#msg
TAC,2018-10-12 03:51:55 UTC,https://discordleaks.unicornriot.ninja/discord/view/6899839#msg
Ms. Spooky,2018-10-12 06:13:45 UTC,https://discordleaks.unicornriot.ninja/discord/view/6899840#msg
TAC,2018-10-12 16:14:25 UTC,https://discordleaks.unicornriot.ninja/discord/view/6899841#msg
TAC,2018-10-15 18:40:14 UTC,https://discordleaks.unicornriot.ninja/discord/view/6899842#msg
TAC,2018-10-18 16:49:21 UTC,https://discordleaks.unicornriot.ninja/discord/view/6899843#msg
MAP JR,2018-10-28 21:48:53 UTC,https://discordleaks.unicornriot.ninja/discord/view/6899844#msg
MAP JR,2018-10-28 21:51:35 UTC,https://discordleaks.unicornriot.ninja/discord/view/6899845#msg
Casey,2018-12-01 21:21:46 UTC,https://discordleaks.unicornriot.ninja/discord/view/6899846#msg
SirW00f,2019-01-11 01:43:32 UTC,https://discordleaks.unicornriot.ninja/discord/view/6899847#msg
SirW00f,2019-01-11 01:44:31 UTC,https://discordleaks.unicornriot.ninja/discord/view/6899848#msg
Andrewi,2019-05-13 13:57:33 UTC,https://discordleaks.unicornriot.ninja/discord/view/16482235#msg
Truth N’ Crimson,2019-05-15 12:47:57 UTC,https://discordleaks.unicornriot.ninja/discord/view/16482236#msg
Andrewi,2019-05-20 22:29:05 UTC,https://discordleaks.unicornriot.ninja/discord/view/16482237#msg
Andrewi,2019-05-20 22:54:29 UTC,https://discordleaks.unicornriot.ninja/discord/view/16482238#msg
Andrewi,2019-05-21 18:41:53 UTC,https://discordleaks.unicornriot.ninja/discord/view/16482239#msg
TheGuyAbriel | Matthew 13,2019-08-04 09:06:44 UTC,https://discordleaks.unicornriot.ninja/discord/view/16482240#msg
SirW00f,2019-09-15 14:59:26 UTC,https://discordleaks.unicornriot.ninja/discord/view/16482241#msg
