TEXT,USER,META,LINK
@Irshmun apologies for the delay.,MamaLana Sourdough,2018-12-11 06:52:50 UTC,https://discordleaks.unicornriot.ninja/discord/view/16478335#msg
@MamaLana Sourdough - No worries at all have a few that will do well here and appreciate this room. @LowLandsPete @Riggy17 (UK) .,Irshmun,2018-12-11 09:54:37 UTC,https://discordleaks.unicornriot.ninja/discord/view/16478336#msg
https://i.imgflip.com/2oh2oi.jpg,SirW00f,2018-12-11 10:02:14 UTC,https://discordleaks.unicornriot.ninja/discord/view/16478337#msg
"there, i christened it",SirW00f,2018-12-11 10:02:39 UTC,https://discordleaks.unicornriot.ninja/discord/view/16478338#msg
https://www.facebook.com/permalink.php?story_fbid=2218378368425449&id=1394586067471354,Riggy17 (UK),2018-12-11 16:55:26 UTC,https://discordleaks.unicornriot.ninja/discord/view/16478339#msg
"https://twitter.com/99freemind/status/1072877454199611392?s=12. Not sure where to put this, but since yellow vests are a form of speaking up and it is more likely to stay visible, here we go. 😁",lmbd,2018-12-12 16:33:10 UTC,https://discordleaks.unicornriot.ninja/discord/view/16478340#msg
https://youtu.be/2byaAQQjDpY,Riggy17 (UK),2018-12-13 00:10:52 UTC,https://discordleaks.unicornriot.ninja/discord/view/16478341#msg
https://cdn.discordapp.com/attachments/445703916424790038/522863810542043137/image0.png,SirW00f,2018-12-13 19:55:56 UTC,https://discordleaks.unicornriot.ninja/discord/view/16478342#msg
https://twitter.com/V_of_Europe/status/1073643456390672385?s=09,SirW00f,2018-12-14 19:50:31 UTC,https://discordleaks.unicornriot.ninja/discord/view/16478343#msg
https://www.politicalite.com/british-yellow-vests/day-of-action-british-yellow-vests-announce-london-protest-tomorrow-1pm/,Riggy17 (UK),2018-12-14 20:50:42 UTC,https://discordleaks.unicornriot.ninja/discord/view/16478344#msg
https://www.youtube.com/watch?v=S0gM3-PnuDA&feature=share,hitchhiker,2018-12-15 05:38:59 UTC,https://discordleaks.unicornriot.ninja/discord/view/16478345#msg
https://www.youtube.com/watch?v=jHVZktmFRmE&feature=share,hitchhiker,2018-12-15 05:40:35 UTC,https://discordleaks.unicornriot.ninja/discord/view/16478346#msg
https://www.youtube.com/watch?v=qKDJ1GHubmM&feature=share,hitchhiker,2018-12-15 05:42:03 UTC,https://discordleaks.unicornriot.ninja/discord/view/16478347#msg
https://twitter.com/AbrahamEkris/status/1073617543028502529,SirW00f,2018-12-15 09:18:56 UTC,https://discordleaks.unicornriot.ninja/discord/view/16478348#msg
https://www.rt.com/news/446549-marianne-naked-paris-protests/,Andrewi,2018-12-15 16:38:04 UTC,https://discordleaks.unicornriot.ninja/discord/view/6878162#msg
https://twitter.com/karenine2/status/1066397074890022912/photo/1?ref_src=twsrc%5Etfw%7Ctwcamp%5Etweetembed%7Ctwterm%5E1066397074890022912&ref_url=https%3A%2F%2Fwww.rt.com%2Fnews%2F446549-marianne-naked-paris-protests%2F,Andrewi,2018-12-15 16:38:30 UTC,https://discordleaks.unicornriot.ninja/discord/view/6878163#msg
https://www.youtube.com/watch?v=2byaAQQjDpY&feature=share,hitchhiker,2018-12-16 03:39:49 UTC,https://discordleaks.unicornriot.ninja/discord/view/6878164#msg
https://twitter.com/AmyMek/status/1074338893774888960,SirW00f,2018-12-16 21:46:58 UTC,https://discordleaks.unicornriot.ninja/discord/view/6878165#msg
https://www.youtube.com/watch?v=OFv4IRF2zAs,SirW00f,2018-12-17 08:47:31 UTC,https://discordleaks.unicornriot.ninja/discord/view/6878166#msg
https://www.zerohedge.com/news/2018-12-14/france-turmoil-blame-russia,SirW00f,2018-12-17 10:09:25 UTC,https://discordleaks.unicornriot.ninja/discord/view/6878167#msg
https://www.youtube.com/watch?v=zAaeWQdlBlM,LowLandsPete,2018-12-22 20:36:54 UTC,https://discordleaks.unicornriot.ninja/discord/view/6878168#msg
https://twitter.com/greg_scott84/status/1076528725544468481,Riggy17 (UK),2018-12-22 21:12:07 UTC,https://discordleaks.unicornriot.ninja/discord/view/6878169#msg
https://twitter.com/Jordan_SP1/status/1076521978436218880,Riggy17 (UK),2018-12-22 21:12:49 UTC,https://discordleaks.unicornriot.ninja/discord/view/6878170#msg
https://twitter.com/Jordan_SP1/status/1076516920382423041,Riggy17 (UK),2018-12-22 21:15:32 UTC,https://discordleaks.unicornriot.ninja/discord/view/6878171#msg
https://www.zerohedge.com/news/2018-12-23/germany-new-law-banning-child-marriage-declared-unconstitutional?utm_source=feedburner&utm_medium=feed&utm_campaign=Feed%3A+zerohedge%2Ffeed+%28zero+hedge+-+on+a+long+enough+timeline%2C+the+survival+rate+for+everyone+drops+to+zero%29,SirW00f,2018-12-24 07:10:31 UTC,https://discordleaks.unicornriot.ninja/discord/view/6878172#msg
https://www.youtube.com/watch?v=Mr3Nosjgw6A,SirW00f,2018-12-26 06:27:09 UTC,https://discordleaks.unicornriot.ninja/discord/view/6878173#msg
https://www.youtube.com/watch?v=Fnnz8l2evWA&feature=youtu.be,Andrewi,2018-12-28 20:32:54 UTC,https://discordleaks.unicornriot.ninja/discord/view/6878174#msg
https://www.rt.com/news/447596-macron-vacation-yellow-vest/,Andrewi,2018-12-28 20:33:23 UTC,https://discordleaks.unicornriot.ninja/discord/view/6878175#msg
https://www.rt.com/news/447143-yellow-vest-france-dance-police/,Andrewi,2018-12-28 20:35:52 UTC,https://discordleaks.unicornriot.ninja/discord/view/6878176#msg
https://www.change.org/p/pour-une-baisse-des-prix-%C3%A0-la-pompe-essence-diesel/u/23800238?cs_tk=AR9KM3LCi56ABGQPJ1wAOEkyIVgcnuKo7dUbFOzSHg%3D%3D&utm_campaign=19a2e0c41f9d4b329120881e911c0a04&utm_medium=email&utm_source=petition_update&utm_term=cs,Andrewi,2018-12-28 20:37:14 UTC,https://discordleaks.unicornriot.ninja/discord/view/6878177#msg
"""Viens Macron on vient te chercher chez toi "" fait référence à un de ses discours lors de l'affaire /scandale Benalla en juillet dernier à Paris, où il a dit ""je suis le seul responsable, qu'ils viennent me chercher""....! = Come on Macron we are getting you, at home. Which refers to one of his speech in July, after the reputation and mischief of his security aid Mr Benalla when he said, to come over and get him......well December 22nd they came to his wife's home protesting in Yellow Vests !!!!",Andrewi,2018-12-28 20:39:03 UTC,https://discordleaks.unicornriot.ninja/discord/view/6878178#msg
https://francais.rt.com/france/57205-acte-6-gilets-jaunes-tentent-forcer-barrage-securite-villa-macron,Andrewi,2018-12-28 20:40:01 UTC,https://discordleaks.unicornriot.ninja/discord/view/6878179#msg
"It seems that he was travelling abroad in Africa, but anywhere he goes in France, Yellow Vests protesters are waiting for him !!!!",Andrewi,2018-12-28 20:43:36 UTC,https://discordleaks.unicornriot.ninja/discord/view/6878180#msg
https://www.youtube.com/watch?v=dIoLmOF187M,Andrewi,2018-12-28 23:07:20 UTC,https://discordleaks.unicornriot.ninja/discord/view/6878181#msg
https://euobserver.com/economic/143162,SirW00f,2018-12-29 12:09:13 UTC,https://discordleaks.unicornriot.ninja/discord/view/6878182#msg
https://twitter.com/BasedPoland/status/1079026914654912513?s=19,Riggy17 (UK),2018-12-29 15:39:10 UTC,https://discordleaks.unicornriot.ninja/discord/view/6878183#msg
https://www.zerohedge.com/news/2018-12-27/angela-merkel-nation-states-must-give-sovereignty-new-world-order,SirW00f,2018-12-30 04:23:03 UTC,https://discordleaks.unicornriot.ninja/discord/view/6878184#msg
https://www.aljazeera.com/news/2018/12/germany-extreme-watch-rise-refugee-attacks-181230141042692.html,SirW00f,2018-12-30 15:32:45 UTC,https://discordleaks.unicornriot.ninja/discord/view/6878185#msg
https://twitter.com/V_of_Europe/status/1079403483521040386?s=19,Riggy17 (UK),2018-12-31 01:10:58 UTC,https://discordleaks.unicornriot.ninja/discord/view/6878186#msg
https://twitter.com/sotiridi/status/1079440721025880065,SirW00f,2018-12-31 01:11:52 UTC,https://discordleaks.unicornriot.ninja/discord/view/6878187#msg
https://www.zerohedge.com/news/2018-12-28/eu-parliament-triggered-patriarchy-urges-gender-neutral-language?utm_source=feedburner&utm_medium=feed&utm_campaign=Feed%3A+zerohedge%2Ffeed+%28zero+hedge+-+on+a+long+enough+timeline%2C+the+survival+rate+for+everyone+drops+to+zero%29,SirW00f,2018-12-31 10:26:49 UTC,https://discordleaks.unicornriot.ninja/discord/view/6878188#msg
https://www.foxnews.com/world/romania-slams-eu-for-treating-it-as-second-rate-country,SirW00f,2018-12-31 11:42:59 UTC,https://discordleaks.unicornriot.ninja/discord/view/6878189#msg
,Riggy17 (UK),2018-12-31 12:24:28 UTC,https://discordleaks.unicornriot.ninja/discord/view/6878190#msg
https://youtu.be/ihO5Krbh21c,Riggy17 (UK),2018-12-31 12:42:17 UTC,https://discordleaks.unicornriot.ninja/discord/view/6878191#msg
15 demands 👍💯,Riggy17 (UK),2018-12-31 12:42:53 UTC,https://discordleaks.unicornriot.ninja/discord/view/6878192#msg
https://twitter.com/PrisonPlanet/status/1079733822579789824,SirW00f,2018-12-31 14:22:59 UTC,https://discordleaks.unicornriot.ninja/discord/view/6878193#msg
well netherlands will be well armed today,SirW00f,2018-12-31 20:15:22 UTC,https://discordleaks.unicornriot.ninja/discord/view/6878194#msg
https://www.facebook.com/dutchsurvivalguide/videos/646395845779316/,SirW00f,2018-12-31 20:15:25 UTC,https://discordleaks.unicornriot.ninja/discord/view/6878195#msg
https://www.youtube.com/watch?v=3dZcE9Nst7c,LowLandsPete,2019-01-05 10:37:11 UTC,https://discordleaks.unicornriot.ninja/discord/view/6878196#msg
https://www.youtube.com/watch?v=meOGxagroAk,LowLandsPete,2019-01-05 11:58:56 UTC,https://discordleaks.unicornriot.ninja/discord/view/6878197#msg
https://twitter.com/Bellingdawg/status/1081676134876672001?s=19,SirW00f,2019-01-05 23:03:45 UTC,https://discordleaks.unicornriot.ninja/discord/view/6878198#msg
https://www.youtube.com/watch?v=xH56NQRWyaA,LowLandsPete,2019-01-06 20:05:23 UTC,https://discordleaks.unicornriot.ninja/discord/view/6878199#msg
https://twitter.com/OwenJones84/status/1082256193035345920,Riggy17 (UK),2019-01-07 19:02:48 UTC,https://discordleaks.unicornriot.ninja/discord/view/6878200#msg
https://www.youtube.com/watch?v=0DGhZ4kHv0c&feature=youtu.be,Riggy17 (UK),2019-01-07 19:04:20 UTC,https://discordleaks.unicornriot.ninja/discord/view/6878201#msg
Kay burley is a lead anchor,Riggy17 (UK),2019-01-07 19:04:45 UTC,https://discordleaks.unicornriot.ninja/discord/view/6878202#msg
https://www.facebook.com/JamesGoddard230616/videos/vb.2053295254713755/1068843899991108/?type=2&theater,Riggy17 (UK),2019-01-07 19:05:12 UTC,https://discordleaks.unicornriot.ninja/discord/view/6878203#msg
https://www.youtube.com/watch?v=yQQwP2PP9VY,LowLandsPete,2019-01-08 17:23:46 UTC,https://discordleaks.unicornriot.ninja/discord/view/6878204#msg
2019 is a new Stage of violance https://www.bbc.com/news/world-europe-46792556,Saschak,2019-01-08 19:42:43 UTC,https://discordleaks.unicornriot.ninja/discord/view/6878205#msg
https://de.indymedia.org/node/24999?fbclid=IwAR2poYhVvYwULtqS0tQYPDvsST1xMQosWQ6nLuyFdv3npPGAs7GhURCX4bE,Saschak,2019-01-08 19:44:14 UTC,https://discordleaks.unicornriot.ninja/discord/view/6878206#msg
https://www.welt.de/politik/deutschland/article186585970/Explosion-vor-AfD-Buero-Tatverdaechtige-in-Doebeln-sind-wieder-frei.html,Saschak,2019-01-08 19:44:49 UTC,https://discordleaks.unicornriot.ninja/discord/view/6878207#msg
Worth re tweeting. https://twitter.com/PrinceBraith9th/status/1082631857236262913?s=19,Riggy17 (UK),2019-01-08 23:14:44 UTC,https://discordleaks.unicornriot.ninja/discord/view/6878208#msg
https://www.zerohedge.com/news/2019-01-08/draconian-french-law-ban-all-protests-pm-announces-major-crackdown-yellow-vests,SirW00f,2019-01-09 22:35:58 UTC,https://discordleaks.unicornriot.ninja/discord/view/6878209#msg
https://youtu.be/MDAjEaFPnwY,shieldOFaith,2019-01-10 04:27:20 UTC,https://discordleaks.unicornriot.ninja/discord/view/6878210#msg
https://www.youtube.com/watch?v=MDAjEaFPnwY&feature=share,shieldOFaith,2019-01-10 04:28:09 UTC,https://discordleaks.unicornriot.ninja/discord/view/6878211#msg
https://www.thegatewaypundit.com/2019/01/for-shame-police-in-netherlands-caught-on-video-arresting-young-mother-with-baby-stroller-for-not-removing-yellow-protest-vest/,truthnugget,2019-01-10 04:39:07 UTC,https://discordleaks.unicornriot.ninja/discord/view/6878112#msg
http://feeds.reuters.com/~r/Reuters/worldNews/~3/tXIIJzonM5w/french-companies-bruised-by-yellow-vests-protests-idUSKCN1P41SX,SirW00f,2019-01-10 15:14:55 UTC,https://discordleaks.unicornriot.ninja/discord/view/6878113#msg
http://feeds.reuters.com/~r/Reuters/worldNews/~3/xGwA8ycjqSg/police-evacuate-at-least-six-german-courts-after-bomb-threats-idUSKCN1P50Y3,SirW00f,2019-01-11 11:44:45 UTC,https://discordleaks.unicornriot.ninja/discord/view/6878114#msg
https://youtu.be/oYu4c29z0PE,Ronsheckelson,2019-01-11 21:55:41 UTC,https://discordleaks.unicornriot.ninja/discord/view/6878115#msg
"OyVey!!!
It's ok...
Its ok... To be a Goy

OyVey!!!
OyVey...
Its ok... To be a Goy

The cattle know
They run the show
The more we work
The more we owe

We're born a slave
And forced to serve
The beast of Satan
Federal Reserve

Two sets of laws
Meant to deceive
With UCC
To supersede

The laws of God
For the laws of man
They use your name
To pull this scam

All uppercase
But still the same
The only prison
Is in your brain

It only works
If you comply
For us to live
They have to die

They're not content 
To coexist
They pushed the limits
And now we're pissed

So pick a side
The end is near
I trust in God
I have no fear

The game is over
The final blow
For the spawns of Satan
Because the Goyim know!!!",Ronsheckelson,2019-01-11 21:56:11 UTC,https://discordleaks.unicornriot.ninja/discord/view/6878116#msg
https://www.youtube.com/watch?v=TJHgRc6edqw,LowLandsPete,2019-01-12 12:18:37 UTC,https://discordleaks.unicornriot.ninja/discord/view/6878117#msg
http://feeds.reuters.com/~r/Reuters/worldNews/~3/5XvbpdsNeXs/with-2300-word-letter-macron-launches-debate-to-quell-yellow-vest-unrest-idUSKCN1P70SG,SirW00f,2019-01-13 21:08:15 UTC,https://discordleaks.unicornriot.ninja/discord/view/6878118#msg
https://twitter.com/sotiridi/status/1084595032408182785?s=21,SirW00f,2019-01-13 23:46:16 UTC,https://discordleaks.unicornriot.ninja/discord/view/6878119#msg
https://www.dailymail.co.uk/news/article-6586991/French-riot-police-using-semi-automatic-weapons-against-Yellow-Vest-protestors.html?ito=social-twitter_mailonline,SirW00f,2019-01-14 00:26:28 UTC,https://discordleaks.unicornriot.ninja/discord/view/6878120#msg
https://twitter.com/starcrosswolf/status/1084344854388174848,SirW00f,2019-01-14 00:27:12 UTC,https://discordleaks.unicornriot.ninja/discord/view/6878121#msg
https://www.youtube.com/watch?v=R9wdACMZN_U,LowLandsPete,2019-01-19 10:42:00 UTC,https://discordleaks.unicornriot.ninja/discord/view/6878122#msg
https://twitter.com/haveweallgonem1/status/1087444033037787142?s=12,lmbd,2019-01-22 01:39:53 UTC,https://discordleaks.unicornriot.ninja/discord/view/6878123#msg
v/çm,Maga gal,2019-01-23 05:47:05 UTC,https://discordleaks.unicornriot.ninja/discord/view/6878124#msg
+,Maga gal,2019-01-23 05:47:07 UTC,https://discordleaks.unicornriot.ninja/discord/view/6878125#msg
https://www.youtube.com/watch?v=o5MpiNSTPpA,LowLandsPete,2019-01-26 10:31:03 UTC,https://discordleaks.unicornriot.ninja/discord/view/6878126#msg
https://www.youtube.com/watch?v=gXF25KCOpS0,LowLandsPete,2019-01-26 11:15:45 UTC,https://discordleaks.unicornriot.ninja/discord/view/6878127#msg
https://www.youtube.com/watch?v=YguYXSGZ6JY,LowLandsPete,2019-01-26 13:39:28 UTC,https://discordleaks.unicornriot.ninja/discord/view/6878128#msg
https://www.youtube.com/watch?v=WveFXqFXxrU,LowLandsPete,2019-01-26 19:18:16 UTC,https://discordleaks.unicornriot.ninja/discord/view/6878129#msg
Am I the highest ranking anon?,natxlaw,2019-02-01 04:32:49 UTC,https://discordleaks.unicornriot.ninja/discord/view/6878130#msg
https://www.youtube.com/watch?v=haQ9ws8hNeQ,LowLandsPete,2019-02-02 11:23:06 UTC,https://discordleaks.unicornriot.ninja/discord/view/6878131#msg
https://twitter.com/unitynewsnet/status/1091733858444328969?s=12,lmbd,2019-02-02 20:59:03 UTC,https://discordleaks.unicornriot.ninja/discord/view/6878132#msg
https://twitter.com/McguireScotty/status/1092752345019138048?s=09,SirW00f,2019-02-05 15:53:42 UTC,https://discordleaks.unicornriot.ninja/discord/view/6878133#msg
http://feedproxy.google.com/~r/zerohedge/feed/~3/Bp3wNPZDy6E/eu-going-full-orwell,SirW00f,2019-02-08 07:08:38 UTC,https://discordleaks.unicornriot.ninja/discord/view/6878134#msg
http://feedproxy.google.com/~r/zerohedge/feed/~3/OFs1DCUICXc/hopes-fade-eu-rescue-iran-banking-scheme-bypass-sanctions,SirW00f,2019-02-08 14:39:53 UTC,https://discordleaks.unicornriot.ninja/discord/view/6878135#msg
https://www.youtube.com/watch?v=MbCZwZA4PAg,SirW00f,2019-02-09 03:16:32 UTC,https://discordleaks.unicornriot.ninja/discord/view/6878136#msg
https://www.youtube.com/watch?v=G1KKH4S3x5w,LowLandsPete,2019-02-09 10:15:21 UTC,https://discordleaks.unicornriot.ninja/discord/view/6878137#msg
https://www.youtube.com/watch?v=nTN-klnAuiA,LowLandsPete,2019-02-09 19:59:43 UTC,https://discordleaks.unicornriot.ninja/discord/view/6878138#msg
https://www.thegatewaypundit.com/2019/02/horror-protester-loses-his-hand-in-saturday-yellow-vest-rally-in-france-video/,Riggy17 (UK),2019-02-09 22:16:38 UTC,https://discordleaks.unicornriot.ninja/discord/view/6878139#msg
https://www.youtube.com/watch?v=lJpNtkH822k,Riggy17 (UK),2019-02-09 22:17:01 UTC,https://discordleaks.unicornriot.ninja/discord/view/6878140#msg
https://twitter.com/BasedPoland/status/1094724236118278145?s=09,SirW00f,2019-02-11 14:15:12 UTC,https://discordleaks.unicornriot.ninja/discord/view/6878141#msg
they basically trolled them with foam,SirW00f,2019-02-11 14:15:22 UTC,https://discordleaks.unicornriot.ninja/discord/view/6878142#msg
https://www.youtube.com/watch?v=raZCHzKjrjA,LowLandsPete,2019-02-11 16:57:43 UTC,https://discordleaks.unicornriot.ninja/discord/view/6878143#msg
https://www.youtube.com/watch?v=2HnrJBG0Hv0,LowLandsPete,2019-02-16 11:37:12 UTC,https://discordleaks.unicornriot.ninja/discord/view/6878144#msg
https://www.youtube.com/watch?v=OuS12k9TH_E,LowLandsPete,2019-02-17 13:32:17 UTC,https://discordleaks.unicornriot.ninja/discord/view/6878145#msg
The video with the firefighter foam was from Belgium Oct 2013. Fake news unfortunately @SirW00f,Laurie,2019-02-18 01:06:37 UTC,https://discordleaks.unicornriot.ninja/discord/view/6878146#msg
https://www.youtube.com/watch?v=SQMI3-2poMM&feature=share,Laurie,2019-02-18 01:07:41 UTC,https://discordleaks.unicornriot.ninja/discord/view/6878147#msg
https://www.youtube.com/watch?v=uozFgXPQtc8,LowLandsPete,2019-02-20 09:11:11 UTC,https://discordleaks.unicornriot.ninja/discord/view/6878148#msg
https://www.youtube.com/watch?v=1IAQeuScxCA,LowLandsPete,2019-02-23 10:27:51 UTC,https://discordleaks.unicornriot.ninja/discord/view/6878149#msg
https://www.youtube.com/watch?v=XlFr_OIOVfc,SirW00f,2019-03-08 04:05:23 UTC,https://discordleaks.unicornriot.ninja/discord/view/6878150#msg
https://www.youtube.com/watch?v=YsBMfGwyPE8,SirW00f,2019-03-08 04:27:03 UTC,https://discordleaks.unicornriot.ninja/discord/view/6878151#msg
https://twitter.com/M2Madness/status/1104065280827969537,SirW00f,2019-03-08 17:32:05 UTC,https://discordleaks.unicornriot.ninja/discord/view/6878152#msg
https://www.rt.com/news/453477-yellow-vests-masonic-lodge/,LowLandsPete,2019-03-11 06:48:32 UTC,https://discordleaks.unicornriot.ninja/discord/view/6878153#msg
https://www.youtube.com/watch?v=kAzvSXo5Hr8&index=2&list=PLoLytQk_WG5KNocqUfCWXQeaL9TEwxLj8,SirW00f,2019-03-12 09:01:37 UTC,https://discordleaks.unicornriot.ninja/discord/view/6878154#msg
yt already pulled the first part,SirW00f,2019-03-12 09:09:01 UTC,https://discordleaks.unicornriot.ninja/discord/view/6878155#msg
but part 2 exposes the soviet/eu connection,SirW00f,2019-03-12 09:09:38 UTC,https://discordleaks.unicornriot.ninja/discord/view/6878156#msg
rest of the series gets a bit biblical,SirW00f,2019-03-12 09:30:43 UTC,https://discordleaks.unicornriot.ninja/discord/view/6878157#msg
https://youtu.be/sl73FPLkYt8,Smiley,2019-03-17 10:59:25 UTC,https://discordleaks.unicornriot.ninja/discord/view/6878158#msg
https://youtu.be/7ctFE2xxUd8,Smiley,2019-03-17 11:00:32 UTC,https://discordleaks.unicornriot.ninja/discord/view/6878159#msg
https://twitter.com/PartisanDE/status/1106901438477815808,SirW00f,2019-03-17 15:42:03 UTC,https://discordleaks.unicornriot.ninja/discord/view/6878160#msg
whole thread of vids,SirW00f,2019-03-17 15:42:12 UTC,https://discordleaks.unicornriot.ninja/discord/view/6878161#msg
https://www.foxnews.com/world/brussels-area-close-to-eu-cleared-after-bomb-alert,SirW00f,2019-03-19 11:58:48 UTC,https://discordleaks.unicornriot.ninja/discord/view/16478326#msg
"gee, u think somebody doesn't like the eu?",SirW00f,2019-03-19 11:58:57 UTC,https://discordleaks.unicornriot.ninja/discord/view/16478327#msg
"how to investigate a suspect building, call in a bomb threat or fire alarm?",SirW00f,2019-03-19 11:59:38 UTC,https://discordleaks.unicornriot.ninja/discord/view/16478328#msg
"i present to u the actual founder of the yellow vest movement
https://www.foxnews.com/world/bannon-predicts-stunning-victory-for-european-populists",SirW00f,2019-03-21 23:15:52 UTC,https://discordleaks.unicornriot.ninja/discord/view/16478329#msg
http://feedproxy.google.com/~r/zerohedge/feed/~3/Pz2A8HKTjoM/finland-feds-investigate-nokia-phones-sending-data-china,SirW00f,2019-03-21 23:30:00 UTC,https://discordleaks.unicornriot.ninja/discord/view/16478330#msg
https://www.youtube.com/watch?v=vd9f5YEdvoM,LowLandsPete,2019-03-23 11:31:41 UTC,https://discordleaks.unicornriot.ninja/discord/view/16478331#msg
https://www.foxnews.com/world/macron-hopes-older-protester-gains-wisdom-after-injuries,SirW00f,2019-03-25 12:05:05 UTC,https://discordleaks.unicornriot.ninja/discord/view/16478332#msg
https://www.zerohedge.com/news/2019-03-25/luongo-liberalisms-last-stand-brexit?utm_source=feedburner&utm_medium=feed&utm_campaign=Feed%3A+zerohedge%2Ffeed+%28zero+hedge+-+on+a+long+enough+timeline%2C+the+survival+rate+for+everyone+drops+to+zero%29,SirW00f,2019-03-26 10:13:41 UTC,https://discordleaks.unicornriot.ninja/discord/view/16478333#msg
http://feeds.reuters.com/~r/Reuters/worldNews/~3/fqhiFK65H0U/police-give-all-clear-to-german-town-halls-after-bomb-threats-idUSKCN1R723J,SirW00f,2019-03-26 17:15:35 UTC,https://discordleaks.unicornriot.ninja/discord/view/16478334#msg
http://feedproxy.google.com/~r/zerohedge/feed/~3/FIDSAfsPyRg/yellow-vests-torrent-hope-cannot-be-stopped-police-blocks,SirW00f,2019-03-27 09:18:22 UTC,https://discordleaks.unicornriot.ninja/discord/view/16478276#msg
https://twitter.com/No2Fear_UK/status/1094461357150351360,SirW00f,2019-03-30 08:43:55 UTC,https://discordleaks.unicornriot.ninja/discord/view/16478277#msg
https://cdn.discordapp.com/attachments/445703916424790038/562020324275650570/Liveleak.com_-_Yellow_vests_and_repression_in_France._ENGLI01.mp4,SirW00f,2019-03-31 21:24:15 UTC,https://discordleaks.unicornriot.ninja/discord/view/16478278#msg
https://cdn.discordapp.com/attachments/445703916424790038/562020384296140820/Liveleak.com_-_Yellow_vests_and_repression_in_France._ENGLI03.mp4,SirW00f,2019-03-31 21:24:32 UTC,https://discordleaks.unicornriot.ninja/discord/view/16478279#msg
https://cdn.discordapp.com/attachments/445703916424790038/562020413488758786/Liveleak.com_-_Yellow_vests_and_repression_in_France._ENGLI04.mp4,SirW00f,2019-03-31 21:24:43 UTC,https://discordleaks.unicornriot.ninja/discord/view/16478280#msg
https://cdn.discordapp.com/attachments/445703916424790038/562020447097716762/Liveleak.com_-_Yellow_vests_and_repression_in_France._ENGLI06.mp4,SirW00f,2019-03-31 21:25:13 UTC,https://discordleaks.unicornriot.ninja/discord/view/16478281#msg
https://www.liveleak.com/view?t=s5kCY_1554033170,SirW00f,2019-03-31 21:25:37 UTC,https://discordleaks.unicornriot.ninja/discord/view/16478282#msg
https://youtu.be/d8Gu2fYa2j8,SirW00f,2019-03-31 21:27:25 UTC,https://discordleaks.unicornriot.ninja/discord/view/16478283#msg
"from 2014, yt keeps removing it",SirW00f,2019-03-31 21:27:39 UTC,https://discordleaks.unicornriot.ninja/discord/view/16478284#msg
watch in discord to avoid login censorship,SirW00f,2019-03-31 21:27:58 UTC,https://discordleaks.unicornriot.ninja/discord/view/16478285#msg
from 2014 - ukraine caught bombing seperatists,SirW00f,2019-03-31 21:36:08 UTC,https://discordleaks.unicornriot.ninja/discord/view/16478286#msg
https://youtu.be/XjbM4NmjLcA,SirW00f,2019-04-01 05:21:41 UTC,https://discordleaks.unicornriot.ninja/discord/view/16478287#msg
https://zh-prod-1cc738ca-7d3b-4a72-b792-20bd8d8fa069.storage.googleapis.com/s3fs-public/styles/max_650x650/public/2019-04/cyprus-1.jpg?itok=50-GiwQE,SirW00f,2019-04-06 17:16:41 UTC,https://discordleaks.unicornriot.ninja/discord/view/16478288#msg
https://www.youtube.com/watch?v=AmytXiVXoYs,jetskimatty,2019-04-12 21:59:02 UTC,https://discordleaks.unicornriot.ninja/discord/view/16478289#msg
https://www.youtube.com/watch?v=JXHW0P9tIfk,LowLandsPete,2019-04-20 13:49:39 UTC,https://discordleaks.unicornriot.ninja/discord/view/16478290#msg
https://cdn.discordapp.com/attachments/489837874393645066/569806387908050974/D4qTW7QXkAAmWla.png,SirW00f,2019-04-22 09:17:45 UTC,https://discordleaks.unicornriot.ninja/discord/view/16478291#msg
pass the word,SirW00f,2019-04-22 09:17:49 UTC,https://discordleaks.unicornriot.ninja/discord/view/16478292#msg
https://twitter.com/jeanrvi/status/1120706284884512769/video/1,SirW00f,2019-04-24 03:57:52 UTC,https://discordleaks.unicornriot.ninja/discord/view/16478293#msg
https://www.foxnews.com/world/denmark-companies-receive-hazardous-powder-in-letters,SirW00f,2019-04-24 19:52:12 UTC,https://discordleaks.unicornriot.ninja/discord/view/16478294#msg
https://www.youtube.com/watch?v=-JXVdaUGiSA&t=0s,LowLandsPete,2019-04-25 20:49:45 UTC,https://discordleaks.unicornriot.ninja/discord/view/16478295#msg
didnt know that was still going on,LazyTitan,2019-04-26 23:50:43 UTC,https://discordleaks.unicornriot.ninja/discord/view/16478296#msg
how's it doing?,LazyTitan,2019-04-26 23:50:49 UTC,https://discordleaks.unicornriot.ninja/discord/view/16478297#msg
https://www.youtube.com/watch?v=r8FozwiGV_E,LowLandsPete,2019-04-27 11:53:29 UTC,https://discordleaks.unicornriot.ninja/discord/view/16478298#msg
https://www.nowtheendbegins.com/chrislam-emmanuel-macron-says-catholic-notre-dame-cathedral-be-rebuilt-islamic-muslim-minaret-reflect-diversity-france/,Andrewi,2019-04-28 15:38:40 UTC,https://discordleaks.unicornriot.ninja/discord/view/16478299#msg
http://feedproxy.google.com/~r/zerohedge/feed/~3/ZmvNZX_qKWw/tipping-point-gilets-jaunes-are-winning-whats-next,SirW00f,2019-04-30 06:17:48 UTC,https://discordleaks.unicornriot.ninja/discord/view/16478300#msg
https://www.youtube.com/watch?v=-YZNnCZK9gE,LowLandsPete,2019-05-01 09:26:29 UTC,https://discordleaks.unicornriot.ninja/discord/view/16478301#msg
https://www.youtube.com/watch?v=Vzl6m_2_YH8,LowLandsPete,2019-05-01 09:26:50 UTC,https://discordleaks.unicornriot.ninja/discord/view/16478302#msg
they're making it a may-day event,SirW00f,2019-05-01 09:26:56 UTC,https://discordleaks.unicornriot.ninja/discord/view/16478303#msg
Important day here,LowLandsPete,2019-05-01 09:27:11 UTC,https://discordleaks.unicornriot.ninja/discord/view/16478304#msg
odds are majority of the protestors are those either unemployed or working off shift from protest hrs,SirW00f,2019-05-01 09:27:56 UTC,https://discordleaks.unicornriot.ninja/discord/view/16478305#msg
it's a national day off for most europeans,LowLandsPete,2019-05-01 09:28:49 UTC,https://discordleaks.unicornriot.ninja/discord/view/16478306#msg
"theres basically 3 nations supporting the entire eu in terms of money...england, france and germany",SirW00f,2019-05-01 09:29:02 UTC,https://discordleaks.unicornriot.ninja/discord/view/16478307#msg
France is not paying what it should nor is Germany it's the smaler countries that pay most for their experiment,LowLandsPete,2019-05-01 09:29:59 UTC,https://discordleaks.unicornriot.ninja/discord/view/16478308#msg
"england wants out via brexit, france in protests, and germany is on the verge of revolution",SirW00f,2019-05-01 09:30:04 UTC,https://discordleaks.unicornriot.ninja/discord/view/16478309#msg
few of the smaller nations are between protests or on verge of revolution...poland is exploiting the chaos,SirW00f,2019-05-01 09:31:18 UTC,https://discordleaks.unicornriot.ninja/discord/view/16478310#msg
france is always in protest .. but the yellow vest movement is someting else and is all about Europe and the ending of the Union,LowLandsPete,2019-05-01 09:31:23 UTC,https://discordleaks.unicornriot.ninja/discord/view/16478311#msg
East block counties had the most gain from the EU and they did good for them.,LowLandsPete,2019-05-01 09:32:24 UTC,https://discordleaks.unicornriot.ninja/discord/view/16478312#msg
the meaning of the yellow vest movement is that the working class is fed up with supporting every little bs tossed at them to support,SirW00f,2019-05-01 09:32:25 UTC,https://discordleaks.unicornriot.ninja/discord/view/16478313#msg
well the east block nations were raped by soviet union,SirW00f,2019-05-01 09:32:48 UTC,https://discordleaks.unicornriot.ninja/discord/view/16478314#msg
yup,LowLandsPete,2019-05-01 09:32:58 UTC,https://discordleaks.unicornriot.ninja/discord/view/16478315#msg
even russia was raped by the soviet union,SirW00f,2019-05-01 09:34:13 UTC,https://discordleaks.unicornriot.ninja/discord/view/16478316#msg
they had to dissolve it to escape it ...currently in a federalist gov system now,SirW00f,2019-05-01 09:34:50 UTC,https://discordleaks.unicornriot.ninja/discord/view/16478317#msg
any commies left are either playing roles of 'oligarks' or moved to eu,SirW00f,2019-05-01 09:35:26 UTC,https://discordleaks.unicornriot.ninja/discord/view/16478318#msg
https://twitter.com/unitynewsnet/status/1123619335438852096?s=12,lmbd,2019-05-03 01:48:31 UTC,https://discordleaks.unicornriot.ninja/discord/view/16478319#msg
https://youtu.be/KkdWb9In42g,Andrewi,2019-05-03 11:24:02 UTC,https://discordleaks.unicornriot.ninja/discord/view/16478320#msg
"***Labor day protest in Paris, Yellow Vests and activists are being pushed against their will, and others and being taken inside a cigar room for detention /custody !!! ***",Andrewi,2019-05-03 11:25:13 UTC,https://discordleaks.unicornriot.ninja/discord/view/16478321#msg
https://www.youtube.com/watch?v=Bo2MZ7VyAKw,LowLandsPete,2019-05-04 11:47:21 UTC,https://discordleaks.unicornriot.ninja/discord/view/16478322#msg
Q in Paris Yellow Vest May 4th 2019,Andrewi,2019-05-04 22:10:54 UTC,https://discordleaks.unicornriot.ninja/discord/view/16478323#msg
"***You are witnessing the systematic destruction of the OLD GUARD. May, 2019 – 'kick-off' 'start' 'offense' Enjoy the show! Q﻿ *** 👇",Andrewi,2019-05-04 22:11:16 UTC,https://discordleaks.unicornriot.ninja/discord/view/16478324#msg
https://youtu.be/Cib7h21FRGg,Andrewi,2019-05-04 22:11:54 UTC,https://discordleaks.unicornriot.ninja/discord/view/16478325#msg
https://media.8ch.net/file_store/f95207dadf16b0d47a699b8ae8f88eb93f313cc06432956eab099a790f3abff6.png,Andrewi,2019-05-06 19:48:57 UTC,https://discordleaks.unicornriot.ninja/discord/view/16478349#msg
http://feedproxy.google.com/~r/zerohedge/feed/~3/KkIAHf93D_4/european-gas-game-about-change,SirW00f,2019-05-11 13:45:29 UTC,https://discordleaks.unicornriot.ninja/discord/view/16478350#msg
https://www.reuters.com/article/us-eu-election-germany-npd/germanys-top-court-orders-broadcaster-to-air-neo-nazi-party-advert-idUSKCN1SM0YO?feedType=RSS&feedName=worldNews&utm_source=feedburner&utm_medium=feed&utm_campaign=Feed%3A+Reuters%2FworldNews+%28Reuters+World+News%29,SirW00f,2019-05-16 11:33:44 UTC,https://discordleaks.unicornriot.ninja/discord/view/16478351#msg
"i think this might piss off some ppl
but free speech is free speech",SirW00f,2019-05-16 11:35:22 UTC,https://discordleaks.unicornriot.ninja/discord/view/16478352#msg
https://mobile.twitter.com/georgepapa19/status/1129100036254490624?s=12,SirW00f,2019-05-17 02:13:10 UTC,https://discordleaks.unicornriot.ninja/discord/view/16478353#msg
https://www.youtube.com/watch?v=mxXHov7dHNc&feature=youtu.be,Andrewi,2019-05-17 21:22:27 UTC,https://discordleaks.unicornriot.ninja/discord/view/16478354#msg
after 15 min presentation see composition equals to Zylon B - does it ring a bell ?,Andrewi,2019-05-17 21:22:58 UTC,https://discordleaks.unicornriot.ninja/discord/view/16478355#msg
"Live protest today in Paris, more than 8000 people https://www.youtube.com/watch?v=gwDkJWrXqOU",Andrewi,2019-05-18 15:32:21 UTC,https://discordleaks.unicornriot.ninja/discord/view/16478356#msg
https://www.msn.com/en-gb/news/world/after-failed-appeal-ex-french-president-sarkozy-looks-headed-to-trial/ar-AABvacq?li=BBoPWjQ&ocid=mailsignout,Andrewi,2019-05-18 16:45:08 UTC,https://discordleaks.unicornriot.ninja/discord/view/16478357#msg
https://twitter.com/Ian56789/status/1129775032463429632?s=19,Andrewi,2019-05-18 17:43:13 UTC,https://discordleaks.unicornriot.ninja/discord/view/16478358#msg
http://feedproxy.google.com/~r/zerohedge/feed/~3/rVz2LfLxXbA/buchanan-has-day-nationalists-come-europe,SirW00f,2019-05-22 09:38:00 UTC,https://discordleaks.unicornriot.ninja/discord/view/16478359#msg
https://www.ukcolumn.org/article/yellow-vests-macrons-assault-french-people,Andrewi,2019-05-23 17:57:23 UTC,https://discordleaks.unicornriot.ninja/discord/view/16478360#msg
https://youtu.be/jUO7tGZ4IIw,Andrewi,2019-05-23 17:57:45 UTC,https://discordleaks.unicornriot.ninja/discord/view/16478361#msg
https://cdn.discordapp.com/attachments/445703916424790038/581316813842022400/unknown.png,SirW00f,2019-05-24 08:55:52 UTC,https://discordleaks.unicornriot.ninja/discord/view/16478362#msg
https://www.youtube.com/watch?v=pG9YYZyn0j8,LowLandsPete,2019-05-25 12:18:30 UTC,https://discordleaks.unicornriot.ninja/discord/view/16478363#msg
https://www.telegraph.co.uk/news/2019/05/30/french-police-face-charges-yellow-vest-injuries/amp/,Andrewi,2019-05-31 11:49:09 UTC,https://discordleaks.unicornriot.ninja/discord/view/16478364#msg
nice makeup,SirW00f,2019-05-31 11:50:42 UTC,https://discordleaks.unicornriot.ninja/discord/view/16478365#msg
my blood don't even look that 'fresh',SirW00f,2019-05-31 11:51:00 UTC,https://discordleaks.unicornriot.ninja/discord/view/16478366#msg
https://www.youtube.com/watch?v=R4-dRaKobNM,LowLandsPete,2019-06-01 11:48:10 UTC,https://discordleaks.unicornriot.ninja/discord/view/16478367#msg
https://twitter.com/PartisanDE/status/1135191593995186182,Andrewi,2019-06-02 19:06:32 UTC,https://discordleaks.unicornriot.ninja/discord/view/16478368#msg
http://feedproxy.google.com/~r/zerohedge/feed/~3/ymx3tnntjyw/coalition-has-come-end-merkels-government-verge-collapse-after-spd-chief-resigns,SirW00f,2019-06-03 00:39:45 UTC,https://discordleaks.unicornriot.ninja/discord/view/16478369#msg
https://www.facebook.com/sputnik.france/videos/311495806468797/,Andrewi,2019-06-03 17:40:08 UTC,https://discordleaks.unicornriot.ninja/discord/view/16478370#msg
Paris Bastille Sunday June 2nd 2019 - protests regarding wounded activists,Andrewi,2019-06-03 17:40:28 UTC,https://discordleaks.unicornriot.ninja/discord/view/16478371#msg
https://twitter.com/love4thegameak/status/1135608259417481216?s=21,SirW00f,2019-06-04 01:49:01 UTC,https://discordleaks.unicornriot.ninja/discord/view/16478372#msg
https://twitter.com/love4thegameak/status/1135609631797960705?s=21,SirW00f,2019-06-04 01:49:11 UTC,https://discordleaks.unicornriot.ninja/discord/view/16478373#msg
https://www.foxnews.com/world/german-politician-shot-dead-garden-murder,SirW00f,2019-06-04 20:20:30 UTC,https://discordleaks.unicornriot.ninja/discord/view/16478374#msg
https://www.youtube.com/watch?v=7vQmywp8Tus,SirW00f,2019-06-08 05:19:45 UTC,https://discordleaks.unicornriot.ninja/discord/view/16478375#msg
https://www.youtube.com/watch?v=O3f4IaEloaE,LowLandsPete,2019-06-08 12:37:59 UTC,https://discordleaks.unicornriot.ninja/discord/view/16478376#msg
https://on.rt.com/9wgm,SirW00f,2019-06-15 22:02:49 UTC,https://discordleaks.unicornriot.ninja/discord/view/16478377#msg
https://francais.rt.com/france/63190-acte-32-blocages-prevus-localement-salon-bourget,Andrewi,2019-06-22 21:28:22 UTC,https://discordleaks.unicornriot.ninja/discord/view/16478378#msg
https://twitter.com/McguireScotty/status/1142207179451187200,Andrewi,2019-06-22 21:29:12 UTC,https://discordleaks.unicornriot.ninja/discord/view/16478379#msg
https://www.youtube.com/watch?v=wv7CtWa0zII,Andrewi,2019-06-22 21:29:46 UTC,https://discordleaks.unicornriot.ninja/discord/view/16478380#msg
https://twitter.com/Nadege_RTFrance/status/1142421120328654848,Andrewi,2019-06-22 21:30:30 UTC,https://discordleaks.unicornriot.ninja/discord/view/16478381#msg
https://twitter.com/LeNombreJaune?ref_src=twsrc%5Etfw%7Ctwcamp%5Etweetembed%7Ctwterm%5E1142472052852441088&ref_url=https%3A%2F%2Ffrancais.rt.com%2Ffrance%2F63190-acte-32-blocages-prevus-localement-salon-bourget,Andrewi,2019-06-22 21:31:10 UTC,https://discordleaks.unicornriot.ninja/discord/view/16478382#msg
https://www.facebook.com/sousmarinsjaunes/videos/344974946188112/?__tn__=%2Cd%2CP-R&eid=ARABRzQZUIhqQ7S0QHzhy3o6rjzmmrMdpKdLNuCEMwIFSBHPB3NfKJYspFzEJOEpWzS9kDEztVFtRGPX,Andrewi,2019-06-28 16:56:05 UTC,https://discordleaks.unicornriot.ninja/discord/view/16478383#msg
France Yellow vests (Military) in Lyon last saturday https://www.youtube.com/watch?v=JYbMv6ZDoOI,Andrewi,2019-06-28 23:34:31 UTC,https://discordleaks.unicornriot.ninja/discord/view/16478384#msg
https://fr.sputniknews.com/france/201906281041540864-des-crs-gazent-a-bout-portant-et-trainent-de-force-des-militants-ecologistes-assis-par-terre-a/,Andrewi,2019-06-29 15:40:06 UTC,https://discordleaks.unicornriot.ninja/discord/view/16478385#msg
https://www.foxnews.com/world/europe-heatwave-temperature-wildfires-claims-multiple-lives,SirW00f,2019-06-29 15:43:14 UTC,https://discordleaks.unicornriot.ninja/discord/view/16478386#msg
"btw, the 'security police forces' in paris, they're in a world of problems wearing all that protective gear roasting in that heat",SirW00f,2019-06-29 15:43:54 UTC,https://discordleaks.unicornriot.ninja/discord/view/16478387#msg
https://twitter.com/BasedPoland/status/1145091087192743936,Andrewi,2019-06-30 12:23:00 UTC,https://discordleaks.unicornriot.ninja/discord/view/16478388#msg
https://www.youtube.com/watch?v=JTc_KtZOIzI,Andrewi,2019-06-30 14:26:05 UTC,https://discordleaks.unicornriot.ninja/discord/view/16478389#msg
https://www.youtube.com/watch?v=3JlJml2FtkQ,Andrewi,2019-07-03 22:50:12 UTC,https://discordleaks.unicornriot.ninja/discord/view/16478390#msg
"Major event with Yellow Vests and Activists at Amazon France HQ and also Toulouse and Lille. They claim that the corporation is the enemy of the people, and nature, with Climate change, and the worst for taxes, since they pay less than 0.46 % in EU",Andrewi,2019-07-03 22:50:33 UTC,https://discordleaks.unicornriot.ninja/discord/view/16478391#msg
http://feedproxy.google.com/~r/zerohedge/feed/~3/1l7I_QI09bg/eu-experiences-decline-terrorist-attacks,SirW00f,2019-07-05 08:12:45 UTC,https://discordleaks.unicornriot.ninja/discord/view/16478392#msg
for next time u get a lefty saying the right-wing is violent,SirW00f,2019-07-05 08:13:22 UTC,https://discordleaks.unicornriot.ninja/discord/view/16478393#msg
show them this,SirW00f,2019-07-05 08:13:28 UTC,https://discordleaks.unicornriot.ninja/discord/view/16478394#msg
https://www.youtube.com/watch?v=GwJBPX3rf1g,LowLandsPete,2019-07-13 11:45:54 UTC,https://discordleaks.unicornriot.ninja/discord/view/16478395#msg
https://www.youtube.com/watch?v=n3UK8sleY0I,LowLandsPete,2019-07-14 08:16:19 UTC,https://discordleaks.unicornriot.ninja/discord/view/16478396#msg
https://twitter.com/ActionBrexit/status/1153223990309249024,SirW00f,2019-07-23 10:07:23 UTC,https://discordleaks.unicornriot.ninja/discord/view/16478397#msg
https://www.aljazeera.com/news/2019/07/remaining-iran-nuclear-deal-signatories-meet-vienna-190723114800617.html,SirW00f,2019-07-23 12:59:24 UTC,https://discordleaks.unicornriot.ninja/discord/view/16478398#msg
"gee, u think they're trying to buy favor again?
from the way the article lays out who's going ....its saying uk, france and germany are not longer part of the eu",SirW00f,2019-07-23 12:59:48 UTC,https://discordleaks.unicornriot.ninja/discord/view/16478399#msg
https://twitter.com/ActionBrexit/status/1155122413459464192,Andrewi,2019-07-27 15:30:28 UTC,https://discordleaks.unicornriot.ninja/discord/view/16478400#msg
http://feedproxy.google.com/~r/zerohedge/feed/~3/lQ3yXsGcNqc/eus-other-periphery,SirW00f,2019-07-29 06:16:19 UTC,https://discordleaks.unicornriot.ninja/discord/view/16478401#msg
https://twitter.com/i/status/1155780603213766656,Andrewi,2019-07-29 21:48:24 UTC,https://discordleaks.unicornriot.ninja/discord/view/16478402#msg
"Maga galsamedi dernier à 05:34
@Christus Rex Just curious - are the yellow vest protests being broadcast?

Christus Rexsamedi dernier à 18:16
Bonjour from France @everyone 🙂 Hope you all are spending a good day today.
@Maga gal Hello Maga. About yellow vest protests, those ones are largely less broadcasted than before. i noticed that there're less videos about this subject. The different medias on Youtube (even RT media) seem to have have received orders from their hierarchy to not to cover this this every saturday event, and more if it's about the disproportionate repressiv abuses of the police vs peaceful protesters. More worrying, during the 14th national commemoration party, a couple of videos, on Youtube, showed some Yellow vests driven to a disused place that looked like a detention camp. Alas, i don't have more informations about what might happened to those people and what was this place where those people have been driven : several contradictory informations circulated about the location of this place, but nothing sure.",Christus Rex,2019-08-09 16:07:04 UTC,https://discordleaks.unicornriot.ninja/discord/view/16478403#msg
"Christus Rex samedi dernier à 19:22
@Maga gal (the following of my answer) i send to you the couple of videos showing what happened to those yellow vests https://www.youtube.com/watch?v=278UaArl__E And this one https://www.youtube.com/watch?v=GWiA_JShmgc
YouTube
Hyper Crazy 9
REGARDEZ 14 Juil - Gilets Jaunes Déportés vers un Camp !!

YouTube
Hyper Crazy 9
GJ 14 Juillet - ARRIVÉE AU CAMP DE DÉTENTION , L'ANGOISSE DANS L...

@Maga gal As you can see, this mays remind a bad period of Europe's history during the 2nd World War, if you see what i mean. (yellow vests = yellow stars) And about camps, you have those ones in USA, and even if i've no proofs about Europe, because of the fact that i find nothing on Internet about those camps, i'm almost sure that we have the same in Europe. https://www.dailymotion.com/video/xs7obt",Christus Rex,2019-08-09 16:07:22 UTC,https://discordleaks.unicornriot.ninja/discord/view/16478404#msg
***YELLOW VEST ORGANISING A FREE PASS FOR MOTORWAYS TO THE SOUTH (Duration 3h30 min) loss of 300 000 € for VINCI estimate *** https://www.youtube.com/watch?v=qhSnGzi65nk,Andrewi,2019-08-10 12:24:37 UTC,https://discordleaks.unicornriot.ninja/discord/view/16478405#msg
https://twitter.com/i/status/1160942496857382913,SirW00f,2019-08-12 18:09:21 UTC,https://discordleaks.unicornriot.ninja/discord/view/16478406#msg
https://www.breitbart.com/europe/2019/08/18/macron-govt-claims-it-doesnt-know-why-suicides-are-rising-among-french-police/,SirW00f,2019-08-18 15:05:34 UTC,https://discordleaks.unicornriot.ninja/discord/view/16478407#msg
https://archive.is/yAR2v#selection-831.0-864.0,SirW00f,2019-08-27 13:12:43 UTC,https://discordleaks.unicornriot.ninja/discord/view/16478408#msg
https://video.twimg.com/ext_tw_video/1163696837498429441/pu/vid/320x320/3jH2skOXjzaZL1Sq.mp4?tag=10,SirW00f,2019-08-28 16:24:41 UTC,https://discordleaks.unicornriot.ninja/discord/view/16478409#msg
https://www.bitchute.com/video/YWv8HGWw5c5H/,SirW00f,2019-08-28 22:25:18 UTC,https://discordleaks.unicornriot.ninja/discord/view/16478410#msg
https://files.catbox.moe/hapm0w.png,Andrewi,2019-09-03 17:25:27 UTC,https://discordleaks.unicornriot.ninja/discord/view/16478411#msg
https://www.foxnews.com/world/brazil-tourism-ambassador-choke-macron-sleeping-dragon,Andrewi,2019-09-04 11:35:43 UTC,https://discordleaks.unicornriot.ninja/discord/view/16478412#msg
https://www.theguardian.com/world/2019/sep/02/finland-under-pressure-to-revamp-rape-laws,SirW00f,2019-09-09 03:49:44 UTC,https://discordleaks.unicornriot.ninja/discord/view/16478413#msg
https://www.facebook.com/permalink.php?story_fbid=291555975042257&id=269250170606171,Andrewi,2019-09-16 20:27:37 UTC,https://discordleaks.unicornriot.ninja/discord/view/16478414#msg
"Yellow Vest Demands

1. We demand, Citizens initiated Referenda similar to Switzerland.
2. Immediate halt on all evictions and cameras allowed in all civil courts.
3. We demand that Leo Varadkar declare a General Election & resign.
4. Cervical Cancer HSE staff responsible fired & Simon Harris resign.
5. Constitutional protection of Ireland’s water from privatisation.
6. Medicinal Cannabis legalised immediately.
7. Abolish Vulture Funds.
8. Prohibition on TDs from being housing Landlords or beneficiaries.
9. Mortgage debt write off for all family homes similar to what Iceland did.
10. Return Ireland’s Oil & Gas reserves to public ownership.
11. An effective means to Remove corrupt Gardai, civil servants & judges.
12. Public banking prioritised over private Banking greed.
13. Immediate distribution of Food/fuel vouchers for people going hungry and cold.
14. Cap rent per bedroom to €400 per month.
15. Abolishment of the TV Licence.
16. Enforce full corporate tax rate on multinationals and collect revenues owed.
17. A Raise in minimum wage to actual living costs.
18. Abolish household charge and property tax.",Andrewi,2019-09-16 20:27:55 UTC,https://discordleaks.unicornriot.ninja/discord/view/16478415#msg
https://twitter.com/KTHopkins/status/1173261106892222465,Andrewi,2019-09-16 21:05:32 UTC,https://discordleaks.unicornriot.ninja/discord/view/16478416#msg
"Acte45
#GiletsJaunes
#ChampsElysees
#Paris https://twitter.com/Ian56789/status/1175429393671499776?s=20",Andrewi,2019-09-21 23:50:13 UTC,https://discordleaks.unicornriot.ninja/discord/view/16478417#msg
https://www.facebook.com/sputnik.france/videos/1183677731912006/,Andrewi,2019-09-22 14:40:15 UTC,https://discordleaks.unicornriot.ninja/discord/view/16478418#msg
https://francais.rt.com/france/66041-gazes-plein-visage-couple-touristes-evacue-champs-elysees-video,Andrewi,2019-09-22 14:40:28 UTC,https://discordleaks.unicornriot.ninja/discord/view/16478419#msg
Tweet in english. Tear gas used on tourists while reaching for their car...police captain in custody and 120 people,Andrewi,2019-09-22 14:42:54 UTC,https://discordleaks.unicornriot.ninja/discord/view/16478420#msg
https://www.rt.com/news/469305-france-yellow-vests-piano-stlazare/,Andrewi,2019-09-22 19:07:52 UTC,https://discordleaks.unicornriot.ninja/discord/view/16478421#msg
https://www.rt.com/news/469332-man-rams-france-mosque-stabs/,Andrewi,2019-09-22 19:33:16 UTC,https://discordleaks.unicornriot.ninja/discord/view/16478422#msg
https://www.youtube.com/watch?v=tKyx-Esgstc,Andrewi,2019-09-28 12:52:04 UTC,https://discordleaks.unicornriot.ninja/discord/view/16478423#msg
46 weeks Paris 9è Live today,Andrewi,2019-09-28 12:52:14 UTC,https://discordleaks.unicornriot.ninja/discord/view/16478424#msg
https://www.youtube.com/watch?v=acCcDDgvH5Y,Andrewi,2019-09-28 14:37:42 UTC,https://discordleaks.unicornriot.ninja/discord/view/16478425#msg
https://youtu.be/vFg4wpNFiLs,Andrewi,2019-09-28 14:43:58 UTC,https://discordleaks.unicornriot.ninja/discord/view/16478426#msg
https://www.youtube.com/watch?v=FPD7EroJjr8,Andrewi,2019-09-28 14:49:38 UTC,https://discordleaks.unicornriot.ninja/discord/view/16478427#msg
english,Andrewi,2019-09-28 14:49:42 UTC,https://discordleaks.unicornriot.ninja/discord/view/16478428#msg
https://twitter.com/rt_com/status/1103026142661926912?s=21,Andrewi,2019-09-28 17:54:53 UTC,https://discordleaks.unicornriot.ninja/discord/view/16478429#msg
https://www.rt.com/news/469976-finland-shopping-mall-finland/,SirW00f,2019-10-01 12:52:55 UTC,https://discordleaks.unicornriot.ninja/discord/view/16478430#msg
https://twitter.com/cjtruth/status/1179750240183881728?s=19,Andrewi,2019-10-03 16:46:42 UTC,https://discordleaks.unicornriot.ninja/discord/view/16487505#msg
how much u wanna bet bannon was in there sometime in the past 2-4yrs,SirW00f,2019-10-03 16:51:55 UTC,https://discordleaks.unicornriot.ninja/discord/view/16487506#msg
https://www.bbc.com/news/technology-49919329,SirW00f,2019-10-04 12:33:15 UTC,https://discordleaks.unicornriot.ninja/discord/view/16487507#msg
https://www.rt.com/news/470287-police-storm-paris-mall-ecoactivists/,Andrewi,2019-10-05 19:54:22 UTC,https://discordleaks.unicornriot.ninja/discord/view/16487508#msg
https://www.zerohedge.com/political/sweden-backs-down-abolishing-ancient-history-classes-after-huge-backlash,SirW00f,2019-10-11 08:55:02 UTC,https://discordleaks.unicornriot.ninja/discord/view/16487509#msg
https://sputniknews.com/europe/201910101077009614-romanian-parliament-passes-motion-of-no-confidence-in-prime-minister-dancilas-government-/?utm_source=push&utm_medium=browser_notification&utm_campaign=sputnik_inter_en,SirW00f,2019-10-11 10:40:52 UTC,https://discordleaks.unicornriot.ninja/discord/view/16487510#msg
https://www.politicalite.com/brexit/ready-to-rise-thousands-sign-up-for-mass-protests-across-the-uk-if-brexit-not-delivered/?utm_source=sharebuttons&fbclid=IwAR0JGPFSs6zkYTP42uxQIVBzuF22BqGAn_GAL5rF3umh2OG8qIEt9ARaKUE,jetskimatty,2019-10-11 15:57:49 UTC,https://discordleaks.unicornriot.ninja/discord/view/16487511#msg
https://deathaddict.co/videos/3962/halle-germany-shooting-cam/,SirW00f,2019-10-12 18:51:01 UTC,https://discordleaks.unicornriot.ninja/discord/view/16487512#msg
"SPAIN Gilets Jaunes pour l'Indépendance des Catalans, Barcelone....silence radio des médias
https://twitter.com/CatalansForYes/status/1185161191041257474",Andrewi,2019-10-18 14:02:56 UTC,https://discordleaks.unicornriot.ninja/discord/view/16488689#msg
"protests by thousands of farmers in Holland. EUROPE is close to civil war and none of this is being reported in MSM
https://twitter.com/gemmaod1/status/1185210568061403136?s=19",Andrewi,2019-10-18 18:31:46 UTC,https://discordleaks.unicornriot.ninja/discord/view/16488690#msg
https://www.youtube.com/watch?v=xPfncD2YSIE,Andrewi,2019-10-19 23:10:38 UTC,https://discordleaks.unicornriot.ninja/discord/view/16488691#msg
https://twitter.com/sahouraxo/status/1184967911166922752,Andrewi,2019-10-19 23:11:11 UTC,https://discordleaks.unicornriot.ninja/discord/view/16488692#msg
https://www.youtube.com/watch?v=0TREDFvow8Q,Andrewi,2019-10-19 23:14:24 UTC,https://discordleaks.unicornriot.ninja/discord/view/16488693#msg
(Germany),Andrewi,2019-10-19 23:14:38 UTC,https://discordleaks.unicornriot.ninja/discord/view/16488694#msg
https://youtu.be/4bMRHTImoJE,Andrewi,2019-10-19 23:15:38 UTC,https://discordleaks.unicornriot.ninja/discord/view/16488695#msg
https://twitter.com/PMBreakingNews/status/1185649844032950272?s=20,Andrewi,2019-10-19 23:16:16 UTC,https://discordleaks.unicornriot.ninja/discord/view/16488696#msg
https://twitter.com/RichardWellings/status/1188148566700761088,Andrewi,2019-10-27 23:35:49 UTC,https://discordleaks.unicornriot.ninja/discord/view/17770781#msg
https://www.youtube.com/watch?v=iERLyAxddVE&feature=youtu.be,SirW00f,2019-10-28 13:23:55 UTC,https://discordleaks.unicornriot.ninja/discord/view/17770782#msg
https://fr.sputniknews.com/france/201910301042348995-gilets-jaunes-le-biologiste-qui-enquete-sur-les-gaz-lacrymogenes-arrete/?utm_source=push&utm_medium=browser_notification&utm_campaign=sputnik_fr,Andrewi,2019-10-30 15:40:03 UTC,https://discordleaks.unicornriot.ninja/discord/view/17770783#msg
(Français),Andrewi,2019-10-30 15:40:09 UTC,https://discordleaks.unicornriot.ninja/discord/view/17770784#msg
"Tear Gas toxic lab analysis enquiry from a Street Medic. Evidence of poisoning of protesters O-chloro-benzylidène malonitrile (CS) , it's a weapon of war, the independant chemist who made all the research and blood tests has been arrested on false charges, because he made a dozen tests with a special lab protocol. The toxic content cyanide is toxic for police forces......Results were 100 % positive, he is threatened everyday and SOS UN.",Andrewi,2019-10-30 16:00:03 UTC,https://discordleaks.unicornriot.ninja/discord/view/17770785#msg
https://www.gazlacrymo.fr/,Andrewi,2019-10-30 16:00:44 UTC,https://discordleaks.unicornriot.ninja/discord/view/17770786#msg
https://www.gazlacrymo.fr/2019/07/23/centre-pour-la-promotion-de-la-sante-et-la-medecine-preventive-de-larmee-americaine-us-army/ English : O-chloro-benzylidène malonitrile (CS),Andrewi,2019-10-30 16:10:14 UTC,https://discordleaks.unicornriot.ninja/discord/view/17770787#msg
CS is barely a weapon of war....its more used against civilians than in war.,one12alpha (TLI),2019-10-30 16:15:10 UTC,https://discordleaks.unicornriot.ninja/discord/view/17770788#msg
"@one12alpha (TLI) It is banned by the Geneva Convention on Civilians ! Furthermore, the tests were carried-out with 2 protocols, after 30 min max on protesters, and more than dozen individuals are 100 % poisoned ! This is now going to be a legal action against the government in France. It impacts not only protexters but also police forces. The street medic who is an R& D lab chemist is now being threatened by many instances/individuals and also SOS united Nations !!! In my opinion the case could be showed as an evidence of a civil war against peaceful protesters. This weapon used, is key in a criminal court. France signed the Geneva Convention !! Doctors carried out many others blood tests to show that these victims still carry poison in their bodies after 2 weeks.",Andrewi,2019-10-30 16:18:24 UTC,https://discordleaks.unicornriot.ninja/discord/view/17770789#msg
"They, nearly all governments including France, use it often for crowd dispersal.",one12alpha (TLI),2019-10-30 16:21:12 UTC,https://discordleaks.unicornriot.ninja/discord/view/17770790#msg
"Depends on the concentration of the chemical - go into website there are info in many countries, cases, some in english : https://www.gazlacrymo.fr/2019/07/23/centre-pour-la-promotion-de-la-sante-et-la-medecine-preventive-de-larmee-americaine-us-army/",Andrewi,2019-10-30 16:21:38 UTC,https://discordleaks.unicornriot.ninja/discord/view/17770791#msg
"It would be good to make a tweet, there are abuse of power, we are now nearly at 52 weeks of protests in France, it started November 17th - There will be a big event for the date !",Andrewi,2019-10-30 16:23:06 UTC,https://discordleaks.unicornriot.ninja/discord/view/17770792#msg
"And....i think you should double check the Geneva convention. It protects civilians in a time of war. Ill look it over again just in case Im wrong, but I'm pretty sure it has nothing to do with a government using a lacrimating agent against its own population as a means of crowd dispersal.",one12alpha (TLI),2019-10-30 16:27:41 UTC,https://discordleaks.unicornriot.ninja/discord/view/17770793#msg
https://www.liberation.fr/checknews/2018/11/26/la-convention-sur-l-interdiction-des-armes-chimiques-interdit-elle-le-gaz-lacrymogene_1694353,Andrewi,2019-10-30 16:32:09 UTC,https://discordleaks.unicornriot.ninja/discord/view/17770794#msg
States must declare the use of tear gas chemicals on civilians within the convention ratified in 1993 (OPCW) https://www.opcw.org/chemical-weapons-convention/articles/preamble,Andrewi,2019-10-30 16:34:07 UTC,https://discordleaks.unicornriot.ninja/discord/view/17770795#msg
https://www.opcw.org/our-work/what-chemical-weapon,Andrewi,2019-10-30 16:35:29 UTC,https://discordleaks.unicornriot.ninja/discord/view/17770796#msg
https://www.youtube.com/watch?v=EKLwvfC4yYw,Andrewi,2019-11-01 13:11:21 UTC,https://discordleaks.unicornriot.ninja/discord/view/23182864#msg
(french),Andrewi,2019-11-01 13:11:24 UTC,https://discordleaks.unicornriot.ninja/discord/view/23182865#msg
https://twitter.com/dailydigger19/status/1194290322911698946,Andrewi,2019-11-13 14:40:04 UTC,https://discordleaks.unicornriot.ninja/discord/view/23182866#msg
https://www.youtube.com/watch?v=uCUqclPVZqg&feature=share,Andrewi,2019-11-16 19:04:40 UTC,https://discordleaks.unicornriot.ninja/discord/view/23182867#msg
https://twitter.com/RT_com/status/1195753395732135936,Andrewi,2019-11-16 22:19:49 UTC,https://discordleaks.unicornriot.ninja/discord/view/23182868#msg
"https://twitter.com/GBNReports/status/1195889217945178117 Place d'Italie, in Paris XIII",Andrewi,2019-11-17 15:14:03 UTC,https://discordleaks.unicornriot.ninja/discord/view/23182869#msg
https://www.youtube.com/watch?v=GAxZGsRhtiI,Andrewi,2019-11-17 15:15:58 UTC,https://discordleaks.unicornriot.ninja/discord/view/23182870#msg
https://on.rt.com/a5hj,Andrewi,2019-11-18 18:29:20 UTC,https://discordleaks.unicornriot.ninja/discord/view/23182871#msg
https://twitter.com/RemyBuisine/status/1196036427508830209,Andrewi,2019-11-18 19:02:35 UTC,https://discordleaks.unicornriot.ninja/discord/view/23182872#msg
They are singinf Happy Birthday !,Andrewi,2019-11-18 19:02:44 UTC,https://discordleaks.unicornriot.ninja/discord/view/23182873#msg
https://youtu.be/aeC3V4i9ki8,Andrewi,2019-11-18 19:06:50 UTC,https://discordleaks.unicornriot.ninja/discord/view/23182874#msg
https://twitter.com/IntheNow_tweet/status/1197230761914589184,Andrewi,2019-11-22 23:12:58 UTC,https://discordleaks.unicornriot.ninja/discord/view/23182875#msg
