TEXT,USER,META,LINK
@lmbd @Desimated the floor is yours 👍,MamaLana Sourdough,2018-11-25 06:24:52 UTC,https://discordleaks.unicornriot.ninja/discord/view/6878111#msg
Thank you Mama❤,lmbd,2018-11-25 06:25:41 UTC,https://discordleaks.unicornriot.ninja/discord/view/6878061#msg
https://nationalpost.com/news/politics/braid-liberal-no-oil-plan-for-alberta-is-working-just-a-little-early/wcm/3de8ad98-046c-462e-bcbf-35518d294ec9,lmbd,2018-11-25 07:24:53 UTC,https://discordleaks.unicornriot.ninja/discord/view/6878062#msg
"Please check my calculations....👀 Trudeau has pledged $20 million over 4 years(2017-2021) to the CHAI section of the Clinton Foundation(""reproductive"" health....). If the Foundation funding levels hold steady at $22 Million raised, Trudeau will have donated over 22% of the total for amount raised per year for the ENTIRE Clinton Foundation. 😡 https://www.zerohedge.com/news/2018-11-21/clinton-foundation-donations-plummet-90 https://canada-haiti.ca/content/trudeau-government-announces-20-million-donation-clinton-foundation http://checkyourfact.com/2017/07/19/fact-check-is-canada-donating-taxpayer-money-to-the-clinton-foundation/ I don't know about the reliablity of the Fact checker site. It could be something similar to Snopes.",lmbd,2018-11-25 16:09:08 UTC,https://discordleaks.unicornriot.ninja/discord/view/6878063#msg
dirty meme for ca only,SirW00f,2018-11-28 21:46:24 UTC,https://discordleaks.unicornriot.ninja/discord/view/6878064#msg
https://twitter.com/pierrepoilievre/status/1068155022964375552?s=12,lmbd,2018-11-29 17:20:22 UTC,https://discordleaks.unicornriot.ninja/discord/view/6878065#msg
President Trump and PM Trudeau use different names for the agreement. It does not appear to be a friendly meeting. So sad and so disheartening.,lmbd,2018-11-30 15:10:28 UTC,https://discordleaks.unicornriot.ninja/discord/view/6878066#msg
https://www.pscp.tv/WhiteHouse/1zqKVOnQOpWGB?t=6m50s,lmbd,2018-11-30 15:43:10 UTC,https://discordleaks.unicornriot.ninja/discord/view/6878067#msg
https://twitter.com/PierrePoilievre/status/1068510647116193793,lmbd,2018-11-30 15:51:28 UTC,https://discordleaks.unicornriot.ninja/discord/view/6878068#msg
@lmbd Trudeau is afraid of men?? Lol. He’s a classic feminist...,MamaLana Sourdough,2018-12-01 05:20:58 UTC,https://discordleaks.unicornriot.ninja/discord/view/6878069#msg
"He is a sad , sad example of manhood or feminism.",lmbd,2018-12-01 05:22:57 UTC,https://discordleaks.unicornriot.ninja/discord/view/6878070#msg
male workers in rural areas.....like they don't have enough of them already there,SirW00f,2018-12-01 05:33:29 UTC,https://discordleaks.unicornriot.ninja/discord/view/6878071#msg
Feminism will die in our lifetimes I pray.,MaxKolbe,2018-12-02 15:04:23 UTC,https://discordleaks.unicornriot.ninja/discord/view/6878072#msg
https://m.youtube.com/watch?v=2amI5FKhoHA&t=607s,Riggy17 (UK),2018-12-03 20:21:19 UTC,https://discordleaks.unicornriot.ninja/discord/view/6878073#msg
https://www.therebel.media/un-global-compact-migration-ezra-levant-rebel-media-politics,lmbd,2018-12-03 20:21:51 UTC,https://discordleaks.unicornriot.ninja/discord/view/6878074#msg
I can’t load that mate does rebel have a petition started yeh @lmbd,Riggy17 (UK),2018-12-03 20:26:52 UTC,https://discordleaks.unicornriot.ninja/discord/view/6878075#msg
There is a petition. I'll see if I can find it.,lmbd,2018-12-03 20:27:21 UTC,https://discordleaks.unicornriot.ninja/discord/view/6878076#msg
"i haven't listened to all of this live chat yet, so IDK how on topic it is. https://www.youtube.com/watch?v=uqJVt_-fzhI",lmbd,2018-12-03 20:36:26 UTC,https://discordleaks.unicornriot.ninja/discord/view/6878077#msg
Here is the Canadian petition regarding the UN Migrant compact https://twitter.com/PPCpfdsddo/status/1069307817830567936,lmbd,2018-12-04 04:36:58 UTC,https://discordleaks.unicornriot.ninja/discord/view/6878078#msg
https://twitter.com/edebis/status/1069767758118772736?s=12,lmbd,2018-12-05 04:01:45 UTC,https://discordleaks.unicornriot.ninja/discord/view/6878079#msg
https://twitter.com/paulpoco/status/1070141066420973569?s=12,lmbd,2018-12-05 04:03:18 UTC,https://discordleaks.unicornriot.ninja/discord/view/6878080#msg
https://twitter.com/brianlilley/status/1070721367472070656?s=12. I believe PM Trudeau is doing everything he can to weaken Canada.,lmbd,2018-12-06 17:14:43 UTC,https://discordleaks.unicornriot.ninja/discord/view/6878081#msg
"Canada to endorse UN migration pact as Conservatives warn of sovereignty risks

https://www.cbc.ca/news/politics/global-compact-un-hussen-1.4935492",lmbd,2018-12-08 18:16:37 UTC,https://discordleaks.unicornriot.ninja/discord/view/6878082#msg
https://twitter.com/standupnow0071/status/1071414757402468352?s=12,lmbd,2018-12-08 21:11:39 UTC,https://discordleaks.unicornriot.ninja/discord/view/6878083#msg
https://gellerreport.com/2018/12/trudeau-un-migration.html/?utm_source=dlvr.it&utm_medium=twitter,lmbd,2018-12-09 07:30:05 UTC,https://discordleaks.unicornriot.ninja/discord/view/6878084#msg
https://twitter.com/GuiltyWhiteBoi/status/1070860223294959617,Riggy17 (UK),2018-12-09 08:46:56 UTC,https://discordleaks.unicornriot.ninja/discord/view/6878085#msg
"Thank you Riggy. I hope and pray Teresa May is voted out, Brexit is implemented, you can withdraw from the compact and avoid most of the Migration effects. Canada's target is 7+ million- approx. 1/4 of our current population by 2030. Our only hope is to vote Trudeau out next year or that he and his foundation are exposed for pedophilia or he is exposed for U1. It breaks my heart to think about it. 🙏",lmbd,2018-12-09 14:37:06 UTC,https://discordleaks.unicornriot.ninja/discord/view/6878086#msg
He was considered by many to be a breath of fresh air after Stephen Harper. I didn't vote for him.,lmbd,2018-12-09 14:42:05 UTC,https://discordleaks.unicornriot.ninja/discord/view/6878087#msg
Just shows the control deep state really have over U.K. and Canada mate a .. much deeper than we probably know .. I don’t think our governments make any decisions these days they just get told .. neither marches in U.K. or Canada looked like they went to well on it today either .. not sure why people are not getting how big this is .. it will not take long until we are minority’s once it starts .. at least for Britain we have water to cross for now but if only .. U.K. and Canada and Sweden sign this it will be U.K. and Canada the boats keep coming too .. U.K. government is refusing to respond to our petition and is just going ahead with it all .. looks like Canada Europe and U.K. are where the deep state are going to try strengthening back up on there end i think mate unreal why our country’s of all .. only 3 left that’s going to put insane pressure on us fast with the rest rejecting,Riggy17 (UK),2018-12-09 21:22:00 UTC,https://discordleaks.unicornriot.ninja/discord/view/6878088#msg
https://cdn.discordapp.com/attachments/495039700776648714/521511796776108042/8bit.jpeg,SirW00f,2018-12-10 02:25:55 UTC,https://discordleaks.unicornriot.ninja/discord/view/6878089#msg
"Canada is just starting to realize what this means. I think we see ourselves as a friendly welcoming, honest country, so we don’t expect our politicians to be devious either. We’ve fallen asleep at the wheel.",lmbd,2018-12-10 05:28:47 UTC,https://discordleaks.unicornriot.ninja/discord/view/6878090#msg
https://twitter.com/darreljorstad/status/1072196089925824512?s=12,lmbd,2018-12-10 19:03:27 UTC,https://discordleaks.unicornriot.ninja/discord/view/6878091#msg
"Former Canadian diplomat detained in China: sources | Article [AMP] | Reuters

https://www.reuters.com/article/us-china-icg-idUSKBN1OA1EB",lmbd,2018-12-11 16:24:06 UTC,https://discordleaks.unicornriot.ninja/discord/view/6878092#msg
https://www.theglobeandmail.com/politics/article-ottawa-estimates-60-extremists-have-returned-to-canada-from-foreign/,lmbd,2018-12-11 20:30:20 UTC,https://discordleaks.unicornriot.ninja/discord/view/6878093#msg
https://business.financialpost.com/opinion/william-watson-trudeau-thinks-his-carbon-tax-will-avoid-macrons-fate-lets-see?utm_term=Autofeed&utm_medium=Social&utm_source=Twitter#Echobox=1544526522,lmbd,2018-12-11 21:37:55 UTC,https://discordleaks.unicornriot.ninja/discord/view/6878094#msg
"Trudeau’s tanker ban is making many Indigenous communities angry. Here’s why – Financial Post

https://business.financialpost.com/opinion/trudeaus-tanker-ban-is-making-many-indigenous-communities-angry-heres-why. Sounds like a win-win situation except for gov’t interference",lmbd,2018-12-11 23:52:51 UTC,https://discordleaks.unicornriot.ninja/discord/view/6878095#msg
https://twitter.com/lindaa01836703/status/1072620759531601920?s=12 please spread far a d wide. This is only in here so it doesn’t get buried.,lmbd,2018-12-12 01:08:46 UTC,https://discordleaks.unicornriot.ninja/discord/view/6878096#msg
https://nationalpost.com/news/canada/why-now-anger-grows-over-mention-of-sikh-extremism-in-federal-terror-threat-report?utm_term=Autofeed&utm_medium=Social&utm_source=Twitter#Echobox=1544670426,lmbd,2018-12-13 03:44:26 UTC,https://discordleaks.unicornriot.ninja/discord/view/6878097#msg
https://www.thechronicleherald.ca/news/canada/edmonton-truck-attack-suspect-had-encrypted-device-cops-couldnt-crack-ex-chief-267750/,lmbd,2018-12-13 03:53:34 UTC,https://discordleaks.unicornriot.ninja/discord/view/6878098#msg
https://www.thechronicleherald.ca/news/canada/huawei-and-5g-experts-clash-on-the-risk-to-canadas-national-security-267875/,lmbd,2018-12-13 20:43:32 UTC,https://discordleaks.unicornriot.ninja/discord/view/6878099#msg
https://twitter.com/CalgaryPolice/status/1073318162471546885,lmbd,2018-12-13 21:45:17 UTC,https://discordleaks.unicornriot.ninja/discord/view/6878100#msg
https://nationalpost.com/news/first-nations-coalition-calls-for-rejection-of-trudeau-tanker-ban-plans-to-file-un-complaint-against-ottawa,lmbd,2018-12-14 02:50:26 UTC,https://discordleaks.unicornriot.ninja/discord/view/6878101#msg
https://globalnews.ca/news/4760483/banks-signs-extremist-travellers-returning/,lmbd,2018-12-14 04:10:03 UTC,https://discordleaks.unicornriot.ninja/discord/view/6878102#msg
https://nationalpost.com/news/politics/weve-never-been-this-alone-canada-finds-itself-caught-between-two-powers-without-any-serious-allies?utm_medium=Social&utm_source=Twitter#Echobox=1544764951,lmbd,2018-12-14 12:46:36 UTC,https://discordleaks.unicornriot.ninja/discord/view/6878103#msg
https://twitter.com/LancasterBlaire/status/1073330218062860288,lmbd,2018-12-14 12:50:46 UTC,https://discordleaks.unicornriot.ninja/discord/view/6878104#msg
https://www.zerohedge.com/news/2016-03-03/its-official-moment-canada-has-no-gold-reserves-left,lmbd,2018-12-14 20:07:31 UTC,https://discordleaks.unicornriot.ninja/discord/view/6878105#msg
https://twitter.com/ezralevant/status/1073779428537323520?s=12. We’ve hit the big time now! Our very own gov’t talking points!,lmbd,2018-12-15 05:19:06 UTC,https://discordleaks.unicornriot.ninja/discord/view/6878106#msg
https://twitter.com/bcbluecon/status/1074452626043895809?s=12. Rally-Canadian style 😁,lmbd,2018-12-17 00:40:36 UTC,https://discordleaks.unicornriot.ninja/discord/view/6878107#msg
https://twitter.com/canadaaction/status/1074469286352084992?s=12,lmbd,2018-12-17 01:04:40 UTC,https://discordleaks.unicornriot.ninja/discord/view/6878108#msg
https://twitter.com/franktmcveety/status/1074368497218510848?s=12 🤔🤣😂,lmbd,2018-12-17 02:01:23 UTC,https://discordleaks.unicornriot.ninja/discord/view/6878109#msg
https://youtu.be/HgRiyiHRNKI,Riggy17 (UK),2018-12-17 09:24:46 UTC,https://discordleaks.unicornriot.ninja/discord/view/6878110#msg
https://twitter.com/FairQuestions/status/993489470383996930,lmbd,2018-12-17 19:49:59 UTC,https://discordleaks.unicornriot.ninja/discord/view/6878011#msg
Document: <https://fairquestions.typepad.com/files/letter-to-gerald-butts-29may2017.pdf>,lmbd,2018-12-17 19:50:27 UTC,https://discordleaks.unicornriot.ninja/discord/view/6878012#msg
"If there is anything you can't open up, please let me know.",lmbd,2018-12-17 19:50:49 UTC,https://discordleaks.unicornriot.ninja/discord/view/6878013#msg
@lmbd do you have your petition to share to a few Canadians please mate,Riggy17 (UK),2018-12-17 20:58:52 UTC,https://discordleaks.unicornriot.ninja/discord/view/6878014#msg
Canadian Petition: <https://twitter.com/PPCpfdsddo/status/1069307817830567936>,lmbd,2018-12-17 21:04:09 UTC,https://discordleaks.unicornriot.ninja/discord/view/6878015#msg
<https://t.co/iecuFkfEdZ> Cnd petition direct link English,lmbd,2018-12-17 21:14:13 UTC,https://discordleaks.unicornriot.ninja/discord/view/6878016#msg
French Cnd petition diirect link <https://t.co/JN0LAzFhRx>,lmbd,2018-12-17 21:15:52 UTC,https://discordleaks.unicornriot.ninja/discord/view/6878017#msg
https://nationalpost.com/commodities/energy/ottawa-to-announce-help-for-struggling-oil-patch-but-no-money-for-rail-cars-yet/wcm/1ba5064e-19e2-4a5b-a51e-495c9d6411fb,lmbd,2018-12-18 13:01:37 UTC,https://discordleaks.unicornriot.ninja/discord/view/6878018#msg
https://theblastnz.com/2017/03/08/justin-trudeau-born-and-raised-a-communist/amp/?__twitter_impression=true,lmbd,2018-12-18 13:22:00 UTC,https://discordleaks.unicornriot.ninja/discord/view/6878019#msg
https://twitter.com/mikewolff74/status/1075159776273719296 running out of time... the population is waking up!,lmbd,2018-12-19 00:07:34 UTC,https://discordleaks.unicornriot.ninja/discord/view/6878020#msg
https://twitter.com/BNNBloomberg/status/1075462029996109824,lmbd,2018-12-19 19:21:21 UTC,https://discordleaks.unicornriot.ninja/discord/view/6878021#msg
,lmbd,2018-12-20 03:04:46 UTC,https://discordleaks.unicornriot.ninja/discord/view/6878022#msg
"FB post about the truck convoy in Nisku , Alberta",lmbd,2018-12-20 05:32:44 UTC,https://discordleaks.unicornriot.ninja/discord/view/6878023#msg
,lmbd,2018-12-20 05:33:18 UTC,https://discordleaks.unicornriot.ninja/discord/view/6878024#msg
MSM type media so expect some slant. https://globalnews.ca/news/4776442/nisku-truck-convoy-pro-pipeline-rally/?utm_source=%40GlobalEdmonton&utm_medium=Twitter&__twitter_impression=true,lmbd,2018-12-20 05:57:22 UTC,https://discordleaks.unicornriot.ninja/discord/view/6878025#msg
,lmbd,2018-12-20 06:02:06 UTC,https://discordleaks.unicornriot.ninja/discord/view/6878026#msg
The convoy was approximately 20km long~14 miles in length. Not bad for a 2 day round up,lmbd,2018-12-20 06:02:55 UTC,https://discordleaks.unicornriot.ninja/discord/view/6878027#msg
https://twitter.com/janice4brexit/status/1075673890649714689?s=12,Riggy17 (UK),2018-12-20 11:33:20 UTC,https://discordleaks.unicornriot.ninja/discord/view/6878028#msg
https://twitter.com/albertaisproud/status/1075810783773188096,lmbd,2018-12-20 23:47:10 UTC,https://discordleaks.unicornriot.ninja/discord/view/6878029#msg
https://twitter.com/leighstewy/status/1075867780765777920?s=12. This❤️💝🍁💗🇨🇦,lmbd,2018-12-21 03:21:59 UTC,https://discordleaks.unicornriot.ninja/discord/view/6878030#msg
Busting my buttons right now.,lmbd,2018-12-21 03:27:19 UTC,https://discordleaks.unicornriot.ninja/discord/view/6878031#msg
PM Trudeau is done.,lmbd,2018-12-21 03:29:30 UTC,https://discordleaks.unicornriot.ninja/discord/view/6878032#msg
https://twitter.com/laureenharper/status/1075719220309188608?s=12,lmbd,2018-12-21 03:46:39 UTC,https://discordleaks.unicornriot.ninja/discord/view/6878033#msg
"Collective knowledge needed please: does this have Masonic /occultic overtones to you? If so, what aspects? https://twitter.com/adamscotti/status/1075506228145598464",lmbd,2018-12-22 15:33:27 UTC,https://discordleaks.unicornriot.ninja/discord/view/6878034#msg
">trip to Antarctica
That's expensive afaik unless you go to work there",Montague Brinkmann,2018-12-22 17:17:54 UTC,https://discordleaks.unicornriot.ninja/discord/view/6878035#msg
I have no idea what his net worth is.,lmbd,2018-12-22 19:26:07 UTC,https://discordleaks.unicornriot.ninja/discord/view/6878036#msg
https://twitter.com/DAYFORFREEDOM4/status/1076947706269044737?s=09,SirW00f,2018-12-24 17:21:48 UTC,https://discordleaks.unicornriot.ninja/discord/view/6878037#msg
https://twitter.com/ontarioisproud/status/1078797466487738368?s=12,Riggy17 (UK),2018-12-29 10:17:19 UTC,https://discordleaks.unicornriot.ninja/discord/view/6878038#msg
ppl-kind...not mankind ...how about humankind...unless theres non-humans in the audience,SirW00f,2018-12-29 10:19:28 UTC,https://discordleaks.unicornriot.ninja/discord/view/6878039#msg
https://m.youtube.com/watch?feature=em-uploademail&v=N9huyMyC6TU,Riggy17 (UK),2018-12-29 10:47:37 UTC,https://discordleaks.unicornriot.ninja/discord/view/6878040#msg
i'd do her,SirW00f,2018-12-29 11:05:51 UTC,https://discordleaks.unicornriot.ninja/discord/view/6878041#msg
🤣🤣 you feel you have a chance sir @SirW00f 🧐 .. true patriot model right there 😂,Riggy17 (UK),2018-12-29 11:43:27 UTC,https://discordleaks.unicornriot.ninja/discord/view/6878042#msg
https://twitter.com/leonardroxon/status/1078944966091497473?s=12.,lmbd,2018-12-29 14:30:54 UTC,https://discordleaks.unicornriot.ninja/discord/view/6878043#msg
https://twitter.com/drmbrandt/status/1078480352937689088?s=21,SirW00f,2018-12-29 16:05:23 UTC,https://discordleaks.unicornriot.ninja/discord/view/6878044#msg
don't u just love 'free' healthcare,SirW00f,2018-12-29 16:05:51 UTC,https://discordleaks.unicornriot.ninja/discord/view/6878045#msg
https://energynow.ca/2018/12/open-letter-to-those-canadians-opposing-canadian-pipelines-and-oilsands-what-if-you-win-demian-newman-please-share/,lmbd,2018-12-30 06:15:52 UTC,https://discordleaks.unicornriot.ninja/discord/view/6878046#msg
"Trudeau wrong on B.C. carbon tax | Opinion | kelownadailycourier.ca

http://www.kelownadailycourier.ca/opinion/article_03609b40-f739-11e8-ba09-8b5e2850191a.html",lmbd,2018-12-30 10:18:59 UTC,https://discordleaks.unicornriot.ninja/discord/view/6878047#msg
"well unless u replace all cars and trucks with hybrids and electric only forms of transport, the idea of a carbon tax would void itself as a form of punishment not to convert to non carbon usage forms of transport",SirW00f,2018-12-30 11:22:13 UTC,https://discordleaks.unicornriot.ninja/discord/view/6878048#msg
https://twitter.com/kernunited/status/1079210107462856704,SirW00f,2018-12-30 13:44:54 UTC,https://discordleaks.unicornriot.ninja/discord/view/6878049#msg
https://pbs.twimg.com/media/Dvop2zTVAAAolzk.jpg,SirW00f,2018-12-30 13:50:52 UTC,https://discordleaks.unicornriot.ninja/discord/view/6878050#msg
meanwhile in usa - https://cdn.discordapp.com/attachments/445703916424790038/528932996070375464/unknown.png,SirW00f,2018-12-30 13:51:18 UTC,https://discordleaks.unicornriot.ninja/discord/view/6878051#msg
https://www.youtube.com/watch?time_continue=5&v=Gp8M5knbHL0,lmbd,2018-12-31 00:29:02 UTC,https://discordleaks.unicornriot.ninja/discord/view/6878052#msg
"Years into Liberals’ ambitious infrastructure program, few signs of promised economic benefits – Calgary Herald

https://calgaryherald.com/news/politics/years-into-the-liberals-ambitious-infrastructure-program-have-the-promised-economic-benefits-borne-out/wcm/8d512f2d-db6c-426b-9ef9-dffb61ef0d5a",lmbd,2018-12-31 17:17:30 UTC,https://discordleaks.unicornriot.ninja/discord/view/6878053#msg
https://twitter.com/franktmcveety/status/1080972415453130753?s=12,lmbd,2019-01-04 11:29:27 UTC,https://discordleaks.unicornriot.ninja/discord/view/6878054#msg
,Blonde_Finn,2019-01-05 03:13:19 UTC,https://discordleaks.unicornriot.ninja/discord/view/6878055#msg
Justin Trudeau says our Vets are asking too much? This Documentary just came out to show us all what our brave men & women actually endure and sacrifice! #BardsOfWar https://bardsofwarfilm.com/,Blonde_Finn,2019-01-05 03:43:26 UTC,https://discordleaks.unicornriot.ninja/discord/view/6878056#msg
https://cdn.discordapp.com/attachments/445703916424790038/531256552489877515/14c4e8204129c2aaa8c96ab945ed67f789ec1e85502b7603af87b36a9a23554e.png,SirW00f,2019-01-06 00:24:35 UTC,https://discordleaks.unicornriot.ninja/discord/view/6878057#msg
https://m.youtube.com/watch?v=ZwpWN9azF-s,Riggy17 (UK),2019-01-09 00:03:55 UTC,https://discordleaks.unicornriot.ninja/discord/view/6878058#msg
Thanks Riggy!,lmbd,2019-01-09 00:27:04 UTC,https://discordleaks.unicornriot.ninja/discord/view/6878059#msg
https://twitter.com/pierrepoilievre/status/1082822734156124160?s=12,lmbd,2019-01-09 15:43:07 UTC,https://discordleaks.unicornriot.ninja/discord/view/6878060#msg
https://twitter.com/costellodaniel1/status/1081584369268150272?s=12,lmbd,2019-01-10 15:17:07 UTC,https://discordleaks.unicornriot.ninja/discord/view/6877961#msg
"one of their original plans after canada 'seperated' from uk, the planned takeover of canada by the un via planted 'political' puppets",SirW00f,2019-01-10 15:26:27 UTC,https://discordleaks.unicornriot.ninja/discord/view/6877962#msg
"I have no doubt that the Liberal and Conservative political parties are two sides of the same coin similar to the Dems and Repub. Unfortunately, I am not sure that we have a leader to stand up for us like Pr. Trump for the USA.",lmbd,2019-01-10 16:54:15 UTC,https://discordleaks.unicornriot.ninja/discord/view/6877963#msg
u really need to fix ur gov and police,SirW00f,2019-01-11 03:27:52 UTC,https://discordleaks.unicornriot.ninja/discord/view/6877964#msg
https://www.google.com/amp/s/globalnews.ca/news/4827328/lethbridge-police-video-officer-repeatedly-running-over-deer/amp/,SirW00f,2019-01-11 03:27:54 UTC,https://discordleaks.unicornriot.ninja/discord/view/6877965#msg
"made me sick looking at it, made me cringe when listening to the first scream from the deer, i had to mute it",SirW00f,2019-01-11 03:30:20 UTC,https://discordleaks.unicornriot.ninja/discord/view/6877966#msg
my mom's dog went thru that,SirW00f,2019-01-11 03:30:30 UTC,https://discordleaks.unicornriot.ninja/discord/view/6877967#msg
"i tried to talk the driver into backing up, but he ended up moving forward instead",SirW00f,2019-01-11 03:30:50 UTC,https://discordleaks.unicornriot.ninja/discord/view/6877968#msg
https://www.change.org/p/lethbridge-police-department-fire-lethbridge-police-officer-that-ran-over-injured-fawn-with-police-cruiser?recruiter=927617421&utm_source=share_petition&utm_medium=copylink&utm_campaign=share_petition&utm_term=share_petition&fbclid=IwAR1GE4S0hfo_yNZC5S-j-YES6502ob5TIG_7iHVZBahP8DZ0U_8vZ1MCpJg,SirW00f,2019-01-11 03:55:50 UTC,https://discordleaks.unicornriot.ninja/discord/view/6877969#msg
it's the petition to have the officer fired,SirW00f,2019-01-11 03:56:07 UTC,https://discordleaks.unicornriot.ninja/discord/view/6877970#msg
"Affects all, put in here re Cnd Carbon tax. https://twitter.com/leonardroxon/status/1083591287582781440?s=12",lmbd,2019-01-11 19:53:16 UTC,https://discordleaks.unicornriot.ninja/discord/view/6877971#msg
"Follow the money... who benefits? There are probably similar focuses on oil & gas in the USA. Following the (primarily U.S.) money funding Canada’s anti-oil movement – MPDA

http://mpda.ca/2017/02/27/following-the-primarily-u-s-money-funding-canadas-anti-oil-movement/",lmbd,2019-01-14 20:01:32 UTC,https://discordleaks.unicornriot.ninja/discord/view/6877972#msg
To go along with the part 2 Trudeau rose. Video in general. https://twitter.com/spiritedjo1/status/1083122202902446081?s=12,lmbd,2019-01-16 04:19:24 UTC,https://discordleaks.unicornriot.ninja/discord/view/6877973#msg
https://twitter.com/cndsvstrudeau/status/1085761950720708608?s=12,lmbd,2019-01-17 06:32:36 UTC,https://discordleaks.unicornriot.ninja/discord/view/6877974#msg
"Stand With The Rebel Against Elections Alberta - The Rebel

https://www.therebel.media/elections-alberta-rachel-notley-destroying-the-rebel-media-billboard",lmbd,2019-01-19 00:01:16 UTC,https://discordleaks.unicornriot.ninja/discord/view/6877975#msg
https://youtu.be/CV_ERKQrBCg,reeves27,2019-01-19 15:13:54 UTC,https://discordleaks.unicornriot.ninja/discord/view/6877976#msg
Take that Mr. Castro. I mean Trudeau,reeves27,2019-01-19 15:14:13 UTC,https://discordleaks.unicornriot.ninja/discord/view/6877977#msg
https://twitter.com/oilsandsaction/status/1086342088747175936?s=12,lmbd,2019-01-19 18:08:18 UTC,https://discordleaks.unicornriot.ninja/discord/view/6877978#msg
https://m.youtube.com/watch?v=de8UN7tl2-w&feature=em-uploademail,Riggy17 (UK),2019-01-19 23:17:14 UTC,https://discordleaks.unicornriot.ninja/discord/view/6877979#msg
Oh fuck @lmbd your border patrol is a English woman from Suffolk 😂 .. 25k bonuses .. no wonder they not complaining.. probably got more if they refused the 25k aswel,Riggy17 (UK),2019-01-19 23:18:34 UTC,https://discordleaks.unicornriot.ninja/discord/view/6877980#msg
Faith goldy is amazing lol 👌💯,Riggy17 (UK),2019-01-19 23:18:55 UTC,https://discordleaks.unicornriot.ninja/discord/view/6877981#msg
canada has open borders cause they need more libtards to stay in power,SirW00f,2019-01-19 23:22:34 UTC,https://discordleaks.unicornriot.ninja/discord/view/6877982#msg
lol,lmbd,2019-01-19 23:24:30 UTC,https://discordleaks.unicornriot.ninja/discord/view/6877983#msg
but they closed the border post 2016 usa elections because they didn't want hollywood libtards to move over to canada,SirW00f,2019-01-19 23:25:56 UTC,https://discordleaks.unicornriot.ninja/discord/view/6877984#msg
like they promised they would,SirW00f,2019-01-19 23:26:09 UTC,https://discordleaks.unicornriot.ninja/discord/view/6877985#msg
Please don't suggest they come here. Not a fan of them.,lmbd,2019-01-19 23:28:01 UTC,https://discordleaks.unicornriot.ninja/discord/view/6877986#msg
i think every canadian red pilled would come to the southern border to block their entry,SirW00f,2019-01-19 23:29:19 UTC,https://discordleaks.unicornriot.ninja/discord/view/6877987#msg
"Canadian focus on information but global effects and tactics. Post National = Post Sanity & Post Decency - YouTube

https://www.youtube.com/watch?v=KYH5s5PdEJQ",lmbd,2019-01-21 04:27:40 UTC,https://discordleaks.unicornriot.ninja/discord/view/6877988#msg
"I don’t agree with the way Amazing Polly presents some of the info, ie her characterization of Quebec vs Alberta at one point. It creates division where we need unity, but much of what she says is based in fact, if oversimplified in some ways.(from my point of view)",lmbd,2019-01-21 04:41:36 UTC,https://discordleaks.unicornriot.ninja/discord/view/6877989#msg
https://m.youtube.com/watch?feature=em-lbcastemail&v=3h1Qjf11JLM,Riggy17 (UK),2019-01-23 00:11:00 UTC,https://discordleaks.unicornriot.ninja/discord/view/6877990#msg
@lmbd I agree with your assessment of Amazing Polly 100%,Blonde_Finn,2019-01-29 03:52:25 UTC,https://discordleaks.unicornriot.ninja/discord/view/6877991#msg
She does an amazing job of connecting the dots and research. I like what she does. What I don’t like to see is when generalizations are made across a broad sector.,lmbd,2019-01-29 03:56:12 UTC,https://discordleaks.unicornriot.ninja/discord/view/6877992#msg
"She has good info, I don't watch her much only because she is a bit dry for me",Blonde_Finn,2019-01-29 04:02:21 UTC,https://discordleaks.unicornriot.ninja/discord/view/6877993#msg
From Mrs Fixit on another server https://www.youtube.com/watch?v=GrIl-sLoeIY. Tides funding is showing up in a lot of Cnd eco-groups,lmbd,2019-01-29 04:25:57 UTC,https://discordleaks.unicornriot.ninja/discord/view/6877994#msg
"Brison seeks standing at Mark Norman hearing, seeking to protect his ‘privacy’ – National Post

https://nationalpost.com/news/politics/brison-seeks-standing-at-mark-norman-hearing-seeking-to-protect-his-privacy",lmbd,2019-01-29 23:45:41 UTC,https://discordleaks.unicornriot.ninja/discord/view/6877995#msg
https://www.fort-russ.com/2019/01/not-trump-british-deep-state-of-canada-caught-steering-venezuelan-coup/,Blonde_Finn,2019-02-02 05:07:09 UTC,https://discordleaks.unicornriot.ninja/discord/view/6877996#msg
"I saw that, but hadn’t had a chance to read it yet. Thanks for posting.",lmbd,2019-02-02 06:19:57 UTC,https://discordleaks.unicornriot.ninja/discord/view/6877997#msg
From 2016 but in case anyone didn't know https://www.zerohedge.com/news/2016-03-03/its-official-moment-canada-has-no-gold-reserves-left,Blonde_Finn,2019-02-02 17:39:49 UTC,https://discordleaks.unicornriot.ninja/discord/view/6877998#msg
https://twitter.com/JCredTV/status/1091206349759758336,Blonde_Finn,2019-02-03 04:52:25 UTC,https://discordleaks.unicornriot.ninja/discord/view/6877999#msg
https://twitter.com/hockeynight/status/1091859363365601280?s=12,lmbd,2019-02-03 05:55:19 UTC,https://discordleaks.unicornriot.ninja/discord/view/6878000#msg
https://m.youtube.com/watch?feature=em-uploademail&v=npBEz8gxRc8,Riggy17 (UK),2019-02-04 01:05:48 UTC,https://discordleaks.unicornriot.ninja/discord/view/6878001#msg
@lmbd .. enjoy your mandatory political correctness classes 😂🤣 .. just kidding .. but i would not be surprised in much by our governments 🙈,Riggy17 (UK),2019-02-04 01:07:10 UTC,https://discordleaks.unicornriot.ninja/discord/view/6878002#msg
we already have that. Now they want to protect us from fake news. 🙄,lmbd,2019-02-04 01:54:17 UTC,https://discordleaks.unicornriot.ninja/discord/view/6878003#msg
What you have mandatory PC classes ? Surely not lol ? @lmbd,Riggy17 (UK),2019-02-04 02:03:01 UTC,https://discordleaks.unicornriot.ninja/discord/view/6878004#msg
"No, PM Trudeau is trying to educate us to use certain words. ""peoplekind"" etc",lmbd,2019-02-04 02:27:54 UTC,https://discordleaks.unicornriot.ninja/discord/view/6878005#msg
https://www.cbc.ca/news/politics/mark-norman-stephen-harper-breach-trust-navy-1.5002833,lmbd,2019-02-04 04:01:22 UTC,https://discordleaks.unicornriot.ninja/discord/view/6878006#msg
https://business.financialpost.com/opinion/lawrence-solomon-why-trumps-state-of-the-union-speech-will-ruin-trudeaus-night,Blonde_Finn,2019-02-04 17:27:37 UTC,https://discordleaks.unicornriot.ninja/discord/view/6878007#msg
from @Kevinottawa twitter feed. https://market-ticker.org/akcs-www?post=234943,lmbd,2019-02-04 18:38:51 UTC,https://discordleaks.unicornriot.ninja/discord/view/6878008#msg
in some climates...hybrid is better,SirW00f,2019-02-04 18:56:27 UTC,https://discordleaks.unicornriot.ninja/discord/view/6878009#msg
https://www.youtube.com/watch?v=NJ7mnuJ1gT4&feature=youtu.be,SirW00f,2019-02-04 20:46:33 UTC,https://discordleaks.unicornriot.ninja/discord/view/6878010#msg
https://www.youtube.com/watch?v=_toqPJpyeGw,Blonde_Finn,2019-02-04 23:10:41 UTC,https://discordleaks.unicornriot.ninja/discord/view/6877911#msg
,Blonde_Finn,2019-02-05 00:46:52 UTC,https://discordleaks.unicornriot.ninja/discord/view/6877912#msg
,Blonde_Finn,2019-02-05 00:48:11 UTC,https://discordleaks.unicornriot.ninja/discord/view/6877913#msg
https://twitter.com/ITGrouch/status/1092450715493126144,Blonde_Finn,2019-02-05 00:49:15 UTC,https://discordleaks.unicornriot.ninja/discord/view/6877914#msg
,Blonde_Finn,2019-02-05 05:03:26 UTC,https://discordleaks.unicornriot.ninja/discord/view/6877915#msg
https://capforcanada.com/trudeau-govt-fast-tracking-asylum-seekers-from-worlds-most-dangerous-countries/,Blonde_Finn,2019-02-05 05:25:25 UTC,https://discordleaks.unicornriot.ninja/discord/view/6877916#msg
https://twitter.com/QuigginReport/status/1092532020025221124,lmbd,2019-02-07 01:20:47 UTC,https://discordleaks.unicornriot.ninja/discord/view/6877917#msg
👀,lmbd,2019-02-07 01:22:49 UTC,https://discordleaks.unicornriot.ninja/discord/view/6877918#msg
"Gerald Butts's sprawling, heavy-hitting, mega-rich, do-gooder Rolodex - Macleans.ca

https://www.macleans.ca/politics/ottawa/the-impressive-network-of-gerald-butts/",lmbd,2019-02-07 04:20:10 UTC,https://discordleaks.unicornriot.ninja/discord/view/6877919#msg
https://www.foxnews.com/world/incidents-of-marijuana-poisoning-more-than-triple-in-quebec-since-legalization,SirW00f,2019-02-07 15:44:19 UTC,https://discordleaks.unicornriot.ninja/discord/view/6877920#msg
"if u don't trust ur source, ur doomed to get poisoned by the one u have",SirW00f,2019-02-07 15:44:54 UTC,https://discordleaks.unicornriot.ninja/discord/view/6877921#msg
https://twitter.com/harveymyatt/status/1093620034101014528?s=12,lmbd,2019-02-07 22:57:06 UTC,https://discordleaks.unicornriot.ninja/discord/view/6877922#msg
"gee, and i thought ur leader brought down the literacy of canada all this time",SirW00f,2019-02-08 01:22:54 UTC,https://discordleaks.unicornriot.ninja/discord/view/6877923#msg
Justin Trudeau,SirW00f,2019-02-08 01:23:41 UTC,https://discordleaks.unicornriot.ninja/discord/view/6877924#msg
"Wind's Winter of Discontent

https://www.linkedin.com/pulse/winds-winter-discontent-curtis-sheptycki",lmbd,2019-02-08 01:49:06 UTC,https://discordleaks.unicornriot.ninja/discord/view/6877925#msg
https://www.cbc.ca/news/politics/federal-budget-corporate-wrongdoing-1.4664490,lmbd,2019-02-10 04:13:13 UTC,https://discordleaks.unicornriot.ninja/discord/view/6877926#msg
https://twitter.com/leonardroxon/status/1094400237031051264?s=12,lmbd,2019-02-10 05:47:31 UTC,https://discordleaks.unicornriot.ninja/discord/view/6877927#msg
"Trudeau faces fifth ethics probe involving his cabinet - iPolitics

https://ipolitics.ca/2019/02/11/trudeau-fifth-ethics-investigation-snc-lavalin/",lmbd,2019-02-12 12:19:43 UTC,https://discordleaks.unicornriot.ninja/discord/view/6877928#msg
well he likes to get probed,SirW00f,2019-02-12 12:20:21 UTC,https://discordleaks.unicornriot.ninja/discord/view/6877929#msg
"Norman's defence accuses Trudeau PMO of attempting to direct prosecution

https://www.cbc.ca/news/politics/mark-norman-davie-shipyard-breach-trust-1.5014538",lmbd,2019-02-12 12:23:02 UTC,https://discordleaks.unicornriot.ninja/discord/view/6877930#msg
"Trudeau: ""if my minister did anything wrong, she should've resigned by now""
*that minister resigns soon after*
https://youtu.be/gRKfbSO8Lk4",Pluto,2019-02-12 19:38:12 UTC,https://discordleaks.unicornriot.ninja/discord/view/6877931#msg
https://twitter.com/puglaas/status/1095360584139329537?s=12,lmbd,2019-02-13 00:16:42 UTC,https://discordleaks.unicornriot.ninja/discord/view/6877932#msg
"Very long article about identity politics, but makes very good points. Justin Trudeau and the Politics of Fear, Division and Hate — newcenter.ca

https://www.newcenter.ca/news/2018/1/28/justin-trudeau-and-the-politics-of-fear-division-and-hate",lmbd,2019-02-13 20:11:27 UTC,https://discordleaks.unicornriot.ninja/discord/view/6877933#msg
https://globalnews.ca/news/4972392/truck-protest-ottawa-oil-policies/?utm_source=GlobalEdmonton&utm_medium=Facebook,lmbd,2019-02-18 18:08:33 UTC,https://discordleaks.unicornriot.ninja/discord/view/6877934#msg
https://twitter.com/3conomic/status/1097287336726052864,lmbd,2019-02-18 18:15:17 UTC,https://discordleaks.unicornriot.ninja/discord/view/6877935#msg
https://www.macleans.ca/opinion/are-these-the-answers-of-a-prime-minister-whos-done-nothing-wrong/,lmbd,2019-02-18 18:50:17 UTC,https://discordleaks.unicornriot.ninja/discord/view/6877936#msg
https://www.huffingtonpost.ca/2019/02/18/gerald-butts-resigns-amid-snc-lavalin-allegations_a_23672138/?ncid=other_twitter_cooo9wqtham&utm_campaign=share_twitter https://twitter.com/katepurchase/status/1097570044844933120,lmbd,2019-02-18 19:31:43 UTC,https://discordleaks.unicornriot.ninja/discord/view/6877937#msg
I'm not sure if this means he will simply be more hidden in his effect on Pm Trudeau- called by some the brains behind gov't policies esp climate change/ carbon tax,lmbd,2019-02-18 19:33:39 UTC,https://discordleaks.unicornriot.ninja/discord/view/6877938#msg
https://twitter.com/HarveyMyatt/status/1097574068772134913,lmbd,2019-02-18 20:08:52 UTC,https://discordleaks.unicornriot.ninja/discord/view/6877939#msg
LOL,lmbd,2019-02-18 20:10:33 UTC,https://discordleaks.unicornriot.ninja/discord/view/6877940#msg
Maybe this guy is Q'd in?,lmbd,2019-02-18 20:11:18 UTC,https://discordleaks.unicornriot.ninja/discord/view/6877941#msg
https://canadafreepress.com/article/canadas-snc-lavalin-corruption-scandalshould-prime-minister-justin-trudeau,lmbd,2019-02-18 22:57:55 UTC,https://discordleaks.unicornriot.ninja/discord/view/6877942#msg
https://nationalpost.com/news/canada/court-documents-raise-new-questions-about-brisons-involvement-in-case-of-vice-admiral-mark-norman,lmbd,2019-02-19 00:04:38 UTC,https://discordleaks.unicornriot.ninja/discord/view/6877943#msg
,Blonde_Finn,2019-02-19 00:25:25 UTC,https://discordleaks.unicornriot.ninja/discord/view/6877944#msg
https://www.nationalobserver.com/2018/12/05/analysis/what-bill-morneau-didnt-tell-canadians-about-trans-mountain-purchase,lmbd,2019-02-20 04:54:08 UTC,https://discordleaks.unicornriot.ninja/discord/view/6877945#msg
"There is very little difference in trade between the 2 countries even though there is approx 10x the pop. in the USA. President Trump did a great job highlighting dairy, but there are other areas where Cnds couldn’t break into the US markets because of successful state lobbies for industry protection. Not a complaint, just wanted to show another side of things... dialogue not division. https://twitter.com/friendsoscience/status/1098278973807554560?s=12",lmbd,2019-02-20 23:57:46 UTC,https://discordleaks.unicornriot.ninja/discord/view/6877946#msg
Our negotiators were completely outclassed.,lmbd,2019-02-21 00:31:24 UTC,https://discordleaks.unicornriot.ninja/discord/view/6877947#msg
"MALCOLM/KNIGHT: Feds roll out fast-tracking for asylum claimants from dangerous countries – True North

https://tnc.news/2019/02/15/malcolm-knight-feds-roll-out-fast-tracking-for-asylum-claimants-from-dangerous-countries/",lmbd,2019-02-21 16:25:50 UTC,https://discordleaks.unicornriot.ninja/discord/view/6877948#msg
https://thenectarine.ca/business/quebec-says-former-snc-lavalin-exec-owes-11-million-in-back-taxes/?fbclid=IwAR0FvbhIQeRNwpk5HQb_V0s9n2XrLXiobZJJcTT6-o1GgbFLuIO6MFleyME,lmbd,2019-02-22 11:16:53 UTC,https://discordleaks.unicornriot.ninja/discord/view/6877949#msg
https://fairquestions.typepad.com/rethink_campaigns/tar-sands-campaign-400-payments.html,lmbd,2019-02-23 18:44:24 UTC,https://discordleaks.unicornriot.ninja/discord/view/6877950#msg
"Wernick likely to depart the Trudeau government as RCMP probes SNC Lavalin influence – The Buffalo Chronicle

https://buffalochronicle.com/2019/02/25/michael-wernick-is-preparing-to-depart-the-trudeau-government-imminently/",lmbd,2019-02-26 11:31:13 UTC,https://discordleaks.unicornriot.ninja/discord/view/6877951#msg
Not sure exactly how to read this.. but it looks promising! https://twitter.com/friendsoscience/status/1100429687757520897?s=12,lmbd,2019-02-26 16:56:55 UTC,https://discordleaks.unicornriot.ninja/discord/view/6877952#msg
well it drops when u stop the ppl setting the fires,SirW00f,2019-02-26 18:41:30 UTC,https://discordleaks.unicornriot.ninja/discord/view/6877953#msg
,Blonde_Finn,2019-02-26 23:55:24 UTC,https://discordleaks.unicornriot.ninja/discord/view/6877954#msg
🙄 https://twitter.com/BobMakenzie1/status/1100853586374713344,lmbd,2019-02-28 00:09:27 UTC,https://discordleaks.unicornriot.ninja/discord/view/6877955#msg
https://twitter.com/Breaking911/status/1100932783772438528,SirW00f,2019-02-28 01:38:05 UTC,https://discordleaks.unicornriot.ninja/discord/view/6877956#msg
Here is the statement and subsequent questioning about SNCLavalin https://www.youtube.com/watch?v=z3RX2l3LaYU,lmbd,2019-02-28 01:40:13 UTC,https://discordleaks.unicornriot.ninja/discord/view/6877957#msg
JWR is incredibly well spoken.,lmbd,2019-02-28 02:21:41 UTC,https://discordleaks.unicornriot.ninja/discord/view/6877958#msg
https://nationalpost.com/news/somali-man-who-illegally-entered-canada-to-flee-trump-immigrant-crackdown-has-refugee-claim-rejected,lmbd,2019-02-28 02:50:01 UTC,https://discordleaks.unicornriot.ninja/discord/view/6877959#msg
Here's JWR's statement without the questions https://www.youtube.com/watch?v=6l7p8WuWucc,lmbd,2019-02-28 03:51:29 UTC,https://discordleaks.unicornriot.ninja/discord/view/6877960#msg
WOW Prostitutes?? https://www.youtube.com/watch?v=SWMjh2phAuY&feature=youtu.be,Blonde_Finn,2019-02-28 14:28:35 UTC,https://discordleaks.unicornriot.ninja/discord/view/6877861#msg
https://www.thestar.com/opinion/star-columnists/2018/06/22/how-chrystia-freeland-became-the-unofficial-deputy-prime-minister.html,lmbd,2019-02-28 18:09:32 UTC,https://discordleaks.unicornriot.ninja/discord/view/6877862#msg
this is a great read https://www.rt.com/op-ed/452696-trudeau-corruption-scandal-fraud/,Blonde_Finn,2019-03-01 00:13:02 UTC,https://discordleaks.unicornriot.ninja/discord/view/6877863#msg
https://twitter.com/RobertFife/status/1101281448571486208,lmbd,2019-03-01 01:55:21 UTC,https://discordleaks.unicornriot.ninja/discord/view/6877864#msg
https://www.scribd.com/document/400768772/Letter-from-5-Attorneys-General-to-the-RCMP,lmbd,2019-03-01 01:56:07 UTC,https://discordleaks.unicornriot.ninja/discord/view/6877865#msg
https://twitter.com/FDRLST/status/1101472656380100608,SirW00f,2019-03-01 16:00:45 UTC,https://discordleaks.unicornriot.ninja/discord/view/6877866#msg
http://thefederalist.com/2019/03/01/canadian-court-rules-parents-cant-stop-14-year-old-taking-trans-hormones/,SirW00f,2019-03-01 16:01:02 UTC,https://discordleaks.unicornriot.ninja/discord/view/6877867#msg
https://nationalpost.com/news/politics/the-tories-passed-a-measure-designed-to-catch-liberal-scandals-thirteen-years-later-it-caught-lavscam?utm_source=twitter&utm_medium=organic_tw&utm_campaign=trending_promo#Echobox=1551473930,lmbd,2019-03-01 22:47:41 UTC,https://discordleaks.unicornriot.ninja/discord/view/6877868#msg
https://twitter.com/dougswhite/status/1101580085239242752?s=12,lmbd,2019-03-02 02:02:28 UTC,https://discordleaks.unicornriot.ninja/discord/view/6877869#msg
,Blonde_Finn,2019-03-02 15:07:10 UTC,https://discordleaks.unicornriot.ninja/discord/view/6877870#msg
,Blonde_Finn,2019-03-02 15:07:36 UTC,https://discordleaks.unicornriot.ninja/discord/view/6877871#msg
https://www.youtube.com/watch?v=WMkE6_TH1Lk,LowLandsPete,2019-03-02 21:23:52 UTC,https://discordleaks.unicornriot.ninja/discord/view/6877872#msg
https://www.youtube.com/watch?v=XvsiEkP1EI8,Blonde_Finn,2019-03-04 17:33:47 UTC,https://discordleaks.unicornriot.ninja/discord/view/6877873#msg
promoting it would be to strip the age req for it,SirW00f,2019-03-04 17:35:27 UTC,https://discordleaks.unicornriot.ninja/discord/view/6877874#msg
lowering it would allow for such sexual positions to gays and those into that position that are hetero,SirW00f,2019-03-04 17:36:21 UTC,https://discordleaks.unicornriot.ninja/discord/view/6877875#msg
oh and 16 falls under the category of hebephile not pedophile,SirW00f,2019-03-04 17:51:23 UTC,https://discordleaks.unicornriot.ninja/discord/view/6877876#msg
15 and up is hebephile,SirW00f,2019-03-04 17:51:41 UTC,https://discordleaks.unicornriot.ninja/discord/view/6877877#msg
pedo is 11 and under,SirW00f,2019-03-04 17:51:55 UTC,https://discordleaks.unicornriot.ninja/discord/view/6877878#msg
few states in usa allow for encounters down to 15 yrs of age regardless of gender,SirW00f,2019-03-04 17:52:33 UTC,https://discordleaks.unicornriot.ninja/discord/view/6877879#msg
,Blonde_Finn,2019-03-04 18:30:53 UTC,https://discordleaks.unicornriot.ninja/discord/view/6877880#msg
https://twitter.com/RUalreadyawake/status/1102622276015382529,Blonde_Finn,2019-03-04 19:23:32 UTC,https://discordleaks.unicornriot.ninja/discord/view/6877881#msg
,Blonde_Finn,2019-03-04 19:27:45 UTC,https://discordleaks.unicornriot.ninja/discord/view/6877882#msg
and canada is going broke too,SirW00f,2019-03-04 23:45:31 UTC,https://discordleaks.unicornriot.ninja/discord/view/6877883#msg
"All countries have huge debts, but Trudeau is accelerating things by stalling our economy and ramping up spending . 😠",lmbd,2019-03-05 00:21:34 UTC,https://discordleaks.unicornriot.ninja/discord/view/6877884#msg
http://feeds.reuters.com/~r/Reuters/worldNews/~3/sOXnHvnFTss/second-canadian-minister-quits-over-scandal-trudeau-taking-it-seriously-idUSKCN1QL1WQ,SirW00f,2019-03-05 02:19:36 UTC,https://discordleaks.unicornriot.ninja/discord/view/6877885#msg
,Blonde_Finn,2019-03-05 02:48:32 UTC,https://discordleaks.unicornriot.ninja/discord/view/6877886#msg
,Blonde_Finn,2019-03-05 02:50:01 UTC,https://discordleaks.unicornriot.ninja/discord/view/6877887#msg
,Blonde_Finn,2019-03-05 02:50:29 UTC,https://discordleaks.unicornriot.ninja/discord/view/6877888#msg
https://youtu.be/d10uILpi1yg,SirW00f,2019-03-05 13:50:18 UTC,https://discordleaks.unicornriot.ninja/discord/view/6877889#msg
Anyone interested in watching Butts testimony live: https://newsinteractives.cbc.ca/live-blog/butts-wernick-justice-committee-testimony?scribble_id=2858641,Blonde_Finn,2019-03-06 14:21:50 UTC,https://discordleaks.unicornriot.ninja/discord/view/6877890#msg
"Ottawa gives Bill Clinton foundation special designation - The Globe and Mail

https://www.theglobeandmail.com/news/politics/ottawa-gives-bill-clinton-foundation-special-designation/article4348910/",lmbd,2019-03-09 00:37:55 UTC,https://discordleaks.unicornriot.ninja/discord/view/6877891#msg
https://cdn.discordapp.com/attachments/445703916424790038/553832396424740904/281342cf190dda372aad1433b3c164a0.png,SirW00f,2019-03-09 06:55:07 UTC,https://discordleaks.unicornriot.ninja/discord/view/6877892#msg
I hope that is a photo shop😳 lol,lmbd,2019-03-09 18:45:41 UTC,https://discordleaks.unicornriot.ninja/discord/view/6877893#msg
most likely,SirW00f,2019-03-09 18:46:17 UTC,https://discordleaks.unicornriot.ninja/discord/view/6877894#msg
but u know he most likely has the costume,SirW00f,2019-03-09 18:46:39 UTC,https://discordleaks.unicornriot.ninja/discord/view/6877895#msg
Haha... I sincerely hope not.,lmbd,2019-03-09 18:53:38 UTC,https://discordleaks.unicornriot.ninja/discord/view/6877896#msg
,Blonde_Finn,2019-03-09 20:47:34 UTC,https://discordleaks.unicornriot.ninja/discord/view/6877897#msg
,Blonde_Finn,2019-03-09 20:47:38 UTC,https://discordleaks.unicornriot.ninja/discord/view/6877898#msg
,Blonde_Finn,2019-03-09 20:47:42 UTC,https://discordleaks.unicornriot.ninja/discord/view/6877899#msg
,Blonde_Finn,2019-03-09 20:47:47 UTC,https://discordleaks.unicornriot.ninja/discord/view/6877900#msg
,Blonde_Finn,2019-03-10 02:09:20 UTC,https://discordleaks.unicornriot.ninja/discord/view/6877901#msg
well they're trying to push the fart tax in usa now,SirW00f,2019-03-10 02:11:12 UTC,https://discordleaks.unicornriot.ninja/discord/view/6877902#msg
Funny thanks guys,Rwstubbz,2019-03-10 02:33:20 UTC,https://discordleaks.unicornriot.ninja/discord/view/6877903#msg
https://twitter.com/leonardroxon/status/1104916379189284864?s=12,lmbd,2019-03-11 15:53:52 UTC,https://discordleaks.unicornriot.ninja/discord/view/6877904#msg
coulda told u the carbon tax bs was a fraud,SirW00f,2019-03-11 16:47:13 UTC,https://discordleaks.unicornriot.ninja/discord/view/6877905#msg
they woulda made more on legalizing pot and putting tariffs on it,SirW00f,2019-03-11 16:47:54 UTC,https://discordleaks.unicornriot.ninja/discord/view/6877906#msg
canada has the lowest carbon footprint of most of the planet for square footage,SirW00f,2019-03-11 16:48:25 UTC,https://discordleaks.unicornriot.ninja/discord/view/6877907#msg
"Yes, posting in case others aren’t aware. Not sure who owns the rights to growing pot-May be only select individuals with influence",lmbd,2019-03-11 19:19:39 UTC,https://discordleaks.unicornriot.ninja/discord/view/6877908#msg
,Blonde_Finn,2019-03-13 18:28:46 UTC,https://discordleaks.unicornriot.ninja/discord/view/6877909#msg
,Blonde_Finn,2019-03-17 01:05:48 UTC,https://discordleaks.unicornriot.ninja/discord/view/6877910#msg
"Did the Liberals just lose a vote on the budget? If so, the government might just have lost confidence – The Post Millennial

https://www.thepostmillennial.com/did-the-liberals-just-lose-a-vote-on-the-budget-if-so-the-government-might-just-have-lost-confidence/",lmbd,2019-03-22 04:27:31 UTC,https://discordleaks.unicornriot.ninja/discord/view/16478190#msg
https://m.youtube.com/watch?v=p8V3gioSozw,Riggy17 (UK),2019-03-27 19:49:12 UTC,https://discordleaks.unicornriot.ninja/discord/view/16478191#msg
https://www.youtube.com/watch?v=bg_o-Dmyd3Y,LowLandsPete,2019-03-28 16:02:04 UTC,https://discordleaks.unicornriot.ninja/discord/view/16478192#msg
tru plays his ass kissing role again,SirW00f,2019-03-28 16:04:25 UTC,https://discordleaks.unicornriot.ninja/discord/view/16478193#msg
https://youtu.be/O4D2qdbD3TI,SirW00f,2019-03-31 18:56:00 UTC,https://discordleaks.unicornriot.ninja/discord/view/16478194#msg
https://globalnews.ca/news/5113811/canada-china-free-trade-non-starter/,lmbd,2019-04-02 20:52:28 UTC,https://discordleaks.unicornriot.ninja/discord/view/16478195#msg
https://www.youtube.com/watch?v=fYTIn20eQ_s,SirW00f,2019-04-05 17:18:08 UTC,https://discordleaks.unicornriot.ninja/discord/view/16478196#msg
about 3hrs long,SirW00f,2019-04-05 17:18:18 UTC,https://discordleaks.unicornriot.ninja/discord/view/16478197#msg
https://www.foxnews.com/world/canadian-province-considers-mandatory-annual-math-tests-for-all-public-school-teachers-reports-say,SirW00f,2019-04-05 22:06:56 UTC,https://discordleaks.unicornriot.ninja/discord/view/16478198#msg
could remove the programmers that don't use math and replace them with intelligent thinking teachers that teach others to think intelligent and logically as well,SirW00f,2019-04-05 22:08:00 UTC,https://discordleaks.unicornriot.ninja/discord/view/16478199#msg
https://twitter.com/globalnews/status/1114275582337007616?s=19,SirW00f,2019-04-06 17:33:31 UTC,https://discordleaks.unicornriot.ninja/discord/view/16478200#msg
read it before u play it,SirW00f,2019-04-06 17:33:38 UTC,https://discordleaks.unicornriot.ninja/discord/view/16478201#msg
https://twitter.com/ROYALMRBADNEWS/status/1115422115702947847?s=19,SirW00f,2019-04-09 01:25:42 UTC,https://discordleaks.unicornriot.ninja/discord/view/16478202#msg
https://twitter.com/natcitizens/status/1116380008845430784?s=12,lmbd,2019-04-12 16:50:24 UTC,https://discordleaks.unicornriot.ninja/discord/view/16478203#msg
https://twitter.com/cravecreative/status/1117246513799938048?s=12,lmbd,2019-04-14 16:44:37 UTC,https://discordleaks.unicornriot.ninja/discord/view/16478204#msg
https://twitter.com/cravecreative/status/1117246513799938048?s=12,lmbd,2019-04-14 16:44:46 UTC,https://discordleaks.unicornriot.ninja/discord/view/16478205#msg
https://twitter.com/dmacinnis4/status/1118226721076019200?s=12,lmbd,2019-04-17 13:33:33 UTC,https://discordleaks.unicornriot.ninja/discord/view/16478206#msg
https://twitter.com/maximebernier/status/1118492981043113984?s=12,lmbd,2019-04-17 18:28:46 UTC,https://discordleaks.unicornriot.ninja/discord/view/16478207#msg
https://www.youtube.com/watch?v=M3QOe_2R2jM&feature=share,SirW00f,2019-04-25 19:38:44 UTC,https://discordleaks.unicornriot.ninja/discord/view/16478208#msg
https://www.youtube.com/watch?v=VcEJ4PQOzqA,LowLandsPete,2019-04-26 09:39:11 UTC,https://discordleaks.unicornriot.ninja/discord/view/16478209#msg
https://twitter.com/cs00582sc/status/1121825551214366722,SirW00f,2019-04-27 02:38:31 UTC,https://discordleaks.unicornriot.ninja/discord/view/16478210#msg
http://feedproxy.google.com/~r/zerohedge/feed/~3/XqFBtpr3M9s/ca-logic-raise-gas-taxes-then-demand-investigation-why-gas-prices-are-high,SirW00f,2019-04-27 02:53:00 UTC,https://discordleaks.unicornriot.ninja/discord/view/16478211#msg
The Privy council seems to be coming up more often https://twitter.com/monica_barona/status/1121985630144090112?s=12.,lmbd,2019-04-27 22:19:26 UTC,https://discordleaks.unicornriot.ninja/discord/view/16478212#msg
FEMBOY LEAF GETS BTFO BY A REAL MAN https://twitter.com/BreakingNLive/status/1122253003229208579?s=20,SirW00f,2019-04-27 22:20:05 UTC,https://discordleaks.unicornriot.ninja/discord/view/16478213#msg
"Is Canada’s recycling industry broken? - National | Globalnews.ca

https://globalnews.ca/news/5199883/canada-recycling-programs/",lmbd,2019-04-29 13:58:42 UTC,https://discordleaks.unicornriot.ninja/discord/view/16478214#msg
http://feeds.reuters.com/~r/Reuters/worldNews/~3/YgmJz2EPJR0/china-sentences-canadian-to-death-for-drug-offences-idUSKCN1S606P,SirW00f,2019-04-30 05:52:51 UTC,https://discordleaks.unicornriot.ninja/discord/view/16478215#msg
Here is a Solution for Recycling. http://browngas.co.kr/eng/e_intro01.html,Bucko,2019-04-30 10:52:10 UTC,https://discordleaks.unicornriot.ninja/discord/view/16478216#msg
,lmbd,2019-05-01 12:28:09 UTC,https://discordleaks.unicornriot.ninja/discord/view/16478217#msg
https://twitter.com/PrisonPlanet/status/961698748941430791,SirW00f,2019-05-08 08:08:52 UTC,https://discordleaks.unicornriot.ninja/discord/view/16478218#msg
Can’t disagree.,lmbd,2019-05-08 13:29:47 UTC,https://discordleaks.unicornriot.ninja/discord/view/16478219#msg
https://www.youtube.com/watch?v=5zQpvBg-buA&feature=youtu.be,SirW00f,2019-05-09 05:24:01 UTC,https://discordleaks.unicornriot.ninja/discord/view/16478220#msg
"In a stunning reversal of position, the Crown stayed its charge of breach of trust against the former second-in-command of the Canadian military, Vice Adm. Mark Norman, admitting it did not have enough evidence to meet the standard of conviction required for the allegation in light of new evidence presented by the defence and third parties in a March 28 meeting between the Crown and Norman’s counsel. The dropped charge comes after prosecutors alleged he was the leak of sensitive information in late 2015 about Liberal plans to freeze a deal to buy the navy an interim supply ship after both of its remaining vessels rusted out and caught fire, forcing their early retirement.",SirW00f,2019-05-09 05:25:38 UTC,https://discordleaks.unicornriot.ninja/discord/view/16478221#msg
After an evening of Newfoundland Screech: 🤣. https://twitter.com/oram_alan/status/1133111656219893762?s=12,lmbd,2019-05-27 23:41:52 UTC,https://discordleaks.unicornriot.ninja/discord/view/16478222#msg
https://twitter.com/rexglacer/status/1133681299254927360?s=12,lmbd,2019-05-29 11:52:31 UTC,https://discordleaks.unicornriot.ninja/discord/view/16478223#msg
https://www.youtube.com/watch?v=oeYcBmniIsM,SirW00f,2019-05-30 21:29:08 UTC,https://discordleaks.unicornriot.ninja/discord/view/16478224#msg
https://www.spencerfernando.com/2019/06/07/basic-dictatorship-trudeau-government-considering-shutting-down-social-media-as-election-approaches/,SirW00f,2019-06-11 06:14:12 UTC,https://discordleaks.unicornriot.ninja/discord/view/16478225#msg
23=pain? https://twitter.com/SecPompeo/status/1139379035241238529,lmbd,2019-06-14 14:08:15 UTC,https://discordleaks.unicornriot.ninja/discord/view/16478226#msg
https://www.google.co.uk/amp/s/www.rt.com/news/462241-justin-trudeau-tmx-pipeline-hypocrisy/amp/,Riggy17 (UK),2019-06-19 19:19:36 UTC,https://discordleaks.unicornriot.ninja/discord/view/16478227#msg
He is after votes.,lmbd,2019-06-19 23:09:29 UTC,https://discordleaks.unicornriot.ninja/discord/view/16478228#msg
"SUBVERTING PARLIAMENT: Trudeau Liberals Caught Trying To Create $7 BILLION 'Slush Fund' To Escape House Of Commons Oversight - Spencer Fernando

https://www.spencerfernando.com/2018/03/28/subverting-parliament-trudeau-liberals-caught-trying-create-7-billion-slush-fund-escape-house-commons-oversight/",lmbd,2019-06-20 02:00:51 UTC,https://discordleaks.unicornriot.ninja/discord/view/16478229#msg
"Oops, forgot to check the date.... but something to check into with updated info. 😁",lmbd,2019-06-20 02:02:56 UTC,https://discordleaks.unicornriot.ninja/discord/view/16478230#msg
https://cdn.discordapp.com/attachments/445703916424790038/591072544426295307/0aefd1a24335584454febca38aed56a699e3cbcecb5beb92aa4e937e3f134949.png,SirW00f,2019-06-20 02:45:03 UTC,https://discordleaks.unicornriot.ninja/discord/view/16478231#msg
https://www.opp.ca/news/#/viewnews/5d0a5a8c58303,lmbd,2019-06-20 20:54:26 UTC,https://discordleaks.unicornriot.ninja/discord/view/16478232#msg
https://cdn.discordapp.com/attachments/445703916424790038/595484535328735234/unknown.png,SirW00f,2019-07-02 05:23:33 UTC,https://discordleaks.unicornriot.ninja/discord/view/16478233#msg
https://www.breitbart.com/politics/2019/07/05/police-investigate-death-threats-to-movie-theater-owners-screening-pro-life-film-unplanned/,SirW00f,2019-07-06 18:26:58 UTC,https://discordleaks.unicornriot.ninja/discord/view/16478234#msg
Big push for Somali immigration by our Immigration minister He also met with Ilhan Omar. https://en.wikipedia.org/wiki/Ahmed_Hussen,lmbd,2019-07-07 02:57:48 UTC,https://discordleaks.unicornriot.ninja/discord/view/16478235#msg
https://www.rt.com/usa/463812-big-pharma-insulin-canada/,Riggy17 (UK),2019-07-11 00:04:21 UTC,https://discordleaks.unicornriot.ninja/discord/view/16478236#msg
https://m.youtube.com/watch?v=VTPorTqt4us,Riggy17 (UK),2019-07-11 23:53:24 UTC,https://discordleaks.unicornriot.ninja/discord/view/16478237#msg
for some odd reason...i wanna do her,SirW00f,2019-07-12 00:00:01 UTC,https://discordleaks.unicornriot.ninja/discord/view/16478238#msg
https://youtu.be/uTX6sOCoJUo,SirW00f,2019-07-14 04:44:46 UTC,https://discordleaks.unicornriot.ninja/discord/view/16478239#msg
https://youtu.be/7WNQznhs_aU,SirW00f,2019-07-18 05:16:57 UTC,https://discordleaks.unicornriot.ninja/discord/view/16478240#msg
https://www.lifesitenews.com/news/man-who-identifies-as-female-asks-city-to-approve-lgbt-pool-party-for-topless-12-year-olds-no-parents,SirW00f,2019-07-23 01:56:01 UTC,https://discordleaks.unicornriot.ninja/discord/view/16478241#msg
https://www.youtube.com/watch?v=dYpYJM-TUF0,SirW00f,2019-08-22 18:44:01 UTC,https://discordleaks.unicornriot.ninja/discord/view/16478242#msg
https://www.youtube.com/watch?v=yyiy08DrG3Q,SirW00f,2019-08-29 01:54:06 UTC,https://discordleaks.unicornriot.ninja/discord/view/16478243#msg
https://cdn.discordapp.com/attachments/445703916424790038/618092623353217047/1567425576108.png,SirW00f,2019-09-02 14:41:03 UTC,https://discordleaks.unicornriot.ninja/discord/view/16478244#msg
https://twitter.com/TrueQanuck11/status/1168716679381229568?s=19,SirW00f,2019-09-04 09:09:06 UTC,https://discordleaks.unicornriot.ninja/discord/view/16478245#msg
https://www.vice.com/en_ca/article/8xwxpv/a-qanon-youtuber-is-running-for-office-in-canada,Andrewi,2019-09-12 14:11:31 UTC,https://discordleaks.unicornriot.ninja/discord/view/16478246#msg
https://globalnews.ca/news/5899146/senior-rcmp-arrested-charged/,SirW00f,2019-09-13 20:41:58 UTC,https://discordleaks.unicornriot.ninja/discord/view/16478247#msg
https://twitter.com/MercedesGlobal/status/1172989513632813056,SirW00f,2019-09-15 01:39:08 UTC,https://discordleaks.unicornriot.ninja/discord/view/16478248#msg
https://nypost.com/2019/09/18/canadian-prime-minister-justin-trudeau-pictured-wearing-brownface-at-2001-party/?utm_source=maropost&utm_medium=email&utm_campaign=news_alert&utm_content=20190918&tpcc=nypbreaking&mpweb=755-8257983-719934549,Andrewi,2019-09-18 23:38:13 UTC,https://discordleaks.unicornriot.ninja/discord/view/16478249#msg
"Justin Trudeau Wore Brownface at 2001 ‘Arabian Nights’ Party While He Taught at a Private School, Canada's Liberal Party Admits - TIME

https://apple.news/AtfqV0hLTTuek2qXE6c1Qwg",lmbd,2019-09-18 23:45:59 UTC,https://discordleaks.unicornriot.ninja/discord/view/16478250#msg
https://www.youtube.com/watch?v=xFNuPXmSPHE,Andrewi,2019-09-18 23:46:26 UTC,https://discordleaks.unicornriot.ninja/discord/view/16478251#msg
https://www.youtube.com/watch?v=hE5874OF86c,Andrewi,2019-09-18 23:49:40 UTC,https://discordleaks.unicornriot.ninja/discord/view/16478252#msg
https://www.youtube.com/watch?v=ZV269pkPqeg,SirW00f,2019-09-19 08:33:38 UTC,https://discordleaks.unicornriot.ninja/discord/view/16478253#msg
u were a sub drama teacher at the time...u apparently had no intentions of running for gov and didn't care what u were doing at the time just so long as u could get laid,SirW00f,2019-09-19 10:43:02 UTC,https://discordleaks.unicornriot.ninja/discord/view/16478254#msg
https://cdn.discordapp.com/attachments/462308346091798530/624364071290142733/a3Rjrx5_700b.png,SirW00f,2019-09-19 23:59:18 UTC,https://discordleaks.unicornriot.ninja/discord/view/16478255#msg
https://www.rt.com/business/469170-canada-land-owner-queen/?utm_source=rss&utm_medium=rss&utm_campaign=RSS,SirW00f,2019-09-20 08:34:32 UTC,https://discordleaks.unicornriot.ninja/discord/view/16478256#msg
Where 's the blackface in the farm ? 😂,Andrewi,2019-09-20 10:55:19 UTC,https://discordleaks.unicornriot.ninja/discord/view/16478257#msg
https://neonnettle.com/news/8837-video-emerges-of-canada-s-liberal-leader-justin-trudeau-wearing-blackface-watch,Andrewi,2019-09-20 10:56:16 UTC,https://discordleaks.unicornriot.ninja/discord/view/16478258#msg
https://trendingpolitics.com/smoking-gun-video-of-trudeau-in-blackface-leaked-to-the-public/,Andrewi,2019-09-20 10:56:30 UTC,https://discordleaks.unicornriot.ninja/discord/view/16478259#msg
https://www.youtube.com/watch?v=m1bTRSHdxLY,Andrewi,2019-09-21 16:38:35 UTC,https://discordleaks.unicornriot.ninja/discord/view/16478260#msg
https://reseauinternational.net/explosif-macron-habille-pour-plusieurs-hivers-par-un-ancien-camarade-de-lena/,Andrewi,2019-09-22 15:25:33 UTC,https://discordleaks.unicornriot.ninja/discord/view/16478261#msg
(french) se faire tailler un costard sur mesure !,Andrewi,2019-09-22 15:25:54 UTC,https://discordleaks.unicornriot.ninja/discord/view/16478262#msg
https://www.youtube.com/watch?v=NINB4WipEUw (french),Andrewi,2019-09-23 09:16:41 UTC,https://discordleaks.unicornriot.ninja/discord/view/16478263#msg
https://media.discordapp.net/attachments/420910126401323019/625512819277955072/image0.png?width=363&height=300,Andrewi,2019-09-23 11:08:10 UTC,https://discordleaks.unicornriot.ninja/discord/view/16478264#msg
https://www.un.org/disarmament/convarms/arms-trade-treaty-2/ Arms agreement mentioned in Pr Trump’s UN speech. He has withdrawn from it. Canada has acceded to it. https://ipolitics.ca/2019/07/11/gun-groups-up-in-arms-over-government-plan-to-join-un-weapons-treaty/ https://www.opencanada.org/features/what-joining-arms-trade-treaty-means-canada/ https://www.international.gc.ca/trade-commerce/consultations/export_controls-controle_exportations/overview-apercu.aspx?lang=eng,lmbd,2019-09-25 13:52:41 UTC,https://discordleaks.unicornriot.ninja/discord/view/16478265#msg
https://twitter.com/MarkEll08169580/status/1177207002948341762,Andrewi,2019-09-26 18:57:07 UTC,https://discordleaks.unicornriot.ninja/discord/view/16478266#msg
https://twitter.com/MarkEll08169580/status/1177165037494067200,Andrewi,2019-09-26 23:30:22 UTC,https://discordleaks.unicornriot.ninja/discord/view/16478267#msg
https://www.news.com.au/lifestyle/parenting/kids/mattel-releases-genderneutral-toy-doll-to-counter-barbie-ken/news-story/756305b887617226f9fe6a9f4b5b8d7d,Andrewi,2019-09-26 23:55:22 UTC,https://discordleaks.unicornriot.ninja/discord/view/16478268#msg
https://twitter.com/MrAndyNgo/status/1178184483972866048?s=19,SirW00f,2019-09-29 06:42:37 UTC,https://discordleaks.unicornriot.ninja/discord/view/16478269#msg
and black tongue apparently too,SirW00f,2019-09-29 06:42:48 UTC,https://discordleaks.unicornriot.ninja/discord/view/16478270#msg
https://www.youtube.com/watch?v=GuTt7BpBRBs,Andrewi,2019-09-30 17:34:34 UTC,https://discordleaks.unicornriot.ninja/discord/view/16478271#msg
(french),Andrewi,2019-09-30 17:34:41 UTC,https://discordleaks.unicornriot.ninja/discord/view/16478272#msg
https://twitter.com/ThinGrayLine01/status/1178486647282917377?s=09,Andrewi,2019-09-30 20:03:36 UTC,https://discordleaks.unicornriot.ninja/discord/view/16478273#msg
https://twitter.com/PpcCape/status/1178712641948323841,Andrewi,2019-10-01 11:36:26 UTC,https://discordleaks.unicornriot.ninja/discord/view/16478274#msg
https://www.facebook.com/thestagna/videos/10156770480271194/UzpfSTI1Mzc0OTI0ODgzNDk1MzozODc3NzMyNDU0MzI1NTI/?modal=admin_todo_tour,Andrewi,2019-10-01 11:43:15 UTC,https://discordleaks.unicornriot.ninja/discord/view/16478275#msg
https://youtu.be/I0RcLWrDWdg,Andrewi,2019-10-01 22:46:25 UTC,https://discordleaks.unicornriot.ninja/discord/view/16487488#msg
https://twitter.com/i/status/1179557022544596997,SirW00f,2019-10-03 13:45:04 UTC,https://discordleaks.unicornriot.ninja/discord/view/16487489#msg
https://breaking911.com/happening-now-cops-respond-the-active-shooting-at-historic-skyscraper-in-vancouver-washington/?onesignal_site_push_notification,SirW00f,2019-10-03 22:31:07 UTC,https://discordleaks.unicornriot.ninja/discord/view/16487490#msg
https://fr.sputniknews.com/international/201910051042216935-attaque-a-paris-cnn-ampute-la-france-de-lalsace-moselle-dans-un-reportage/,Andrewi,2019-10-05 13:27:15 UTC,https://discordleaks.unicornriot.ninja/discord/view/16487491#msg
"(french) CNN showing a French map territory without Alsace - Lorraine, meaning maps between 1871 and 1918 ( it was given back Germany)",Andrewi,2019-10-05 13:28:23 UTC,https://discordleaks.unicornriot.ninja/discord/view/16487492#msg
https://www.youtube.com/watch?v=-1XNjh5k9TY,Andrewi,2019-10-06 17:30:07 UTC,https://discordleaks.unicornriot.ninja/discord/view/16487493#msg
"Jody Wilson-Raybould leaked phone call. Justin Trudeau trying to strong arm her by proxy. - YouTube

https://www.youtube.com/watch?v=ykJ61V2ANHY",lmbd,2019-10-07 20:22:24 UTC,https://discordleaks.unicornriot.ninja/discord/view/16487494#msg
https://twitter.com/denisebatters/status/1181864122222297088?s=12,lmbd,2019-10-10 13:25:52 UTC,https://discordleaks.unicornriot.ninja/discord/view/16487495#msg
https://cdn.discordapp.com/attachments/445703916424790038/632333896674967552/1011191339.jpg,SirW00f,2019-10-11 21:50:58 UTC,https://discordleaks.unicornriot.ninja/discord/view/16487496#msg
The entire articles of confederation was resended when they adopted the constitution....just saying.,one12alpha (TLI),2019-10-12 03:14:41 UTC,https://discordleaks.unicornriot.ninja/discord/view/16487497#msg
https://twitter.com/HoCStaffer/status/1182822717650800645,SirW00f,2019-10-13 14:34:11 UTC,https://discordleaks.unicornriot.ninja/discord/view/16487498#msg
https://youtu.be/VqZ2q0m8cqo,Andrewi,2019-10-13 21:23:07 UTC,https://discordleaks.unicornriot.ninja/discord/view/16487499#msg
(french - Conseil Régional de la région Franche Comté Bourgogne),Andrewi,2019-10-13 21:23:35 UTC,https://discordleaks.unicornriot.ninja/discord/view/16487500#msg
https://twitter.com/shanefen/status/1176495685639651328?s=12,lmbd,2019-10-15 01:45:29 UTC,https://discordleaks.unicornriot.ninja/discord/view/16487501#msg
https://twitter.com/intertap5/status/1184083100202164225?s=12,lmbd,2019-10-15 23:02:21 UTC,https://discordleaks.unicornriot.ninja/discord/view/16487502#msg
https://fr.sputniknews.com/societe/201910151042268364-pedocriminalite-jai-vecu-le-pire-mais-jai-aussi-vecu-le-pire-dans-mon-parcours-judiciaire/?utm_source=push&utm_medium=browser_notification&utm_campaign=sputnik_fr,Andrewi,2019-10-15 23:46:52 UTC,https://discordleaks.unicornriot.ninja/discord/view/16487503#msg
french testimony of a child sexual abuse. (français),Andrewi,2019-10-15 23:47:24 UTC,https://discordleaks.unicornriot.ninja/discord/view/16487504#msg
https://globalnews.ca/news/6015946/police-raid-downtown-toronto-fort-york-condo/,Andrewi,2019-10-18 14:56:52 UTC,https://discordleaks.unicornriot.ninja/discord/view/16488674#msg
https://twitter.com/BillTufts/status/1185547834604638209,Andrewi,2019-10-19 19:11:56 UTC,https://discordleaks.unicornriot.ninja/discord/view/16488675#msg
https://www.scribd.com/document/430949335/State-Department-report-on-Clinton-emails,AngelLady,2019-10-20 00:03:08 UTC,https://discordleaks.unicornriot.ninja/discord/view/16488676#msg
https://twitter.com/BreakingNLive/status/1186339115937218560,Andrewi,2019-10-21 18:42:04 UTC,https://discordleaks.unicornriot.ninja/discord/view/16488677#msg
"2 options for america, either seal up the northern borders...and or start deporting libtards to canada",SirW00f,2019-10-21 20:11:03 UTC,https://discordleaks.unicornriot.ninja/discord/view/16488678#msg
https://www.rt.com/news/471506-canada-trudeau-election-minority/,Andrewi,2019-10-22 12:58:00 UTC,https://discordleaks.unicornriot.ninja/discord/view/16488679#msg
Trump just said that Canada reached a deal with Trump esp with prescription drugs which they are ready to purchase in Canada because it's 50 % cheaper than in the US. Since the US are appyling irelevant taxes based on Dems policies....,Andrewi,2019-10-22 12:59:42 UTC,https://discordleaks.unicornriot.ninja/discord/view/16488680#msg
https://francais.rt.com/international/67163-legislatives-canada-independantistes-bloc-quebecois-triplent-score,Andrewi,2019-10-22 13:24:27 UTC,https://discordleaks.unicornriot.ninja/discord/view/16488681#msg
https://twitter.com/ThedeplorableM/status/1186600146542481408?s=09,Andrewi,2019-10-22 13:51:41 UTC,https://discordleaks.unicornriot.ninja/discord/view/16488682#msg
https://twitter.com/3Days3Nights/status/1186494128076525568?s=17,Andrewi,2019-10-22 13:53:48 UTC,https://discordleaks.unicornriot.ninja/discord/view/16488683#msg
https://youtu.be/fAa6hrQ0Ra4,AngelLady,2019-10-22 15:22:57 UTC,https://discordleaks.unicornriot.ninja/discord/view/16488684#msg
https://twitter.com/JoTaann/status/1186479234103070721?s=19,Andrewi,2019-10-22 17:02:03 UTC,https://discordleaks.unicornriot.ninja/discord/view/16488685#msg
https://youtu.be/bJ5CQ6OUcPQ,AngelLady,2019-10-22 17:25:35 UTC,https://discordleaks.unicornriot.ninja/discord/view/16488686#msg
https://youtu.be/0NqVGvxmOwM,AngelLady,2019-10-24 16:08:29 UTC,https://discordleaks.unicornriot.ninja/discord/view/16488687#msg
https://twitter.com/franktmcveety/status/1187758732307861510?s=12,lmbd,2019-10-25 16:53:16 UTC,https://discordleaks.unicornriot.ninja/discord/view/16488688#msg
"FRANCE : L’INA BLOQUE/CENSURE le documentaire d'Elise Lucet “VIOLS D’ENFANTS LA FIN DU SILENCE” après 15 ans sur le web !!!! L’intelligence artificielle à la rescousse des élites pédophiles ?

Ou comment ceux qui ont le contrôle sur google, YouTube et facebook utiliseraient l’intelligence artificielle pour supprimer les vidéos et articles concernant les réseaux pédophiles... .https://www.youtube.com/watch?time_continue=25&v=RLyP231OI-o",Andrewi,2019-10-26 22:28:36 UTC,https://discordleaks.unicornriot.ninja/discord/view/17770775#msg
https://twitter.com/ThedeplorableM/status/1186600146542481408?s=09,Andrewi,2019-10-27 23:57:17 UTC,https://discordleaks.unicornriot.ninja/discord/view/17770776#msg
https://www.youtube.com/watch?v=Z7gN2jaVfG4,Andrewi,2019-10-29 22:47:52 UTC,https://discordleaks.unicornriot.ninja/discord/view/17770777#msg
"French video, Darknet français démantelé, les noms",Andrewi,2019-10-29 22:48:24 UTC,https://discordleaks.unicornriot.ninja/discord/view/17770778#msg
https://fr.sputniknews.com/france/201910301042348995-gilets-jaunes-le-biologiste-qui-enquete-sur-les-gaz-lacrymogenes-arrete/?utm_source=push&utm_medium=browser_notification&utm_campaign=sputnik_fr (français /french),Andrewi,2019-10-30 15:40:20 UTC,https://discordleaks.unicornriot.ninja/discord/view/17770779#msg
https://twitter.com/PantherEyez7/status/1189906134716436482,Andrewi,2019-10-31 16:24:54 UTC,https://discordleaks.unicornriot.ninja/discord/view/17770780#msg
https://www.youtube.com/watch?v=EKLwvfC4yYw,Andrewi,2019-11-01 13:11:06 UTC,https://discordleaks.unicornriot.ninja/discord/view/23182845#msg
(French),Andrewi,2019-11-01 13:11:14 UTC,https://discordleaks.unicornriot.ninja/discord/view/23182846#msg
https://www.veteranstoday.com/2019/10/28/the-strange-case-of-baghdadi-was-he-the-jewish-head-of-a-mossad-run-isis/,Andrewi,2019-11-01 14:38:49 UTC,https://discordleaks.unicornriot.ninja/discord/view/23182847#msg
http://www.opex360.com/2019/10/31/le-pentagone-diffuse-des-images-du-raid-mene-contre-abu-bakr-al-baghdadi-le-chef-de-daesh/,Andrewi,2019-11-01 14:43:29 UTC,https://discordleaks.unicornriot.ninja/discord/view/23182848#msg
https://gffreepages.blogspot.com/2019/10/gordon-duff-letrange-cas-de-baghdadi.html,Andrewi,2019-11-01 14:43:54 UTC,https://discordleaks.unicornriot.ninja/discord/view/23182849#msg
(french),Andrewi,2019-11-01 14:44:13 UTC,https://discordleaks.unicornriot.ninja/discord/view/23182850#msg
"sharing the french political debacle with Québec, Macron Leaks in french : https://www.youtube.com/watch?time_continue=90&v=UyF7T3-EHcg",Andrewi,2019-11-07 20:12:54 UTC,https://discordleaks.unicornriot.ninja/discord/view/23182851#msg
"De jolies pépites avec de nouveaux mots d'argot : ""Les crevards"" (les chrétiens blancs qui crèvent, et surtout leurs propres partisans qui votent pour LREM....dingue !)",Andrewi,2019-11-07 20:14:46 UTC,https://discordleaks.unicornriot.ninja/discord/view/23182852#msg
https://fr.sputniknews.com/canada/201911071042389072-prostitution-et-esclavage-sexuel-au-canada-montreal-est-la-bangkok-de-lest/,Andrewi,2019-11-08 14:51:18 UTC,https://discordleaks.unicornriot.ninja/discord/view/23182853#msg
Québec,Andrewi,2019-11-08 14:51:24 UTC,https://discordleaks.unicornriot.ninja/discord/view/23182854#msg
"Rebel News - 11,000 'scientists' warn of 'untold suffering' from climate change: Meet the Canadians who made the list!

Busted! I don’t always agree with his viewpoint, but this is really good exposure of fake news! https://www.rebelnews.com/who_were_the_11_000_scientists_warning_of_untold_suffering_from_climate_change",lmbd,2019-11-09 13:55:23 UTC,https://discordleaks.unicornriot.ninja/discord/view/23182855#msg
"Today in Lyon (France) a french student and activist against Macron and the EU which he called Faschism, burnt himself just outside of his student condo, he was 22 and asked why and they have only 450 euros to survive, how long is this going to take to find a job with mass unemployment in France, and finally whether there is a retirement plan for all He accuses president Hollande and Macron and Sarkosy of killing him so as the EU - His life is in great danger, as he is burnt over 90 % https://www.lemonde.fr/societe/article/2019/11/09/un-etudiant-gravement-blesse-apres-s-etre-immole-par-le-feu-devant-le-batiment-du-crous-a-lyon_6018629_3224.html",Andrewi,2019-11-09 18:09:15 UTC,https://discordleaks.unicornriot.ninja/discord/view/23182856#msg
He prepared a message on his facebook page : https://m.facebook.com/story.php?story_fbid=823331054750294&id=100012202212578&sfnsn=mo,Andrewi,2019-11-09 18:11:18 UTC,https://discordleaks.unicornriot.ninja/discord/view/23182857#msg
💘,Andrewi,2019-11-09 18:11:26 UTC,https://discordleaks.unicornriot.ninja/discord/view/23182858#msg
https://theprovince.com/news/local-news/b-c-first-nations-chief-ed-john-charged-with-sex-offences/wcm/7befcd8f-3a71-4140-89e8-12122d825e8f,Andrewi,2019-11-16 21:21:53 UTC,https://discordleaks.unicornriot.ninja/discord/view/23182859#msg
in French : http://www.leparisien.fr/faits-divers/proces-en-appel-du-cardinal-barbarin-a-lyon-je-n-arrive-pas-a-voir-en-quoi-je-suis-coupable-28-11-2019-8204211.php,Andrewi,2019-11-28 18:42:36 UTC,https://discordleaks.unicornriot.ninja/discord/view/23182860#msg
https://www.youtube.com/watch?v=QFRPci2wK2Y,Andrewi,2019-11-28 23:44:32 UTC,https://discordleaks.unicornriot.ninja/discord/view/23182861#msg
https://twitter.com/realDonaldTrump/status/1200924495139221505,Andrewi,2019-12-01 00:35:17 UTC,https://discordleaks.unicornriot.ninja/discord/view/23182862#msg
https://www.reuters.com/article/us-china-mining-zijin-idUSKBN1Y617H?taid=5de524e786d8c600013d0dfe&utm_campaign=trueAnthem:+Trending+Content&utm_medium=trueAnthem&utm_source=twitter,Andrewi,2019-12-02 16:54:59 UTC,https://discordleaks.unicornriot.ninja/discord/view/23182863#msg
