USER,META,LINK,ATTACHMENTS
LowLandsPete,2019-04-30 19:03:14 UTC,https://discordleaks.unicornriot.ninja/discord/view/16482589#msg
Zenmaster,2019-04-30 19:51:12 UTC,https://discordleaks.unicornriot.ninja/discord/view/16482590#msg
Zenmaster,2019-04-30 19:51:21 UTC,https://discordleaks.unicornriot.ninja/discord/view/16482591#msg
Desimated,2019-04-30 21:13:48 UTC,https://discordleaks.unicornriot.ninja/discord/view/16482592#msg
Desimated,2019-04-30 21:14:44 UTC,https://discordleaks.unicornriot.ninja/discord/view/16482593#msg
Zenmaster,2019-04-30 21:19:38 UTC,https://discordleaks.unicornriot.ninja/discord/view/16482594#msg
Desimated,2019-04-30 21:22:37 UTC,https://discordleaks.unicornriot.ninja/discord/view/16482595#msg
Desimated,2019-04-30 21:23:15 UTC,https://discordleaks.unicornriot.ninja/discord/view/16482596#msg
Zenmaster,2019-04-30 21:23:16 UTC,https://discordleaks.unicornriot.ninja/discord/view/16482597#msg
Desimated,2019-04-30 21:23:58 UTC,https://discordleaks.unicornriot.ninja/discord/view/16482598#msg
Zenmaster,2019-04-30 21:27:55 UTC,https://discordleaks.unicornriot.ninja/discord/view/16482599#msg
Zenmaster,2019-04-30 21:32:12 UTC,https://discordleaks.unicornriot.ninja/discord/view/16482600#msg
SirW00f,2019-04-30 21:33:38 UTC,https://discordleaks.unicornriot.ninja/discord/view/16482601#msg
Desimated,2019-04-30 21:34:09 UTC,https://discordleaks.unicornriot.ninja/discord/view/16482602#msg
SirW00f,2019-04-30 21:34:13 UTC,https://discordleaks.unicornriot.ninja/discord/view/16482603#msg
Zenmaster,2019-04-30 21:35:39 UTC,https://discordleaks.unicornriot.ninja/discord/view/16482604#msg
SirW00f,2019-04-30 21:35:48 UTC,https://discordleaks.unicornriot.ninja/discord/view/16482605#msg
SirW00f,2019-04-30 21:36:37 UTC,https://discordleaks.unicornriot.ninja/discord/view/16482606#msg
Desimated,2019-04-30 21:36:48 UTC,https://discordleaks.unicornriot.ninja/discord/view/16482607#msg
Zenmaster,2019-04-30 21:36:55 UTC,https://discordleaks.unicornriot.ninja/discord/view/16482539#msg
LowLandsPete,2019-04-30 21:36:59 UTC,https://discordleaks.unicornriot.ninja/discord/view/16482540#msg
Desimated,2019-04-30 21:36:59 UTC,https://discordleaks.unicornriot.ninja/discord/view/16482541#msg
Zenmaster,2019-04-30 21:37:18 UTC,https://discordleaks.unicornriot.ninja/discord/view/16482542#msg
SirW00f,2019-04-30 21:37:23 UTC,https://discordleaks.unicornriot.ninja/discord/view/16482543#msg
SirW00f,2019-04-30 21:37:44 UTC,https://discordleaks.unicornriot.ninja/discord/view/16482544#msg
Desimated,2019-04-30 21:38:07 UTC,https://discordleaks.unicornriot.ninja/discord/view/16482545#msg
SirW00f,2019-04-30 21:38:37 UTC,https://discordleaks.unicornriot.ninja/discord/view/16482546#msg
Zenmaster,2019-04-30 21:38:43 UTC,https://discordleaks.unicornriot.ninja/discord/view/16482547#msg
LowLandsPete,2019-04-30 21:39:18 UTC,https://discordleaks.unicornriot.ninja/discord/view/16482548#msg
SirW00f,2019-04-30 21:39:31 UTC,https://discordleaks.unicornriot.ninja/discord/view/16482549#msg
SirW00f,2019-04-30 21:40:27 UTC,https://discordleaks.unicornriot.ninja/discord/view/16482550#msg
SirW00f,2019-04-30 21:41:31 UTC,https://discordleaks.unicornriot.ninja/discord/view/16482551#msg
Zenmaster,2019-04-30 21:41:33 UTC,https://discordleaks.unicornriot.ninja/discord/view/16482552#msg
Desimated,2019-04-30 21:41:42 UTC,https://discordleaks.unicornriot.ninja/discord/view/16482553#msg
Desimated,2019-04-30 21:42:55 UTC,https://discordleaks.unicornriot.ninja/discord/view/16482554#msg
Desimated,2019-04-30 21:43:05 UTC,https://discordleaks.unicornriot.ninja/discord/view/16482555#msg
Desimated,2019-04-30 21:43:11 UTC,https://discordleaks.unicornriot.ninja/discord/view/16482556#msg
Zenmaster,2019-04-30 21:43:42 UTC,https://discordleaks.unicornriot.ninja/discord/view/16482557#msg
Desimated,2019-04-30 21:43:57 UTC,https://discordleaks.unicornriot.ninja/discord/view/16482558#msg
Desimated,2019-04-30 21:44:30 UTC,https://discordleaks.unicornriot.ninja/discord/view/16482559#msg
SirW00f,2019-04-30 21:45:37 UTC,https://discordleaks.unicornriot.ninja/discord/view/16482560#msg
LowLandsPete,2019-04-30 21:45:43 UTC,https://discordleaks.unicornriot.ninja/discord/view/16482561#msg
Desimated,2019-04-30 21:48:34 UTC,https://discordleaks.unicornriot.ninja/discord/view/16482562#msg
Desimated,2019-04-30 21:49:20 UTC,https://discordleaks.unicornriot.ninja/discord/view/16482563#msg
SirW00f,2019-04-30 21:50:23 UTC,https://discordleaks.unicornriot.ninja/discord/view/16482564#msg
Zenmaster,2019-04-30 21:50:42 UTC,https://discordleaks.unicornriot.ninja/discord/view/16482565#msg
SirW00f,2019-04-30 21:51:31 UTC,https://discordleaks.unicornriot.ninja/discord/view/16482566#msg
SirW00f,2019-04-30 21:51:37 UTC,https://discordleaks.unicornriot.ninja/discord/view/16482567#msg
Desimated,2019-04-30 21:51:41 UTC,https://discordleaks.unicornriot.ninja/discord/view/16482568#msg
SirW00f,2019-04-30 21:53:24 UTC,https://discordleaks.unicornriot.ninja/discord/view/16482569#msg
Desimated,2019-04-30 21:56:38 UTC,https://discordleaks.unicornriot.ninja/discord/view/16482570#msg
Desimated,2019-04-30 21:58:05 UTC,https://discordleaks.unicornriot.ninja/discord/view/16482571#msg
Desimated,2019-04-30 21:59:08 UTC,https://discordleaks.unicornriot.ninja/discord/view/16482572#msg
LowLandsPete,2019-04-30 21:59:58 UTC,https://discordleaks.unicornriot.ninja/discord/view/16482573#msg
LowLandsPete,2019-04-30 22:01:09 UTC,https://discordleaks.unicornriot.ninja/discord/view/16482574#msg
LowLandsPete,2019-04-30 22:04:35 UTC,https://discordleaks.unicornriot.ninja/discord/view/16482575#msg
LowLandsPete,2019-04-30 22:07:06 UTC,https://discordleaks.unicornriot.ninja/discord/view/16482576#msg
Desimated,2019-04-30 22:07:16 UTC,https://discordleaks.unicornriot.ninja/discord/view/16482577#msg
SirW00f,2019-05-01 00:29:35 UTC,https://discordleaks.unicornriot.ninja/discord/view/16482578#msg
SirW00f,2019-05-01 09:41:00 UTC,https://discordleaks.unicornriot.ninja/discord/view/16482579#msg
Riggy17 (UK),2019-05-01 12:10:10 UTC,https://discordleaks.unicornriot.ninja/discord/view/16482580#msg
Riggy17 (UK),2019-05-01 12:10:39 UTC,https://discordleaks.unicornriot.ninja/discord/view/16482581#msg
LowLandsPete,2019-05-01 12:39:29 UTC,https://discordleaks.unicornriot.ninja/discord/view/16482582#msg
Riggy17 (UK),2019-05-01 13:01:42 UTC,https://discordleaks.unicornriot.ninja/discord/view/16482583#msg
LowLandsPete,2019-05-01 13:15:59 UTC,https://discordleaks.unicornriot.ninja/discord/view/16482584#msg
Riggy17 (UK),2019-05-01 13:40:07 UTC,https://discordleaks.unicornriot.ninja/discord/view/16482585#msg
LowLandsPete,2019-05-01 13:41:24 UTC,https://discordleaks.unicornriot.ninja/discord/view/16482586#msg
SirW00f,2019-05-02 07:21:07 UTC,https://discordleaks.unicornriot.ninja/discord/view/16482587#msg
LowLandsPete,2019-05-02 07:44:33 UTC,https://discordleaks.unicornriot.ninja/discord/view/16482588#msg
Desimated,2019-05-08 15:45:44 UTC,https://discordleaks.unicornriot.ninja/discord/view/16482858#msg
Maga gal,2019-05-08 17:34:59 UTC,https://discordleaks.unicornriot.ninja/discord/view/16482859#msg
LowLandsPete,2019-05-09 08:17:07 UTC,https://discordleaks.unicornriot.ninja/discord/view/16482860#msg
SirW00f,2019-05-09 08:28:14 UTC,https://discordleaks.unicornriot.ninja/discord/view/16482861#msg
SirW00f,2019-05-10 01:54:00 UTC,https://discordleaks.unicornriot.ninja/discord/view/16482862#msg
SirW00f,2019-05-10 01:54:11 UTC,https://discordleaks.unicornriot.ninja/discord/view/16482863#msg
SirW00f,2019-05-10 01:54:26 UTC,https://discordleaks.unicornriot.ninja/discord/view/16482864#msg
LowLandsPete,2019-05-13 10:14:05 UTC,https://discordleaks.unicornriot.ninja/discord/view/16482865#msg
LowLandsPete,2019-05-13 10:19:05 UTC,https://discordleaks.unicornriot.ninja/discord/view/16482866#msg
SirW00f,2019-05-16 16:53:16 UTC,https://discordleaks.unicornriot.ninja/discord/view/16482867#msg
Desimated,2019-05-16 16:58:11 UTC,https://discordleaks.unicornriot.ninja/discord/view/16482868#msg
Desimated,2019-05-16 16:58:29 UTC,https://discordleaks.unicornriot.ninja/discord/view/16482758#msg
Desimated,2019-05-16 16:59:46 UTC,https://discordleaks.unicornriot.ninja/discord/view/16482759#msg
Desimated,2019-05-16 19:33:28 UTC,https://discordleaks.unicornriot.ninja/discord/view/16482760#msg
Maga gal,2019-05-17 19:43:12 UTC,https://discordleaks.unicornriot.ninja/discord/view/16482761#msg
Maga gal,2019-05-17 19:50:34 UTC,https://discordleaks.unicornriot.ninja/discord/view/16482762#msg
Maga gal,2019-05-17 20:01:32 UTC,https://discordleaks.unicornriot.ninja/discord/view/16482763#msg
LowLandsPete,2019-05-18 07:37:31 UTC,https://discordleaks.unicornriot.ninja/discord/view/16482764#msg
LowLandsPete,2019-05-18 07:38:13 UTC,https://discordleaks.unicornriot.ninja/discord/view/16482765#msg
SirW00f,2019-05-18 08:24:03 UTC,https://discordleaks.unicornriot.ninja/discord/view/16482766#msg
SirW00f,2019-05-24 18:03:38 UTC,https://discordleaks.unicornriot.ninja/discord/view/16482767#msg
SirW00f,2019-05-24 18:09:42 UTC,https://discordleaks.unicornriot.ninja/discord/view/16482768#msg
Desimated,2019-05-24 23:07:49 UTC,https://discordleaks.unicornriot.ninja/discord/view/16482769#msg
SirW00f,2019-05-26 10:04:33 UTC,https://discordleaks.unicornriot.ninja/discord/view/16482770#msg
SirW00f,2019-05-26 10:05:57 UTC,https://discordleaks.unicornriot.ninja/discord/view/16482771#msg
HarbingeroftheKeys,2019-05-27 12:12:50 UTC,https://discordleaks.unicornriot.ninja/discord/view/16482772#msg
HarbingeroftheKeys,2019-05-27 12:13:53 UTC,https://discordleaks.unicornriot.ninja/discord/view/16482773#msg
HarbingeroftheKeys,2019-05-27 12:14:09 UTC,https://discordleaks.unicornriot.ninja/discord/view/16482774#msg
HarbingeroftheKeys,2019-05-27 12:14:10 UTC,https://discordleaks.unicornriot.ninja/discord/view/16482775#msg
HarbingeroftheKeys,2019-05-27 12:17:29 UTC,https://discordleaks.unicornriot.ninja/discord/view/16482776#msg
SirW00f,2019-05-28 13:08:31 UTC,https://discordleaks.unicornriot.ninja/discord/view/16482777#msg
SirW00f,2019-05-30 19:32:16 UTC,https://discordleaks.unicornriot.ninja/discord/view/16482778#msg
SirW00f,2019-05-30 19:32:59 UTC,https://discordleaks.unicornriot.ninja/discord/view/16482779#msg
SirW00f,2019-05-31 00:27:01 UTC,https://discordleaks.unicornriot.ninja/discord/view/16482780#msg
SirW00f,2019-05-31 00:31:23 UTC,https://discordleaks.unicornriot.ninja/discord/view/16482781#msg
SirW00f,2019-05-31 18:18:37 UTC,https://discordleaks.unicornriot.ninja/discord/view/16482782#msg
SirW00f,2019-05-31 18:20:34 UTC,https://discordleaks.unicornriot.ninja/discord/view/16482783#msg
SirW00f,2019-06-06 00:25:37 UTC,https://discordleaks.unicornriot.ninja/discord/view/16482784#msg
SirW00f,2019-06-06 00:26:29 UTC,https://discordleaks.unicornriot.ninja/discord/view/16482785#msg
SirW00f,2019-06-06 01:00:28 UTC,https://discordleaks.unicornriot.ninja/discord/view/16482786#msg
SirW00f,2019-06-06 01:00:45 UTC,https://discordleaks.unicornriot.ninja/discord/view/16482787#msg
SirW00f,2019-06-06 01:27:53 UTC,https://discordleaks.unicornriot.ninja/discord/view/16482788#msg
SirW00f,2019-06-07 14:33:27 UTC,https://discordleaks.unicornriot.ninja/discord/view/16482789#msg
Maga gal,2019-06-08 13:31:10 UTC,https://discordleaks.unicornriot.ninja/discord/view/16482790#msg
SirW00f,2019-06-10 23:29:06 UTC,https://discordleaks.unicornriot.ninja/discord/view/16482791#msg
SirW00f,2019-06-10 23:29:28 UTC,https://discordleaks.unicornriot.ninja/discord/view/16482792#msg
SirW00f,2019-06-11 06:02:33 UTC,https://discordleaks.unicornriot.ninja/discord/view/16482793#msg
SirW00f,2019-06-13 06:12:42 UTC,https://discordleaks.unicornriot.ninja/discord/view/16482794#msg
SirW00f,2019-06-13 06:13:05 UTC,https://discordleaks.unicornriot.ninja/discord/view/16482795#msg
SirW00f,2019-06-14 02:22:29 UTC,https://discordleaks.unicornriot.ninja/discord/view/16482796#msg
SirW00f,2019-06-14 02:22:41 UTC,https://discordleaks.unicornriot.ninja/discord/view/16482797#msg
SirW00f,2019-06-14 02:29:27 UTC,https://discordleaks.unicornriot.ninja/discord/view/16482798#msg
SirW00f,2019-06-14 02:30:29 UTC,https://discordleaks.unicornriot.ninja/discord/view/16482799#msg
SirW00f,2019-06-14 18:21:27 UTC,https://discordleaks.unicornriot.ninja/discord/view/16482800#msg
SirW00f,2019-06-14 18:21:40 UTC,https://discordleaks.unicornriot.ninja/discord/view/16482801#msg
LowLandsPete,2019-06-15 18:21:33 UTC,https://discordleaks.unicornriot.ninja/discord/view/16482802#msg
SirW00f,2019-06-15 20:35:08 UTC,https://discordleaks.unicornriot.ninja/discord/view/16482803#msg
SirW00f,2019-06-15 21:33:23 UTC,https://discordleaks.unicornriot.ninja/discord/view/16482804#msg
Maga gal,2019-06-16 03:00:43 UTC,https://discordleaks.unicornriot.ninja/discord/view/16482805#msg
SirW00f,2019-06-16 03:01:34 UTC,https://discordleaks.unicornriot.ninja/discord/view/16482806#msg
SirW00f,2019-06-16 03:01:57 UTC,https://discordleaks.unicornriot.ninja/discord/view/16482807#msg
Maga gal,2019-06-16 03:01:59 UTC,https://discordleaks.unicornriot.ninja/discord/view/16482808#msg
SirW00f,2019-06-16 03:02:06 UTC,https://discordleaks.unicornriot.ninja/discord/view/16482809#msg
Maga gal,2019-06-16 03:02:11 UTC,https://discordleaks.unicornriot.ninja/discord/view/16482810#msg
SirW00f,2019-06-16 03:02:43 UTC,https://discordleaks.unicornriot.ninja/discord/view/16482811#msg
Maga gal,2019-06-16 03:02:46 UTC,https://discordleaks.unicornriot.ninja/discord/view/16482812#msg
Maga gal,2019-06-16 03:03:12 UTC,https://discordleaks.unicornriot.ninja/discord/view/16482813#msg
SirW00f,2019-06-16 03:03:20 UTC,https://discordleaks.unicornriot.ninja/discord/view/16482814#msg
Maga gal,2019-06-16 03:03:40 UTC,https://discordleaks.unicornriot.ninja/discord/view/16482815#msg
Maga gal,2019-06-16 03:04:04 UTC,https://discordleaks.unicornriot.ninja/discord/view/16482816#msg
SirW00f,2019-06-16 03:04:05 UTC,https://discordleaks.unicornriot.ninja/discord/view/16482817#msg
SirW00f,2019-06-16 03:04:16 UTC,https://discordleaks.unicornriot.ninja/discord/view/16482818#msg
SirW00f,2019-06-16 03:04:30 UTC,https://discordleaks.unicornriot.ninja/discord/view/16482819#msg
Maga gal,2019-06-16 03:04:30 UTC,https://discordleaks.unicornriot.ninja/discord/view/16482820#msg
Maga gal,2019-06-16 03:05:23 UTC,https://discordleaks.unicornriot.ninja/discord/view/16482821#msg
SirW00f,2019-06-16 03:05:33 UTC,https://discordleaks.unicornriot.ninja/discord/view/16482822#msg
SirW00f,2019-06-16 03:05:54 UTC,https://discordleaks.unicornriot.ninja/discord/view/16482823#msg
SirW00f,2019-06-16 03:06:15 UTC,https://discordleaks.unicornriot.ninja/discord/view/16482824#msg
Maga gal,2019-06-16 03:06:17 UTC,https://discordleaks.unicornriot.ninja/discord/view/16482825#msg
Maga gal,2019-06-16 03:06:24 UTC,https://discordleaks.unicornriot.ninja/discord/view/16482826#msg
Maga gal,2019-06-16 03:06:48 UTC,https://discordleaks.unicornriot.ninja/discord/view/16482827#msg
SirW00f,2019-06-16 03:06:48 UTC,https://discordleaks.unicornriot.ninja/discord/view/16482828#msg
Maga gal,2019-06-16 03:07:03 UTC,https://discordleaks.unicornriot.ninja/discord/view/16482829#msg
SirW00f,2019-06-16 03:07:07 UTC,https://discordleaks.unicornriot.ninja/discord/view/16482830#msg
SirW00f,2019-06-16 03:08:27 UTC,https://discordleaks.unicornriot.ninja/discord/view/16482831#msg
Maga gal,2019-06-16 03:09:22 UTC,https://discordleaks.unicornriot.ninja/discord/view/16482832#msg
SirW00f,2019-06-16 03:09:33 UTC,https://discordleaks.unicornriot.ninja/discord/view/16482833#msg
Maga gal,2019-06-16 03:10:07 UTC,https://discordleaks.unicornriot.ninja/discord/view/16482834#msg
SirW00f,2019-06-16 03:10:10 UTC,https://discordleaks.unicornriot.ninja/discord/view/16482835#msg
SirW00f,2019-06-16 03:11:49 UTC,https://discordleaks.unicornriot.ninja/discord/view/16482836#msg
SirW00f,2019-06-16 03:12:13 UTC,https://discordleaks.unicornriot.ninja/discord/view/16482837#msg
Maga gal,2019-06-16 03:12:34 UTC,https://discordleaks.unicornriot.ninja/discord/view/16482838#msg
SirW00f,2019-06-16 03:13:02 UTC,https://discordleaks.unicornriot.ninja/discord/view/16482839#msg
SirW00f,2019-06-16 03:13:37 UTC,https://discordleaks.unicornriot.ninja/discord/view/16482840#msg
Maga gal,2019-06-16 03:13:46 UTC,https://discordleaks.unicornriot.ninja/discord/view/16482841#msg
Maga gal,2019-06-16 03:13:59 UTC,https://discordleaks.unicornriot.ninja/discord/view/16482842#msg
SirW00f,2019-06-16 03:14:55 UTC,https://discordleaks.unicornriot.ninja/discord/view/16482843#msg
Maga gal,2019-06-16 03:14:56 UTC,https://discordleaks.unicornriot.ninja/discord/view/16482844#msg
Maga gal,2019-06-16 03:15:52 UTC,https://discordleaks.unicornriot.ninja/discord/view/16482845#msg
SirW00f,2019-06-16 03:16:10 UTC,https://discordleaks.unicornriot.ninja/discord/view/16482846#msg
SirW00f,2019-06-16 03:17:16 UTC,https://discordleaks.unicornriot.ninja/discord/view/16482847#msg
SirW00f,2019-06-16 03:17:36 UTC,https://discordleaks.unicornriot.ninja/discord/view/16482848#msg
SirW00f,2019-06-16 03:17:49 UTC,https://discordleaks.unicornriot.ninja/discord/view/16482849#msg
Maga gal,2019-06-16 03:18:21 UTC,https://discordleaks.unicornriot.ninja/discord/view/16482850#msg
SirW00f,2019-06-16 03:18:42 UTC,https://discordleaks.unicornriot.ninja/discord/view/16482851#msg
SirW00f,2019-06-16 03:19:15 UTC,https://discordleaks.unicornriot.ninja/discord/view/16482852#msg
SirW00f,2019-06-16 03:19:20 UTC,https://discordleaks.unicornriot.ninja/discord/view/16482853#msg
SirW00f,2019-06-16 03:19:38 UTC,https://discordleaks.unicornriot.ninja/discord/view/16482854#msg
Maga gal,2019-06-16 03:19:54 UTC,https://discordleaks.unicornriot.ninja/discord/view/16482855#msg
Maga gal,2019-06-16 03:19:59 UTC,https://discordleaks.unicornriot.ninja/discord/view/16482856#msg
Maga gal,2019-06-16 03:21:04 UTC,https://discordleaks.unicornriot.ninja/discord/view/16482857#msg
SirW00f,2019-06-16 03:21:30 UTC,https://discordleaks.unicornriot.ninja/discord/view/16482708#msg
Maga gal,2019-06-16 03:22:11 UTC,https://discordleaks.unicornriot.ninja/discord/view/16482709#msg
Maga gal,2019-06-16 03:22:36 UTC,https://discordleaks.unicornriot.ninja/discord/view/16482710#msg
SirW00f,2019-06-16 03:23:05 UTC,https://discordleaks.unicornriot.ninja/discord/view/16482711#msg
Maga gal,2019-06-16 03:23:48 UTC,https://discordleaks.unicornriot.ninja/discord/view/16482712#msg
Maga gal,2019-06-16 03:26:03 UTC,https://discordleaks.unicornriot.ninja/discord/view/16482713#msg
SirW00f,2019-06-16 03:27:15 UTC,https://discordleaks.unicornriot.ninja/discord/view/16482714#msg
SirW00f,2019-06-16 03:27:45 UTC,https://discordleaks.unicornriot.ninja/discord/view/16482715#msg
Maga gal,2019-06-16 03:28:01 UTC,https://discordleaks.unicornriot.ninja/discord/view/16482716#msg
SirW00f,2019-06-16 03:28:43 UTC,https://discordleaks.unicornriot.ninja/discord/view/16482717#msg
SirW00f,2019-06-16 03:29:19 UTC,https://discordleaks.unicornriot.ninja/discord/view/16482718#msg
SirW00f,2019-06-16 03:30:08 UTC,https://discordleaks.unicornriot.ninja/discord/view/16482719#msg
Maga gal,2019-06-16 03:30:41 UTC,https://discordleaks.unicornriot.ninja/discord/view/16482720#msg
SirW00f,2019-06-16 03:31:18 UTC,https://discordleaks.unicornriot.ninja/discord/view/16482721#msg
SirW00f,2019-06-16 03:31:47 UTC,https://discordleaks.unicornriot.ninja/discord/view/16482722#msg
Maga gal,2019-06-16 03:31:49 UTC,https://discordleaks.unicornriot.ninja/discord/view/16482723#msg
SirW00f,2019-06-16 03:32:36 UTC,https://discordleaks.unicornriot.ninja/discord/view/16482724#msg
SirW00f,2019-06-16 03:32:59 UTC,https://discordleaks.unicornriot.ninja/discord/view/16482725#msg
SirW00f,2019-06-16 03:33:17 UTC,https://discordleaks.unicornriot.ninja/discord/view/16482726#msg
Maga gal,2019-06-16 03:33:55 UTC,https://discordleaks.unicornriot.ninja/discord/view/16482727#msg
Maga gal,2019-06-16 03:34:47 UTC,https://discordleaks.unicornriot.ninja/discord/view/16482728#msg
SirW00f,2019-06-16 03:34:56 UTC,https://discordleaks.unicornriot.ninja/discord/view/16482729#msg
SirW00f,2019-06-16 03:35:35 UTC,https://discordleaks.unicornriot.ninja/discord/view/16482730#msg
Maga gal,2019-06-16 03:35:36 UTC,https://discordleaks.unicornriot.ninja/discord/view/16482731#msg
Maga gal,2019-06-16 03:35:53 UTC,https://discordleaks.unicornriot.ninja/discord/view/16482732#msg
Maga gal,2019-06-16 03:36:43 UTC,https://discordleaks.unicornriot.ninja/discord/view/16482733#msg
SirW00f,2019-06-16 03:37:08 UTC,https://discordleaks.unicornriot.ninja/discord/view/16482734#msg
SirW00f,2019-06-16 03:37:45 UTC,https://discordleaks.unicornriot.ninja/discord/view/16482735#msg
SirW00f,2019-06-16 03:38:19 UTC,https://discordleaks.unicornriot.ninja/discord/view/16482736#msg
Maga gal,2019-06-16 03:38:33 UTC,https://discordleaks.unicornriot.ninja/discord/view/16482737#msg
SirW00f,2019-06-16 03:38:55 UTC,https://discordleaks.unicornriot.ninja/discord/view/16482738#msg
SirW00f,2019-06-16 03:39:10 UTC,https://discordleaks.unicornriot.ninja/discord/view/16482739#msg
Maga gal,2019-06-16 03:40:12 UTC,https://discordleaks.unicornriot.ninja/discord/view/16482740#msg
SirW00f,2019-06-16 03:41:13 UTC,https://discordleaks.unicornriot.ninja/discord/view/16482741#msg
Maga gal,2019-06-16 03:41:40 UTC,https://discordleaks.unicornriot.ninja/discord/view/16482742#msg
SirW00f,2019-06-16 03:42:26 UTC,https://discordleaks.unicornriot.ninja/discord/view/16482743#msg
Maga gal,2019-06-16 03:42:37 UTC,https://discordleaks.unicornriot.ninja/discord/view/16482744#msg
SirW00f,2019-06-16 03:43:14 UTC,https://discordleaks.unicornriot.ninja/discord/view/16482745#msg
Maga gal,2019-06-16 03:44:26 UTC,https://discordleaks.unicornriot.ninja/discord/view/16482746#msg
SirW00f,2019-06-16 03:45:10 UTC,https://discordleaks.unicornriot.ninja/discord/view/16482747#msg
SirW00f,2019-06-16 03:45:55 UTC,https://discordleaks.unicornriot.ninja/discord/view/16482748#msg
Maga gal,2019-06-16 03:45:57 UTC,https://discordleaks.unicornriot.ninja/discord/view/16482749#msg
SirW00f,2019-06-16 03:46:19 UTC,https://discordleaks.unicornriot.ninja/discord/view/16482750#msg
SirW00f,2019-06-16 03:46:59 UTC,https://discordleaks.unicornriot.ninja/discord/view/16482751#msg
Maga gal,2019-06-16 03:47:19 UTC,https://discordleaks.unicornriot.ninja/discord/view/16482752#msg
SirW00f,2019-06-16 03:47:24 UTC,https://discordleaks.unicornriot.ninja/discord/view/16482753#msg
SirW00f,2019-06-16 03:47:52 UTC,https://discordleaks.unicornriot.ninja/discord/view/16482754#msg
Maga gal,2019-06-16 03:48:03 UTC,https://discordleaks.unicornriot.ninja/discord/view/16482755#msg
SirW00f,2019-06-16 03:48:53 UTC,https://discordleaks.unicornriot.ninja/discord/view/16482756#msg
Maga gal,2019-06-16 03:48:55 UTC,https://discordleaks.unicornriot.ninja/discord/view/16482757#msg
Maga gal,2019-06-16 03:51:09 UTC,https://discordleaks.unicornriot.ninja/discord/view/16482658#msg
SirW00f,2019-06-16 03:52:00 UTC,https://discordleaks.unicornriot.ninja/discord/view/16482659#msg
Maga gal,2019-06-16 03:52:09 UTC,https://discordleaks.unicornriot.ninja/discord/view/16482660#msg
SirW00f,2019-06-16 03:52:32 UTC,https://discordleaks.unicornriot.ninja/discord/view/16482661#msg
SirW00f,2019-06-16 03:53:20 UTC,https://discordleaks.unicornriot.ninja/discord/view/16482662#msg
SirW00f,2019-06-16 03:53:32 UTC,https://discordleaks.unicornriot.ninja/discord/view/16482663#msg
Maga gal,2019-06-16 03:54:16 UTC,https://discordleaks.unicornriot.ninja/discord/view/16482664#msg
SirW00f,2019-06-16 03:55:07 UTC,https://discordleaks.unicornriot.ninja/discord/view/16482665#msg
Maga gal,2019-06-16 03:56:36 UTC,https://discordleaks.unicornriot.ninja/discord/view/16482666#msg
Maga gal,2019-06-16 03:56:43 UTC,https://discordleaks.unicornriot.ninja/discord/view/16482667#msg
SirW00f,2019-06-16 03:57:12 UTC,https://discordleaks.unicornriot.ninja/discord/view/16482668#msg
Maga gal,2019-06-16 03:57:20 UTC,https://discordleaks.unicornriot.ninja/discord/view/16482669#msg
Maga gal,2019-06-16 03:57:28 UTC,https://discordleaks.unicornriot.ninja/discord/view/16482670#msg
SirW00f,2019-06-16 03:57:43 UTC,https://discordleaks.unicornriot.ninja/discord/view/16482671#msg
Maga gal,2019-06-16 03:57:59 UTC,https://discordleaks.unicornriot.ninja/discord/view/16482672#msg
SirW00f,2019-06-16 03:58:19 UTC,https://discordleaks.unicornriot.ninja/discord/view/16482673#msg
Maga gal,2019-06-16 03:58:36 UTC,https://discordleaks.unicornriot.ninja/discord/view/16482674#msg
SirW00f,2019-06-16 03:58:43 UTC,https://discordleaks.unicornriot.ninja/discord/view/16482675#msg
SirW00f,2019-06-16 03:59:08 UTC,https://discordleaks.unicornriot.ninja/discord/view/16482676#msg
Maga gal,2019-06-16 03:59:12 UTC,https://discordleaks.unicornriot.ninja/discord/view/16482677#msg
Maga gal,2019-06-16 04:00:19 UTC,https://discordleaks.unicornriot.ninja/discord/view/16482678#msg
SirW00f,2019-06-16 04:00:21 UTC,https://discordleaks.unicornriot.ninja/discord/view/16482679#msg
SirW00f,2019-06-16 04:00:56 UTC,https://discordleaks.unicornriot.ninja/discord/view/16482680#msg
Maga gal,2019-06-16 04:01:06 UTC,https://discordleaks.unicornriot.ninja/discord/view/16482681#msg
SirW00f,2019-06-16 04:01:22 UTC,https://discordleaks.unicornriot.ninja/discord/view/16482682#msg
Maga gal,2019-06-16 04:01:31 UTC,https://discordleaks.unicornriot.ninja/discord/view/16482683#msg
SirW00f,2019-06-16 04:01:45 UTC,https://discordleaks.unicornriot.ninja/discord/view/16482684#msg
SirW00f,2019-06-16 04:01:50 UTC,https://discordleaks.unicornriot.ninja/discord/view/16482685#msg
Maga gal,2019-06-16 04:02:06 UTC,https://discordleaks.unicornriot.ninja/discord/view/16482686#msg
Maga gal,2019-06-16 04:02:24 UTC,https://discordleaks.unicornriot.ninja/discord/view/16482687#msg
Maga gal,2019-06-16 04:02:38 UTC,https://discordleaks.unicornriot.ninja/discord/view/16482688#msg
SirW00f,2019-06-16 04:02:41 UTC,https://discordleaks.unicornriot.ninja/discord/view/16482689#msg
Maga gal,2019-06-16 04:02:52 UTC,https://discordleaks.unicornriot.ninja/discord/view/16482690#msg
Maga gal,2019-06-16 04:03:22 UTC,https://discordleaks.unicornriot.ninja/discord/view/16482691#msg
SirW00f,2019-06-16 04:03:23 UTC,https://discordleaks.unicornriot.ninja/discord/view/16482692#msg
Maga gal,2019-06-16 04:03:45 UTC,https://discordleaks.unicornriot.ninja/discord/view/16482693#msg
SirW00f,2019-06-16 04:03:46 UTC,https://discordleaks.unicornriot.ninja/discord/view/16482694#msg
Maga gal,2019-06-16 04:04:06 UTC,https://discordleaks.unicornriot.ninja/discord/view/16482695#msg
Maga gal,2019-06-16 04:04:12 UTC,https://discordleaks.unicornriot.ninja/discord/view/16482696#msg
SirW00f,2019-06-16 04:04:17 UTC,https://discordleaks.unicornriot.ninja/discord/view/16482697#msg
Maga gal,2019-06-16 04:05:16 UTC,https://discordleaks.unicornriot.ninja/discord/view/16482698#msg
SirW00f,2019-06-16 04:05:54 UTC,https://discordleaks.unicornriot.ninja/discord/view/16482699#msg
Maga gal,2019-06-16 04:06:06 UTC,https://discordleaks.unicornriot.ninja/discord/view/16482700#msg
Maga gal,2019-06-16 04:06:11 UTC,https://discordleaks.unicornriot.ninja/discord/view/16482701#msg
SirW00f,2019-06-16 04:06:18 UTC,https://discordleaks.unicornriot.ninja/discord/view/16482702#msg
Maga gal,2019-06-16 04:06:38 UTC,https://discordleaks.unicornriot.ninja/discord/view/16482703#msg
Maga gal,2019-06-16 04:06:53 UTC,https://discordleaks.unicornriot.ninja/discord/view/16482704#msg
SirW00f,2019-06-16 04:06:55 UTC,https://discordleaks.unicornriot.ninja/discord/view/16482705#msg
Maga gal,2019-06-16 04:07:04 UTC,https://discordleaks.unicornriot.ninja/discord/view/16482706#msg
Maga gal,2019-06-16 04:08:04 UTC,https://discordleaks.unicornriot.ninja/discord/view/16482707#msg
Maga gal,2019-06-16 04:09:10 UTC,https://discordleaks.unicornriot.ninja/discord/view/16482608#msg
Maga gal,2019-06-16 04:10:01 UTC,https://discordleaks.unicornriot.ninja/discord/view/16482609#msg
SirW00f,2019-06-16 04:12:12 UTC,https://discordleaks.unicornriot.ninja/discord/view/16482610#msg
SirW00f,2019-06-16 04:15:06 UTC,https://discordleaks.unicornriot.ninja/discord/view/16482611#msg
Maga gal,2019-06-16 04:15:53 UTC,https://discordleaks.unicornriot.ninja/discord/view/16482612#msg
Maga gal,2019-06-16 04:19:05 UTC,https://discordleaks.unicornriot.ninja/discord/view/16482613#msg
SirW00f,2019-06-16 04:19:44 UTC,https://discordleaks.unicornriot.ninja/discord/view/16482614#msg
Maga gal,2019-06-16 04:28:44 UTC,https://discordleaks.unicornriot.ninja/discord/view/16482615#msg
SirW00f,2019-06-16 06:30:20 UTC,https://discordleaks.unicornriot.ninja/discord/view/16482616#msg
LowLandsPete,2019-06-17 10:38:22 UTC,https://discordleaks.unicornriot.ninja/discord/view/16482617#msg
Maga gal,2019-06-17 12:44:28 UTC,https://discordleaks.unicornriot.ninja/discord/view/16482618#msg
Maga gal,2019-06-17 12:45:00 UTC,https://discordleaks.unicornriot.ninja/discord/view/16482619#msg
SirW00f,2019-06-18 13:14:21 UTC,https://discordleaks.unicornriot.ninja/discord/view/16482620#msg
LowLandsPete,2019-06-20 09:31:36 UTC,https://discordleaks.unicornriot.ninja/discord/view/16482621#msg
LowLandsPete,2019-06-20 09:36:55 UTC,https://discordleaks.unicornriot.ninja/discord/view/16482622#msg
Desimated,2019-06-24 01:29:28 UTC,https://discordleaks.unicornriot.ninja/discord/view/16482623#msg
Desimated,2019-06-24 01:29:54 UTC,https://discordleaks.unicornriot.ninja/discord/view/16482624#msg
CPT MAL,2019-06-28 01:21:34 UTC,https://discordleaks.unicornriot.ninja/discord/view/16482625#msg
SirW00f,2019-06-29 11:28:57 UTC,https://discordleaks.unicornriot.ninja/discord/view/16482626#msg
SirW00f,2019-07-02 05:46:58 UTC,https://discordleaks.unicornriot.ninja/discord/view/16482627#msg
SirW00f,2019-07-02 05:47:36 UTC,https://discordleaks.unicornriot.ninja/discord/view/16482628#msg
SirW00f,2019-07-02 05:48:14 UTC,https://discordleaks.unicornriot.ninja/discord/view/16482629#msg
Maga gal,2019-07-02 12:01:20 UTC,https://discordleaks.unicornriot.ninja/discord/view/16482630#msg
SirW00f,2019-07-03 03:14:58 UTC,https://discordleaks.unicornriot.ninja/discord/view/16482631#msg
SirW00f,2019-07-03 03:16:37 UTC,https://discordleaks.unicornriot.ninja/discord/view/16482632#msg
SirW00f,2019-07-03 04:20:45 UTC,https://discordleaks.unicornriot.ninja/discord/view/16482633#msg
SirW00f,2019-07-03 18:29:42 UTC,https://discordleaks.unicornriot.ninja/discord/view/16482634#msg
SirW00f,2019-07-03 18:30:00 UTC,https://discordleaks.unicornriot.ninja/discord/view/16482635#msg
Desimated,2019-07-03 18:42:21 UTC,https://discordleaks.unicornriot.ninja/discord/view/16482636#msg
Desimated,2019-07-03 18:42:44 UTC,https://discordleaks.unicornriot.ninja/discord/view/16482637#msg
Desimated,2019-07-03 18:43:20 UTC,https://discordleaks.unicornriot.ninja/discord/view/16482638#msg
SirW00f,2019-07-03 18:43:57 UTC,https://discordleaks.unicornriot.ninja/discord/view/16482639#msg
SirW00f,2019-07-03 18:44:25 UTC,https://discordleaks.unicornriot.ninja/discord/view/16482640#msg
SirW00f,2019-07-03 18:44:47 UTC,https://discordleaks.unicornriot.ninja/discord/view/16482641#msg
SirW00f,2019-07-04 12:03:40 UTC,https://discordleaks.unicornriot.ninja/discord/view/16482642#msg
SirW00f,2019-07-04 21:13:07 UTC,https://discordleaks.unicornriot.ninja/discord/view/16482643#msg
SirW00f,2019-07-04 21:13:27 UTC,https://discordleaks.unicornriot.ninja/discord/view/16482644#msg
SirW00f,2019-07-06 14:01:35 UTC,https://discordleaks.unicornriot.ninja/discord/view/16482645#msg
SirW00f,2019-07-07 20:19:35 UTC,https://discordleaks.unicornriot.ninja/discord/view/16482646#msg
SirW00f,2019-07-09 04:55:08 UTC,https://discordleaks.unicornriot.ninja/discord/view/16482647#msg
SirW00f,2019-07-09 04:56:16 UTC,https://discordleaks.unicornriot.ninja/discord/view/16482648#msg
SirW00f,2019-07-10 18:17:57 UTC,https://discordleaks.unicornriot.ninja/discord/view/16482649#msg
SirW00f,2019-07-11 13:08:10 UTC,https://discordleaks.unicornriot.ninja/discord/view/16482650#msg
SirW00f,2019-07-19 08:52:59 UTC,https://discordleaks.unicornriot.ninja/discord/view/16482651#msg
SirW00f,2019-07-19 08:53:24 UTC,https://discordleaks.unicornriot.ninja/discord/view/16482652#msg
SirW00f,2019-07-20 00:21:20 UTC,https://discordleaks.unicornriot.ninja/discord/view/16482653#msg
SirW00f,2019-07-20 00:21:53 UTC,https://discordleaks.unicornriot.ninja/discord/view/16482654#msg
SirW00f,2019-07-20 04:08:14 UTC,https://discordleaks.unicornriot.ninja/discord/view/16482655#msg
SirW00f,2019-07-20 04:09:01 UTC,https://discordleaks.unicornriot.ninja/discord/view/16482656#msg
SirW00f,2019-07-25 03:35:36 UTC,https://discordleaks.unicornriot.ninja/discord/view/16482657#msg
SirW00f,2019-08-16 09:48:22 UTC,https://discordleaks.unicornriot.ninja/discord/view/16482869#msg
SirW00f,2019-08-17 07:14:20 UTC,https://discordleaks.unicornriot.ninja/discord/view/16482870#msg
SirW00f,2019-08-17 07:16:43 UTC,https://discordleaks.unicornriot.ninja/discord/view/16482871#msg
SirW00f,2019-08-17 07:19:08 UTC,https://discordleaks.unicornriot.ninja/discord/view/16482872#msg
SirW00f,2019-08-17 07:22:37 UTC,https://discordleaks.unicornriot.ninja/discord/view/16482873#msg
SirW00f,2019-08-17 07:44:46 UTC,https://discordleaks.unicornriot.ninja/discord/view/16482874#msg
SirW00f,2019-08-17 07:46:22 UTC,https://discordleaks.unicornriot.ninja/discord/view/16482875#msg
SirW00f,2019-08-17 14:39:55 UTC,https://discordleaks.unicornriot.ninja/discord/view/16482876#msg
SirW00f,2019-08-17 14:40:05 UTC,https://discordleaks.unicornriot.ninja/discord/view/16482877#msg
John of Arc,2019-08-21 11:31:24 UTC,https://discordleaks.unicornriot.ninja/discord/view/16482878#msg
SirW00f,2019-08-23 17:25:00 UTC,https://discordleaks.unicornriot.ninja/discord/view/16482879#msg
SirW00f,2019-08-23 17:25:12 UTC,https://discordleaks.unicornriot.ninja/discord/view/16482880#msg
SirW00f,2019-08-25 19:08:26 UTC,https://discordleaks.unicornriot.ninja/discord/view/16482881#msg
SirW00f,2019-08-25 19:09:11 UTC,https://discordleaks.unicornriot.ninja/discord/view/16482882#msg
Prashivra,2019-08-25 20:21:41 UTC,https://discordleaks.unicornriot.ninja/discord/view/16482883#msg
Prashivra,2019-08-25 20:22:44 UTC,https://discordleaks.unicornriot.ninja/discord/view/16482884#msg
Maga gal,2019-08-26 01:36:04 UTC,https://discordleaks.unicornriot.ninja/discord/view/16482885#msg
SirW00f,2019-08-26 10:10:45 UTC,https://discordleaks.unicornriot.ninja/discord/view/16482886#msg
SirW00f,2019-08-26 10:11:26 UTC,https://discordleaks.unicornriot.ninja/discord/view/16482887#msg
SirW00f,2019-08-30 19:35:57 UTC,https://discordleaks.unicornriot.ninja/discord/view/16482888#msg
SirW00f,2019-08-31 12:23:08 UTC,https://discordleaks.unicornriot.ninja/discord/view/16482889#msg
SirW00f,2019-08-31 12:23:20 UTC,https://discordleaks.unicornriot.ninja/discord/view/16482890#msg
SirW00f,2019-09-02 13:10:45 UTC,https://discordleaks.unicornriot.ninja/discord/view/16482891#msg
SirW00f,2019-09-03 01:23:36 UTC,https://discordleaks.unicornriot.ninja/discord/view/16482892#msg
SirW00f,2019-09-18 07:40:06 UTC,https://discordleaks.unicornriot.ninja/discord/view/16482893#msg
SirW00f,2019-09-18 07:40:15 UTC,https://discordleaks.unicornriot.ninja/discord/view/16482894#msg
SirW00f,2019-09-18 07:40:29 UTC,https://discordleaks.unicornriot.ninja/discord/view/16482895#msg
SirW00f,2019-09-18 07:40:42 UTC,https://discordleaks.unicornriot.ninja/discord/view/16482896#msg
SirW00f,2019-09-18 07:40:53 UTC,https://discordleaks.unicornriot.ninja/discord/view/16482897#msg
SirW00f,2019-09-18 07:41:12 UTC,https://discordleaks.unicornriot.ninja/discord/view/16482898#msg
̿̿̿̿̿̿҉,2019-09-21 23:28:54 UTC,https://discordleaks.unicornriot.ninja/discord/view/16482899#msg
̿̿̿̿̿̿҉,2019-09-21 23:29:21 UTC,https://discordleaks.unicornriot.ninja/discord/view/16482900#msg
SirW00f,2019-09-22 08:23:29 UTC,https://discordleaks.unicornriot.ninja/discord/view/16482901#msg
SirW00f,2019-09-22 08:23:44 UTC,https://discordleaks.unicornriot.ninja/discord/view/16482902#msg
hurracane,2019-09-28 23:49:05 UTC,https://discordleaks.unicornriot.ninja/discord/view/16482903#msg
Andrewi,2019-10-04 18:10:24 UTC,https://discordleaks.unicornriot.ninja/discord/view/16487551#msg
SirW00f,2019-10-07 05:58:03 UTC,https://discordleaks.unicornriot.ninja/discord/view/16487552#msg
Maga gal,2019-10-08 02:56:54 UTC,https://discordleaks.unicornriot.ninja/discord/view/16487553#msg
Maga gal,2019-10-16 00:51:11 UTC,https://discordleaks.unicornriot.ninja/discord/view/16487554#msg
SirW00f,2019-10-16 00:58:28 UTC,https://discordleaks.unicornriot.ninja/discord/view/16487555#msg
Andrewi,2019-10-20 21:22:56 UTC,https://discordleaks.unicornriot.ninja/discord/view/16488733#msg
Andrewi,2019-11-01 18:14:27 UTC,https://discordleaks.unicornriot.ninja/discord/view/23183349#msg
Maga gal,2019-11-30 08:06:08 UTC,https://discordleaks.unicornriot.ninja/discord/view/23183350#msg
