USER,META,LINK,ATTACHMENTS
MamaLana Sourdough,2019-02-05 05:01:48 UTC,https://discordleaks.unicornriot.ninja/discord/view/16482509#msg
Ronsheckelson,2019-02-05 07:22:04 UTC,https://discordleaks.unicornriot.ninja/discord/view/16482510#msg
LowLandsPete,2019-02-05 21:21:08 UTC,https://discordleaks.unicornriot.ninja/discord/view/16482511#msg
Tim Godard,2019-02-06 17:07:46 UTC,https://discordleaks.unicornriot.ninja/discord/view/16482512#msg
oneofhis,2019-02-07 09:46:31 UTC,https://discordleaks.unicornriot.ninja/discord/view/16482513#msg
SirW00f,2019-02-07 09:48:24 UTC,https://discordleaks.unicornriot.ninja/discord/view/16482514#msg
oneofhis,2019-02-07 09:52:13 UTC,https://discordleaks.unicornriot.ninja/discord/view/16482515#msg
SirW00f,2019-02-07 09:52:46 UTC,https://discordleaks.unicornriot.ninja/discord/view/16482516#msg
oneofhis,2019-02-07 09:54:07 UTC,https://discordleaks.unicornriot.ninja/discord/view/16482517#msg
LowLandsPete,2019-02-07 10:21:25 UTC,https://discordleaks.unicornriot.ninja/discord/view/16482518#msg
SirW00f,2019-02-07 10:23:08 UTC,https://discordleaks.unicornriot.ninja/discord/view/16482519#msg
SirW00f,2019-02-07 10:23:17 UTC,https://discordleaks.unicornriot.ninja/discord/view/16482520#msg
SirW00f,2019-02-07 10:23:32 UTC,https://discordleaks.unicornriot.ninja/discord/view/16482521#msg
LowLandsPete,2019-02-07 10:27:10 UTC,https://discordleaks.unicornriot.ninja/discord/view/16482522#msg
LowLandsPete,2019-02-07 10:28:15 UTC,https://discordleaks.unicornriot.ninja/discord/view/16482523#msg
SirW00f,2019-02-07 10:28:43 UTC,https://discordleaks.unicornriot.ninja/discord/view/16482524#msg
LowLandsPete,2019-02-07 10:29:02 UTC,https://discordleaks.unicornriot.ninja/discord/view/16482525#msg
SirW00f,2019-02-07 10:29:10 UTC,https://discordleaks.unicornriot.ninja/discord/view/16482526#msg
LowLandsPete,2019-02-07 10:29:44 UTC,https://discordleaks.unicornriot.ninja/discord/view/16482527#msg
SirW00f,2019-02-07 10:30:00 UTC,https://discordleaks.unicornriot.ninja/discord/view/16482528#msg
LowLandsPete,2019-02-07 10:31:17 UTC,https://discordleaks.unicornriot.ninja/discord/view/16482529#msg
LowLandsPete,2019-02-07 10:32:24 UTC,https://discordleaks.unicornriot.ninja/discord/view/16482530#msg
SirW00f,2019-02-07 10:32:57 UTC,https://discordleaks.unicornriot.ninja/discord/view/16482531#msg
SirW00f,2019-02-07 10:33:15 UTC,https://discordleaks.unicornriot.ninja/discord/view/16482532#msg
LowLandsPete,2019-02-07 10:34:29 UTC,https://discordleaks.unicornriot.ninja/discord/view/16482533#msg
SirW00f,2019-02-07 10:34:55 UTC,https://discordleaks.unicornriot.ninja/discord/view/16482534#msg
SirW00f,2019-02-07 10:35:20 UTC,https://discordleaks.unicornriot.ninja/discord/view/16482535#msg
SirW00f,2019-02-07 10:36:16 UTC,https://discordleaks.unicornriot.ninja/discord/view/6900754#msg
SirW00f,2019-02-07 10:36:31 UTC,https://discordleaks.unicornriot.ninja/discord/view/6900755#msg
LowLandsPete,2019-02-07 10:36:43 UTC,https://discordleaks.unicornriot.ninja/discord/view/6900756#msg
SirW00f,2019-02-07 10:38:21 UTC,https://discordleaks.unicornriot.ninja/discord/view/6900757#msg
SirW00f,2019-02-07 10:38:30 UTC,https://discordleaks.unicornriot.ninja/discord/view/6900758#msg
SirW00f,2019-02-07 10:40:08 UTC,https://discordleaks.unicornriot.ninja/discord/view/6900759#msg
SirW00f,2019-02-07 10:40:38 UTC,https://discordleaks.unicornriot.ninja/discord/view/6900760#msg
SirW00f,2019-02-07 10:41:05 UTC,https://discordleaks.unicornriot.ninja/discord/view/6900761#msg
SirW00f,2019-02-07 10:41:23 UTC,https://discordleaks.unicornriot.ninja/discord/view/6900762#msg
LowLandsPete,2019-02-07 10:42:27 UTC,https://discordleaks.unicornriot.ninja/discord/view/6900763#msg
SirW00f,2019-02-07 10:44:22 UTC,https://discordleaks.unicornriot.ninja/discord/view/6900764#msg
LowLandsPete,2019-02-07 10:45:23 UTC,https://discordleaks.unicornriot.ninja/discord/view/6900765#msg
SirW00f,2019-02-07 10:45:24 UTC,https://discordleaks.unicornriot.ninja/discord/view/6900766#msg
SirW00f,2019-02-07 10:45:40 UTC,https://discordleaks.unicornriot.ninja/discord/view/6900767#msg
Ronsheckelson,2019-02-10 05:59:23 UTC,https://discordleaks.unicornriot.ninja/discord/view/6900768#msg
Ronsheckelson,2019-02-10 06:00:02 UTC,https://discordleaks.unicornriot.ninja/discord/view/6900769#msg
Ronsheckelson,2019-02-10 06:00:20 UTC,https://discordleaks.unicornriot.ninja/discord/view/6900770#msg
Ronsheckelson,2019-02-10 06:00:44 UTC,https://discordleaks.unicornriot.ninja/discord/view/6900771#msg
Ronsheckelson,2019-02-10 06:00:58 UTC,https://discordleaks.unicornriot.ninja/discord/view/6900772#msg
Ronsheckelson,2019-02-10 06:01:27 UTC,https://discordleaks.unicornriot.ninja/discord/view/6900773#msg
Ronsheckelson,2019-02-10 06:01:53 UTC,https://discordleaks.unicornriot.ninja/discord/view/6900774#msg
Ronsheckelson,2019-02-10 06:02:24 UTC,https://discordleaks.unicornriot.ninja/discord/view/6900775#msg
Ronsheckelson,2019-02-10 06:03:27 UTC,https://discordleaks.unicornriot.ninja/discord/view/6900776#msg
Ronsheckelson,2019-02-10 06:05:18 UTC,https://discordleaks.unicornriot.ninja/discord/view/6900777#msg
Ronsheckelson,2019-02-10 06:05:22 UTC,https://discordleaks.unicornriot.ninja/discord/view/6900778#msg
Ronsheckelson,2019-02-10 06:09:08 UTC,https://discordleaks.unicornriot.ninja/discord/view/6900779#msg
Ronsheckelson,2019-02-10 06:15:32 UTC,https://discordleaks.unicornriot.ninja/discord/view/6900780#msg
Ronsheckelson,2019-02-10 06:17:38 UTC,https://discordleaks.unicornriot.ninja/discord/view/6900781#msg
Ronsheckelson,2019-02-10 06:25:08 UTC,https://discordleaks.unicornriot.ninja/discord/view/6900782#msg
Ronsheckelson,2019-02-10 06:25:40 UTC,https://discordleaks.unicornriot.ninja/discord/view/6900783#msg
Ronsheckelson,2019-02-10 06:26:41 UTC,https://discordleaks.unicornriot.ninja/discord/view/6900784#msg
Ronsheckelson,2019-02-10 06:26:49 UTC,https://discordleaks.unicornriot.ninja/discord/view/6900785#msg
Ronsheckelson,2019-02-10 06:26:58 UTC,https://discordleaks.unicornriot.ninja/discord/view/6900786#msg
Ronsheckelson,2019-02-10 06:32:13 UTC,https://discordleaks.unicornriot.ninja/discord/view/6900787#msg
Ronsheckelson,2019-02-10 06:33:00 UTC,https://discordleaks.unicornriot.ninja/discord/view/6900788#msg
Ronsheckelson,2019-02-10 06:35:54 UTC,https://discordleaks.unicornriot.ninja/discord/view/6900789#msg
Ronsheckelson,2019-02-10 06:36:30 UTC,https://discordleaks.unicornriot.ninja/discord/view/6900790#msg
Ronsheckelson,2019-02-10 06:38:36 UTC,https://discordleaks.unicornriot.ninja/discord/view/6900791#msg
Ronsheckelson,2019-02-10 06:39:03 UTC,https://discordleaks.unicornriot.ninja/discord/view/6900792#msg
Ronsheckelson,2019-02-10 06:40:44 UTC,https://discordleaks.unicornriot.ninja/discord/view/6900793#msg
Ronsheckelson,2019-02-10 06:41:09 UTC,https://discordleaks.unicornriot.ninja/discord/view/6900794#msg
Ronsheckelson,2019-02-10 06:41:52 UTC,https://discordleaks.unicornriot.ninja/discord/view/6900795#msg
Ronsheckelson,2019-02-10 06:42:48 UTC,https://discordleaks.unicornriot.ninja/discord/view/6900796#msg
Ronsheckelson,2019-02-10 06:44:51 UTC,https://discordleaks.unicornriot.ninja/discord/view/6900797#msg
Ronsheckelson,2019-02-10 06:45:20 UTC,https://discordleaks.unicornriot.ninja/discord/view/6900798#msg
Ronsheckelson,2019-02-10 06:45:24 UTC,https://discordleaks.unicornriot.ninja/discord/view/6900799#msg
Ronsheckelson,2019-02-10 06:49:12 UTC,https://discordleaks.unicornriot.ninja/discord/view/6900800#msg
Ronsheckelson,2019-02-10 06:49:28 UTC,https://discordleaks.unicornriot.ninja/discord/view/6900801#msg
Ronsheckelson,2019-02-10 06:52:48 UTC,https://discordleaks.unicornriot.ninja/discord/view/6900802#msg
Ronsheckelson,2019-02-10 06:53:52 UTC,https://discordleaks.unicornriot.ninja/discord/view/6900803#msg
LowLandsPete,2019-02-10 08:23:28 UTC,https://discordleaks.unicornriot.ninja/discord/view/6900704#msg
Ronsheckelson,2019-02-10 13:40:12 UTC,https://discordleaks.unicornriot.ninja/discord/view/6900705#msg
lmbd,2019-02-10 14:15:37 UTC,https://discordleaks.unicornriot.ninja/discord/view/6900706#msg
MamaLana Sourdough,2019-02-10 18:28:30 UTC,https://discordleaks.unicornriot.ninja/discord/view/6900707#msg
MamaLana Sourdough,2019-02-10 18:31:02 UTC,https://discordleaks.unicornriot.ninja/discord/view/6900708#msg
LowLandsPete,2019-02-10 18:36:17 UTC,https://discordleaks.unicornriot.ninja/discord/view/6900709#msg
MamaLana Sourdough,2019-02-10 20:20:59 UTC,https://discordleaks.unicornriot.ninja/discord/view/6900710#msg
MamaLana Sourdough,2019-02-10 20:22:39 UTC,https://discordleaks.unicornriot.ninja/discord/view/6900711#msg
SirW00f,2019-02-10 20:24:14 UTC,https://discordleaks.unicornriot.ninja/discord/view/6900712#msg
SirW00f,2019-02-10 20:25:37 UTC,https://discordleaks.unicornriot.ninja/discord/view/6900713#msg
MamaLana Sourdough,2019-02-10 20:25:39 UTC,https://discordleaks.unicornriot.ninja/discord/view/6900714#msg
MamaLana Sourdough,2019-02-10 20:26:18 UTC,https://discordleaks.unicornriot.ninja/discord/view/6900715#msg
Ronsheckelson,2019-02-10 20:30:20 UTC,https://discordleaks.unicornriot.ninja/discord/view/6900716#msg
SirW00f,2019-02-10 20:31:06 UTC,https://discordleaks.unicornriot.ninja/discord/view/6900717#msg
Ronsheckelson,2019-02-10 20:32:40 UTC,https://discordleaks.unicornriot.ninja/discord/view/6900718#msg
Ronsheckelson,2019-02-10 20:33:29 UTC,https://discordleaks.unicornriot.ninja/discord/view/6900719#msg
Ronsheckelson,2019-02-10 20:33:57 UTC,https://discordleaks.unicornriot.ninja/discord/view/6900720#msg
SirW00f,2019-02-10 20:34:23 UTC,https://discordleaks.unicornriot.ninja/discord/view/6900721#msg
SirW00f,2019-02-10 20:34:56 UTC,https://discordleaks.unicornriot.ninja/discord/view/6900722#msg
Ronsheckelson,2019-02-10 20:35:45 UTC,https://discordleaks.unicornriot.ninja/discord/view/6900723#msg
Ronsheckelson,2019-02-10 20:35:56 UTC,https://discordleaks.unicornriot.ninja/discord/view/6900724#msg
SirW00f,2019-02-10 20:36:28 UTC,https://discordleaks.unicornriot.ninja/discord/view/6900725#msg
Ronsheckelson,2019-02-10 20:36:50 UTC,https://discordleaks.unicornriot.ninja/discord/view/6900726#msg
Ronsheckelson,2019-02-10 20:38:18 UTC,https://discordleaks.unicornriot.ninja/discord/view/6900727#msg
Ronsheckelson,2019-02-10 20:39:51 UTC,https://discordleaks.unicornriot.ninja/discord/view/6900728#msg
Ronsheckelson,2019-02-10 20:41:47 UTC,https://discordleaks.unicornriot.ninja/discord/view/6900729#msg
Ronsheckelson,2019-02-10 20:41:55 UTC,https://discordleaks.unicornriot.ninja/discord/view/6900730#msg
Ronsheckelson,2019-02-10 20:43:46 UTC,https://discordleaks.unicornriot.ninja/discord/view/6900731#msg
Ronsheckelson,2019-02-10 20:45:24 UTC,https://discordleaks.unicornriot.ninja/discord/view/6900732#msg
MamaLana Sourdough,2019-02-10 20:54:04 UTC,https://discordleaks.unicornriot.ninja/discord/view/6900733#msg
MamaLana Sourdough,2019-02-10 20:55:09 UTC,https://discordleaks.unicornriot.ninja/discord/view/6900734#msg
Ronsheckelson,2019-02-10 20:55:27 UTC,https://discordleaks.unicornriot.ninja/discord/view/6900735#msg
Ronsheckelson,2019-02-10 20:56:06 UTC,https://discordleaks.unicornriot.ninja/discord/view/6900736#msg
Ronsheckelson,2019-02-10 20:56:21 UTC,https://discordleaks.unicornriot.ninja/discord/view/6900737#msg
MamaLana Sourdough,2019-02-10 20:56:22 UTC,https://discordleaks.unicornriot.ninja/discord/view/6900738#msg
Ronsheckelson,2019-02-10 20:57:05 UTC,https://discordleaks.unicornriot.ninja/discord/view/6900739#msg
Ronsheckelson,2019-02-10 20:58:00 UTC,https://discordleaks.unicornriot.ninja/discord/view/6900740#msg
Ronsheckelson,2019-02-10 20:58:23 UTC,https://discordleaks.unicornriot.ninja/discord/view/6900741#msg
Ronsheckelson,2019-02-10 20:58:29 UTC,https://discordleaks.unicornriot.ninja/discord/view/6900742#msg
Ronsheckelson,2019-02-10 20:58:37 UTC,https://discordleaks.unicornriot.ninja/discord/view/6900743#msg
Ronsheckelson,2019-02-10 21:00:16 UTC,https://discordleaks.unicornriot.ninja/discord/view/6900744#msg
Ronsheckelson,2019-02-10 21:01:38 UTC,https://discordleaks.unicornriot.ninja/discord/view/6900745#msg
lmbd,2019-02-10 21:14:57 UTC,https://discordleaks.unicornriot.ninja/discord/view/6900746#msg
lmbd,2019-02-10 21:18:57 UTC,https://discordleaks.unicornriot.ninja/discord/view/6900747#msg
SirW00f,2019-02-10 21:19:11 UTC,https://discordleaks.unicornriot.ninja/discord/view/6900748#msg
SirW00f,2019-02-10 21:19:36 UTC,https://discordleaks.unicornriot.ninja/discord/view/6900749#msg
lmbd,2019-02-10 21:20:07 UTC,https://discordleaks.unicornriot.ninja/discord/view/6900750#msg
SirW00f,2019-02-10 21:20:21 UTC,https://discordleaks.unicornriot.ninja/discord/view/6900751#msg
SirW00f,2019-02-10 21:22:08 UTC,https://discordleaks.unicornriot.ninja/discord/view/6900752#msg
SirW00f,2019-02-10 21:22:47 UTC,https://discordleaks.unicornriot.ninja/discord/view/6900753#msg
SirW00f,2019-02-10 21:23:04 UTC,https://discordleaks.unicornriot.ninja/discord/view/6900654#msg
lmbd,2019-02-10 21:24:15 UTC,https://discordleaks.unicornriot.ninja/discord/view/6900655#msg
SirW00f,2019-02-10 21:25:28 UTC,https://discordleaks.unicornriot.ninja/discord/view/6900656#msg
LowLandsPete,2019-02-10 21:26:19 UTC,https://discordleaks.unicornriot.ninja/discord/view/6900657#msg
SirW00f,2019-02-10 21:27:45 UTC,https://discordleaks.unicornriot.ninja/discord/view/6900658#msg
SirW00f,2019-02-10 21:28:01 UTC,https://discordleaks.unicornriot.ninja/discord/view/6900659#msg
SirW00f,2019-02-10 21:28:36 UTC,https://discordleaks.unicornriot.ninja/discord/view/6900660#msg
LowLandsPete,2019-02-10 21:40:13 UTC,https://discordleaks.unicornriot.ninja/discord/view/6900661#msg
Ronsheckelson,2019-02-10 21:48:36 UTC,https://discordleaks.unicornriot.ninja/discord/view/6900662#msg
Ronsheckelson,2019-02-10 21:48:40 UTC,https://discordleaks.unicornriot.ninja/discord/view/6900663#msg
lmbd,2019-02-10 23:23:08 UTC,https://discordleaks.unicornriot.ninja/discord/view/6900664#msg
Ronsheckelson,2019-02-11 00:39:50 UTC,https://discordleaks.unicornriot.ninja/discord/view/6900665#msg
LowLandsPete,2019-02-12 13:22:30 UTC,https://discordleaks.unicornriot.ninja/discord/view/6900666#msg
LowLandsPete,2019-02-12 13:23:24 UTC,https://discordleaks.unicornriot.ninja/discord/view/6900667#msg
LowLandsPete,2019-02-12 13:24:38 UTC,https://discordleaks.unicornriot.ninja/discord/view/6900668#msg
MamaLana Sourdough,2019-02-14 05:10:21 UTC,https://discordleaks.unicornriot.ninja/discord/view/6900669#msg
MamaLana Sourdough,2019-02-14 22:12:41 UTC,https://discordleaks.unicornriot.ninja/discord/view/6900670#msg
MamaLana Sourdough,2019-02-14 22:19:22 UTC,https://discordleaks.unicornriot.ninja/discord/view/6900671#msg
SirW00f,2019-02-19 09:37:16 UTC,https://discordleaks.unicornriot.ninja/discord/view/6900672#msg
Relic 1776,2019-02-21 05:59:35 UTC,https://discordleaks.unicornriot.ninja/discord/view/6900673#msg
Relic 1776,2019-02-21 06:08:08 UTC,https://discordleaks.unicornriot.ninja/discord/view/6900674#msg
Relic 1776,2019-02-21 06:28:21 UTC,https://discordleaks.unicornriot.ninja/discord/view/6900675#msg
Relic 1776,2019-02-21 06:30:03 UTC,https://discordleaks.unicornriot.ninja/discord/view/6900676#msg
Relic 1776,2019-02-21 06:31:00 UTC,https://discordleaks.unicornriot.ninja/discord/view/6900677#msg
Relic 1776,2019-02-21 06:32:34 UTC,https://discordleaks.unicornriot.ninja/discord/view/6900678#msg
Relic 1776,2019-02-21 06:36:59 UTC,https://discordleaks.unicornriot.ninja/discord/view/6900679#msg
Relic 1776,2019-02-21 06:40:25 UTC,https://discordleaks.unicornriot.ninja/discord/view/6900680#msg
Relic 1776,2019-02-21 06:42:16 UTC,https://discordleaks.unicornriot.ninja/discord/view/6900681#msg
oneofhis,2019-02-22 23:51:06 UTC,https://discordleaks.unicornriot.ninja/discord/view/6900682#msg
oneofhis,2019-02-23 05:29:48 UTC,https://discordleaks.unicornriot.ninja/discord/view/6900683#msg
Maga gal,2019-02-24 05:51:49 UTC,https://discordleaks.unicornriot.ninja/discord/view/6900684#msg
SirW00f,2019-03-03 01:38:12 UTC,https://discordleaks.unicornriot.ninja/discord/view/6900685#msg
SirW00f,2019-03-03 01:38:52 UTC,https://discordleaks.unicornriot.ninja/discord/view/6900686#msg
Citizen Z,2019-03-03 01:39:16 UTC,https://discordleaks.unicornriot.ninja/discord/view/6900687#msg
Citizen Z,2019-03-03 01:39:27 UTC,https://discordleaks.unicornriot.ninja/discord/view/6900688#msg
Nigita,2019-03-03 01:40:06 UTC,https://discordleaks.unicornriot.ninja/discord/view/6900689#msg
Citizen Z,2019-03-03 01:40:08 UTC,https://discordleaks.unicornriot.ninja/discord/view/6900690#msg
Nigita,2019-03-03 01:41:05 UTC,https://discordleaks.unicornriot.ninja/discord/view/6900691#msg
Citizen Z,2019-03-03 01:41:22 UTC,https://discordleaks.unicornriot.ninja/discord/view/6900692#msg
Nigita,2019-03-03 01:41:30 UTC,https://discordleaks.unicornriot.ninja/discord/view/6900693#msg
Nigita,2019-03-03 01:41:34 UTC,https://discordleaks.unicornriot.ninja/discord/view/6900694#msg
Citizen Z,2019-03-03 01:41:40 UTC,https://discordleaks.unicornriot.ninja/discord/view/6900695#msg
Citizen Z,2019-03-03 01:42:01 UTC,https://discordleaks.unicornriot.ninja/discord/view/6900696#msg
Nigita,2019-03-03 01:42:11 UTC,https://discordleaks.unicornriot.ninja/discord/view/6900697#msg
Nigita,2019-03-03 01:42:18 UTC,https://discordleaks.unicornriot.ninja/discord/view/6900698#msg
Nigita,2019-03-03 01:42:30 UTC,https://discordleaks.unicornriot.ninja/discord/view/6900699#msg
Nigita,2019-03-03 01:42:40 UTC,https://discordleaks.unicornriot.ninja/discord/view/6900700#msg
Nigita,2019-03-03 01:42:48 UTC,https://discordleaks.unicornriot.ninja/discord/view/6900701#msg
Relic 1776,2019-03-03 01:42:51 UTC,https://discordleaks.unicornriot.ninja/discord/view/6900702#msg
Citizen Z,2019-03-03 01:43:06 UTC,https://discordleaks.unicornriot.ninja/discord/view/6900703#msg
Nigita,2019-03-03 01:43:33 UTC,https://discordleaks.unicornriot.ninja/discord/view/6900604#msg
Citizen Z,2019-03-03 01:43:58 UTC,https://discordleaks.unicornriot.ninja/discord/view/6900605#msg
Nigita,2019-03-03 01:44:04 UTC,https://discordleaks.unicornriot.ninja/discord/view/6900606#msg
Citizen Z,2019-03-03 01:44:10 UTC,https://discordleaks.unicornriot.ninja/discord/view/6900607#msg
Nigita,2019-03-03 01:44:27 UTC,https://discordleaks.unicornriot.ninja/discord/view/6900608#msg
Citizen Z,2019-03-03 01:45:01 UTC,https://discordleaks.unicornriot.ninja/discord/view/6900609#msg
Citizen Z,2019-03-03 01:45:32 UTC,https://discordleaks.unicornriot.ninja/discord/view/6900610#msg
Citizen Z,2019-03-03 01:45:35 UTC,https://discordleaks.unicornriot.ninja/discord/view/6900611#msg
Nigita,2019-03-03 01:46:17 UTC,https://discordleaks.unicornriot.ninja/discord/view/6900612#msg
Nigita,2019-03-03 01:46:49 UTC,https://discordleaks.unicornriot.ninja/discord/view/6900613#msg
Citizen Z,2019-03-03 01:46:59 UTC,https://discordleaks.unicornriot.ninja/discord/view/6900614#msg
Nigita,2019-03-03 01:47:03 UTC,https://discordleaks.unicornriot.ninja/discord/view/6900615#msg
Nigita,2019-03-03 01:47:15 UTC,https://discordleaks.unicornriot.ninja/discord/view/6900616#msg
Citizen Z,2019-03-03 01:48:21 UTC,https://discordleaks.unicornriot.ninja/discord/view/6900617#msg
Nigita,2019-03-03 01:48:55 UTC,https://discordleaks.unicornriot.ninja/discord/view/6900618#msg
Nigita,2019-03-03 01:49:06 UTC,https://discordleaks.unicornriot.ninja/discord/view/6900619#msg
Citizen Z,2019-03-03 01:49:12 UTC,https://discordleaks.unicornriot.ninja/discord/view/6900620#msg
Citizen Z,2019-03-03 01:49:27 UTC,https://discordleaks.unicornriot.ninja/discord/view/6900621#msg
Citizen Z,2019-03-03 01:49:32 UTC,https://discordleaks.unicornriot.ninja/discord/view/6900622#msg
Citizen Z,2019-03-03 01:50:00 UTC,https://discordleaks.unicornriot.ninja/discord/view/6900623#msg
Citizen Z,2019-03-03 01:50:29 UTC,https://discordleaks.unicornriot.ninja/discord/view/6900624#msg
Nigita,2019-03-03 01:50:54 UTC,https://discordleaks.unicornriot.ninja/discord/view/6900625#msg
Citizen Z,2019-03-03 01:51:00 UTC,https://discordleaks.unicornriot.ninja/discord/view/6900626#msg
Nigita,2019-03-03 01:51:03 UTC,https://discordleaks.unicornriot.ninja/discord/view/6900627#msg
Nigita,2019-03-03 01:51:11 UTC,https://discordleaks.unicornriot.ninja/discord/view/6900628#msg
Citizen Z,2019-03-03 01:51:30 UTC,https://discordleaks.unicornriot.ninja/discord/view/6900629#msg
Citizen Z,2019-03-03 01:51:45 UTC,https://discordleaks.unicornriot.ninja/discord/view/6900630#msg
Nigita,2019-03-03 01:52:02 UTC,https://discordleaks.unicornriot.ninja/discord/view/6900631#msg
Nigita,2019-03-03 01:52:11 UTC,https://discordleaks.unicornriot.ninja/discord/view/6900632#msg
Nigita,2019-03-03 01:52:26 UTC,https://discordleaks.unicornriot.ninja/discord/view/6900633#msg
Nigita,2019-03-03 01:52:34 UTC,https://discordleaks.unicornriot.ninja/discord/view/6900634#msg
Citizen Z,2019-03-03 01:52:41 UTC,https://discordleaks.unicornriot.ninja/discord/view/6900635#msg
Nigita,2019-03-03 01:52:48 UTC,https://discordleaks.unicornriot.ninja/discord/view/6900636#msg
Harmony2.0,2019-03-03 01:53:06 UTC,https://discordleaks.unicornriot.ninja/discord/view/6900637#msg
Nigita,2019-03-03 01:53:08 UTC,https://discordleaks.unicornriot.ninja/discord/view/6900638#msg
Citizen Z,2019-03-03 01:53:10 UTC,https://discordleaks.unicornriot.ninja/discord/view/6900639#msg
Nigita,2019-03-03 01:53:36 UTC,https://discordleaks.unicornriot.ninja/discord/view/6900640#msg
Citizen Z,2019-03-03 01:53:45 UTC,https://discordleaks.unicornriot.ninja/discord/view/6900641#msg
Nigita,2019-03-03 01:53:50 UTC,https://discordleaks.unicornriot.ninja/discord/view/6900642#msg
Nigita,2019-03-03 01:53:58 UTC,https://discordleaks.unicornriot.ninja/discord/view/6900643#msg
SirW00f,2019-03-03 01:54:16 UTC,https://discordleaks.unicornriot.ninja/discord/view/6900644#msg
Citizen Z,2019-03-03 01:54:17 UTC,https://discordleaks.unicornriot.ninja/discord/view/6900645#msg
Nigita,2019-03-03 01:54:22 UTC,https://discordleaks.unicornriot.ninja/discord/view/6900646#msg
Nigita,2019-03-03 01:54:27 UTC,https://discordleaks.unicornriot.ninja/discord/view/6900647#msg
Citizen Z,2019-03-03 01:54:32 UTC,https://discordleaks.unicornriot.ninja/discord/view/6900648#msg
Harmony2.0,2019-03-03 01:54:41 UTC,https://discordleaks.unicornriot.ninja/discord/view/6900649#msg
Citizen Z,2019-03-03 01:54:55 UTC,https://discordleaks.unicornriot.ninja/discord/view/6900650#msg
Citizen Z,2019-03-03 01:55:17 UTC,https://discordleaks.unicornriot.ninja/discord/view/6900651#msg
SirW00f,2019-03-03 01:55:21 UTC,https://discordleaks.unicornriot.ninja/discord/view/6900652#msg
Nigita,2019-03-03 01:55:26 UTC,https://discordleaks.unicornriot.ninja/discord/view/6900653#msg
мιяαgє,2019-03-03 01:55:26 UTC,https://discordleaks.unicornriot.ninja/discord/view/6900554#msg
Citizen Z,2019-03-03 01:55:44 UTC,https://discordleaks.unicornriot.ninja/discord/view/6900555#msg
Nigita,2019-03-03 01:55:52 UTC,https://discordleaks.unicornriot.ninja/discord/view/6900556#msg
Citizen Z,2019-03-03 01:55:54 UTC,https://discordleaks.unicornriot.ninja/discord/view/6900557#msg
Citizen Z,2019-03-03 01:56:07 UTC,https://discordleaks.unicornriot.ninja/discord/view/6900558#msg
SirW00f,2019-03-03 01:56:16 UTC,https://discordleaks.unicornriot.ninja/discord/view/6900559#msg
Nigita,2019-03-03 01:56:22 UTC,https://discordleaks.unicornriot.ninja/discord/view/6900560#msg
Citizen Z,2019-03-03 01:56:23 UTC,https://discordleaks.unicornriot.ninja/discord/view/6900561#msg
SirW00f,2019-03-03 01:56:24 UTC,https://discordleaks.unicornriot.ninja/discord/view/6900562#msg
Harmony2.0,2019-03-03 01:56:37 UTC,https://discordleaks.unicornriot.ninja/discord/view/6900563#msg
Citizen Z,2019-03-03 01:56:47 UTC,https://discordleaks.unicornriot.ninja/discord/view/6900564#msg
Nigita,2019-03-03 01:56:51 UTC,https://discordleaks.unicornriot.ninja/discord/view/6900565#msg
Citizen Z,2019-03-03 01:56:54 UTC,https://discordleaks.unicornriot.ninja/discord/view/6900566#msg
Citizen Z,2019-03-03 01:57:02 UTC,https://discordleaks.unicornriot.ninja/discord/view/6900567#msg
Citizen Z,2019-03-03 01:57:13 UTC,https://discordleaks.unicornriot.ninja/discord/view/6900568#msg
Nigita,2019-03-03 01:57:21 UTC,https://discordleaks.unicornriot.ninja/discord/view/6900569#msg
Nigita,2019-03-03 01:57:29 UTC,https://discordleaks.unicornriot.ninja/discord/view/6900570#msg
Nigita,2019-03-03 01:57:33 UTC,https://discordleaks.unicornriot.ninja/discord/view/6900571#msg
Citizen Z,2019-03-03 01:57:36 UTC,https://discordleaks.unicornriot.ninja/discord/view/6900572#msg
Nigita,2019-03-03 01:57:39 UTC,https://discordleaks.unicornriot.ninja/discord/view/6900573#msg
Nigita,2019-03-03 01:57:47 UTC,https://discordleaks.unicornriot.ninja/discord/view/6900574#msg
Citizen Z,2019-03-03 01:57:50 UTC,https://discordleaks.unicornriot.ninja/discord/view/6900575#msg
SirW00f,2019-03-03 01:57:54 UTC,https://discordleaks.unicornriot.ninja/discord/view/6900576#msg
Nigita,2019-03-03 01:57:56 UTC,https://discordleaks.unicornriot.ninja/discord/view/6900577#msg
Citizen Z,2019-03-03 01:58:06 UTC,https://discordleaks.unicornriot.ninja/discord/view/6900578#msg
SirW00f,2019-03-03 01:58:16 UTC,https://discordleaks.unicornriot.ninja/discord/view/6900579#msg
Citizen Z,2019-03-03 01:58:29 UTC,https://discordleaks.unicornriot.ninja/discord/view/6900580#msg
Citizen Z,2019-03-03 01:58:42 UTC,https://discordleaks.unicornriot.ninja/discord/view/6900581#msg
SirW00f,2019-03-03 01:59:08 UTC,https://discordleaks.unicornriot.ninja/discord/view/6900582#msg
Citizen Z,2019-03-03 01:59:30 UTC,https://discordleaks.unicornriot.ninja/discord/view/6900583#msg
Citizen Z,2019-03-03 01:59:39 UTC,https://discordleaks.unicornriot.ninja/discord/view/6900584#msg
SirW00f,2019-03-03 01:59:51 UTC,https://discordleaks.unicornriot.ninja/discord/view/6900585#msg
Citizen Z,2019-03-03 02:00:11 UTC,https://discordleaks.unicornriot.ninja/discord/view/6900586#msg
Citizen Z,2019-03-03 02:00:22 UTC,https://discordleaks.unicornriot.ninja/discord/view/6900587#msg
SirW00f,2019-03-03 02:00:43 UTC,https://discordleaks.unicornriot.ninja/discord/view/6900588#msg
Nigita,2019-03-03 02:00:48 UTC,https://discordleaks.unicornriot.ninja/discord/view/6900589#msg
Nigita,2019-03-03 02:00:49 UTC,https://discordleaks.unicornriot.ninja/discord/view/6900590#msg
Nigita,2019-03-03 02:00:51 UTC,https://discordleaks.unicornriot.ninja/discord/view/6900591#msg
SirW00f,2019-03-03 02:01:01 UTC,https://discordleaks.unicornriot.ninja/discord/view/6900592#msg
Harmony2.0,2019-03-03 02:01:07 UTC,https://discordleaks.unicornriot.ninja/discord/view/6900593#msg
Citizen Z,2019-03-03 02:01:10 UTC,https://discordleaks.unicornriot.ninja/discord/view/6900594#msg
Citizen Z,2019-03-03 02:01:13 UTC,https://discordleaks.unicornriot.ninja/discord/view/6900595#msg
Citizen Z,2019-03-03 02:01:23 UTC,https://discordleaks.unicornriot.ninja/discord/view/6900596#msg
SirW00f,2019-03-03 02:01:24 UTC,https://discordleaks.unicornriot.ninja/discord/view/6900597#msg
Citizen Z,2019-03-03 02:01:25 UTC,https://discordleaks.unicornriot.ninja/discord/view/6900598#msg
SirW00f,2019-03-03 02:01:36 UTC,https://discordleaks.unicornriot.ninja/discord/view/6900599#msg
Nigita,2019-03-03 02:01:37 UTC,https://discordleaks.unicornriot.ninja/discord/view/6900600#msg
Nigita,2019-03-03 02:01:42 UTC,https://discordleaks.unicornriot.ninja/discord/view/6900601#msg
Citizen Z,2019-03-03 02:01:45 UTC,https://discordleaks.unicornriot.ninja/discord/view/6900602#msg
Nigita,2019-03-03 02:01:50 UTC,https://discordleaks.unicornriot.ninja/discord/view/6900603#msg
Nigita,2019-03-03 02:01:51 UTC,https://discordleaks.unicornriot.ninja/discord/view/6900504#msg
Citizen Z,2019-03-03 02:02:41 UTC,https://discordleaks.unicornriot.ninja/discord/view/6900505#msg
Citizen Z,2019-03-03 02:03:21 UTC,https://discordleaks.unicornriot.ninja/discord/view/6900506#msg
Citizen Z,2019-03-03 02:03:46 UTC,https://discordleaks.unicornriot.ninja/discord/view/6900507#msg
SirW00f,2019-03-03 02:03:48 UTC,https://discordleaks.unicornriot.ninja/discord/view/6900508#msg
Citizen Z,2019-03-03 02:04:06 UTC,https://discordleaks.unicornriot.ninja/discord/view/6900509#msg
Nigita,2019-03-03 02:04:23 UTC,https://discordleaks.unicornriot.ninja/discord/view/6900510#msg
Citizen Z,2019-03-03 02:04:23 UTC,https://discordleaks.unicornriot.ninja/discord/view/6900511#msg
Nigita,2019-03-03 02:04:33 UTC,https://discordleaks.unicornriot.ninja/discord/view/6900512#msg
Nigita,2019-03-03 02:04:35 UTC,https://discordleaks.unicornriot.ninja/discord/view/6900513#msg
SirW00f,2019-03-03 02:04:39 UTC,https://discordleaks.unicornriot.ninja/discord/view/6900514#msg
Nigita,2019-03-03 02:04:45 UTC,https://discordleaks.unicornriot.ninja/discord/view/6900515#msg
Nigita,2019-03-03 02:05:08 UTC,https://discordleaks.unicornriot.ninja/discord/view/6900516#msg
SirW00f,2019-03-03 02:05:08 UTC,https://discordleaks.unicornriot.ninja/discord/view/6900517#msg
Nigita,2019-03-03 02:05:18 UTC,https://discordleaks.unicornriot.ninja/discord/view/6900518#msg
Nigita,2019-03-03 02:05:42 UTC,https://discordleaks.unicornriot.ninja/discord/view/6900519#msg
Nigita,2019-03-03 02:05:47 UTC,https://discordleaks.unicornriot.ninja/discord/view/6900520#msg
Nigita,2019-03-03 02:05:54 UTC,https://discordleaks.unicornriot.ninja/discord/view/6900521#msg
Nigita,2019-03-03 02:06:02 UTC,https://discordleaks.unicornriot.ninja/discord/view/6900522#msg
Nigita,2019-03-03 02:06:11 UTC,https://discordleaks.unicornriot.ninja/discord/view/6900523#msg
SirW00f,2019-03-03 02:06:14 UTC,https://discordleaks.unicornriot.ninja/discord/view/6900524#msg
Nigita,2019-03-03 02:06:16 UTC,https://discordleaks.unicornriot.ninja/discord/view/6900525#msg
Nigita,2019-03-03 02:06:26 UTC,https://discordleaks.unicornriot.ninja/discord/view/6900526#msg
Nigita,2019-03-03 02:06:36 UTC,https://discordleaks.unicornriot.ninja/discord/view/6900527#msg
SirW00f,2019-03-03 02:06:40 UTC,https://discordleaks.unicornriot.ninja/discord/view/6900528#msg
Nigita,2019-03-03 02:06:48 UTC,https://discordleaks.unicornriot.ninja/discord/view/6900529#msg
Citizen Z,2019-03-03 02:06:52 UTC,https://discordleaks.unicornriot.ninja/discord/view/6900530#msg
SirW00f,2019-03-03 02:06:58 UTC,https://discordleaks.unicornriot.ninja/discord/view/6900531#msg
Nigita,2019-03-03 02:07:14 UTC,https://discordleaks.unicornriot.ninja/discord/view/6900532#msg
Citizen Z,2019-03-03 02:07:19 UTC,https://discordleaks.unicornriot.ninja/discord/view/6900533#msg
SirW00f,2019-03-03 02:07:22 UTC,https://discordleaks.unicornriot.ninja/discord/view/6900534#msg
Citizen Z,2019-03-03 02:07:37 UTC,https://discordleaks.unicornriot.ninja/discord/view/6900535#msg
SirW00f,2019-03-03 02:07:40 UTC,https://discordleaks.unicornriot.ninja/discord/view/6900536#msg
Citizen Z,2019-03-03 02:07:58 UTC,https://discordleaks.unicornriot.ninja/discord/view/6900537#msg
Nigita,2019-03-03 02:08:01 UTC,https://discordleaks.unicornriot.ninja/discord/view/6900538#msg
Nigita,2019-03-03 02:08:35 UTC,https://discordleaks.unicornriot.ninja/discord/view/6900539#msg
Citizen Z,2019-03-03 02:08:35 UTC,https://discordleaks.unicornriot.ninja/discord/view/6900540#msg
Nigita,2019-03-03 02:08:54 UTC,https://discordleaks.unicornriot.ninja/discord/view/6900541#msg
SirW00f,2019-03-03 02:08:55 UTC,https://discordleaks.unicornriot.ninja/discord/view/6900542#msg
Citizen Z,2019-03-03 02:08:56 UTC,https://discordleaks.unicornriot.ninja/discord/view/6900543#msg
Nigita,2019-03-03 02:09:03 UTC,https://discordleaks.unicornriot.ninja/discord/view/6900544#msg
Citizen Z,2019-03-03 02:09:09 UTC,https://discordleaks.unicornriot.ninja/discord/view/6900545#msg
Citizen Z,2019-03-03 02:09:12 UTC,https://discordleaks.unicornriot.ninja/discord/view/6900546#msg
Nigita,2019-03-03 02:09:14 UTC,https://discordleaks.unicornriot.ninja/discord/view/6900547#msg
SirW00f,2019-03-03 02:09:50 UTC,https://discordleaks.unicornriot.ninja/discord/view/6900548#msg
Nigita,2019-03-03 02:09:56 UTC,https://discordleaks.unicornriot.ninja/discord/view/6900549#msg
Nigita,2019-03-03 02:09:59 UTC,https://discordleaks.unicornriot.ninja/discord/view/6900550#msg
Citizen Z,2019-03-03 02:10:01 UTC,https://discordleaks.unicornriot.ninja/discord/view/6900551#msg
Nigita,2019-03-03 02:10:30 UTC,https://discordleaks.unicornriot.ninja/discord/view/6900552#msg
Nigita,2019-03-03 02:10:34 UTC,https://discordleaks.unicornriot.ninja/discord/view/6900553#msg
Nigita,2019-03-03 02:10:40 UTC,https://discordleaks.unicornriot.ninja/discord/view/6900454#msg
Nigita,2019-03-03 02:10:52 UTC,https://discordleaks.unicornriot.ninja/discord/view/6900455#msg
SirW00f,2019-03-03 02:10:52 UTC,https://discordleaks.unicornriot.ninja/discord/view/6900456#msg
SirW00f,2019-03-03 02:11:02 UTC,https://discordleaks.unicornriot.ninja/discord/view/6900457#msg
Citizen Z,2019-03-03 02:11:04 UTC,https://discordleaks.unicornriot.ninja/discord/view/6900458#msg
Nigita,2019-03-03 02:11:11 UTC,https://discordleaks.unicornriot.ninja/discord/view/6900459#msg
SirW00f,2019-03-03 02:11:25 UTC,https://discordleaks.unicornriot.ninja/discord/view/6900460#msg
Nigita,2019-03-03 02:11:32 UTC,https://discordleaks.unicornriot.ninja/discord/view/6900461#msg
Relic 1776,2019-03-03 02:11:35 UTC,https://discordleaks.unicornriot.ninja/discord/view/6900462#msg
Citizen Z,2019-03-03 02:11:38 UTC,https://discordleaks.unicornriot.ninja/discord/view/6900463#msg
SirW00f,2019-03-03 02:11:45 UTC,https://discordleaks.unicornriot.ninja/discord/view/6900464#msg
Nigita,2019-03-03 02:12:05 UTC,https://discordleaks.unicornriot.ninja/discord/view/6900465#msg
SirW00f,2019-03-03 02:12:08 UTC,https://discordleaks.unicornriot.ninja/discord/view/6900466#msg
Nigita,2019-03-03 02:12:12 UTC,https://discordleaks.unicornriot.ninja/discord/view/6900467#msg
Citizen Z,2019-03-03 02:12:17 UTC,https://discordleaks.unicornriot.ninja/discord/view/6900468#msg
Nigita,2019-03-03 02:12:22 UTC,https://discordleaks.unicornriot.ninja/discord/view/6900469#msg
Nigita,2019-03-03 02:12:32 UTC,https://discordleaks.unicornriot.ninja/discord/view/6900470#msg
Relic 1776,2019-03-03 02:12:49 UTC,https://discordleaks.unicornriot.ninja/discord/view/6900471#msg
Nigita,2019-03-03 02:13:28 UTC,https://discordleaks.unicornriot.ninja/discord/view/6900472#msg
Citizen Z,2019-03-03 02:13:29 UTC,https://discordleaks.unicornriot.ninja/discord/view/6900473#msg
Nigita,2019-03-03 02:13:32 UTC,https://discordleaks.unicornriot.ninja/discord/view/6900474#msg
Nigita,2019-03-03 02:13:55 UTC,https://discordleaks.unicornriot.ninja/discord/view/6900475#msg
Citizen Z,2019-03-03 02:14:05 UTC,https://discordleaks.unicornriot.ninja/discord/view/6900476#msg
Nigita,2019-03-03 02:14:10 UTC,https://discordleaks.unicornriot.ninja/discord/view/6900477#msg
Relic 1776,2019-03-03 02:14:16 UTC,https://discordleaks.unicornriot.ninja/discord/view/6900478#msg
Nigita,2019-03-03 02:14:31 UTC,https://discordleaks.unicornriot.ninja/discord/view/6900479#msg
Nigita,2019-03-03 02:14:47 UTC,https://discordleaks.unicornriot.ninja/discord/view/6900480#msg
Citizen Z,2019-03-03 02:14:53 UTC,https://discordleaks.unicornriot.ninja/discord/view/6900481#msg
Nigita,2019-03-03 02:14:53 UTC,https://discordleaks.unicornriot.ninja/discord/view/6900482#msg
Nigita,2019-03-03 02:14:57 UTC,https://discordleaks.unicornriot.ninja/discord/view/6900483#msg
Nigita,2019-03-03 02:15:14 UTC,https://discordleaks.unicornriot.ninja/discord/view/6900484#msg
Citizen Z,2019-03-03 02:15:25 UTC,https://discordleaks.unicornriot.ninja/discord/view/6900485#msg
Citizen Z,2019-03-03 02:15:31 UTC,https://discordleaks.unicornriot.ninja/discord/view/6900486#msg
Citizen Z,2019-03-03 02:15:42 UTC,https://discordleaks.unicornriot.ninja/discord/view/6900487#msg
Nigita,2019-03-03 02:15:45 UTC,https://discordleaks.unicornriot.ninja/discord/view/6900488#msg
Citizen Z,2019-03-03 02:15:48 UTC,https://discordleaks.unicornriot.ninja/discord/view/6900489#msg
Nigita,2019-03-03 02:15:51 UTC,https://discordleaks.unicornriot.ninja/discord/view/6900490#msg
Citizen Z,2019-03-03 02:15:53 UTC,https://discordleaks.unicornriot.ninja/discord/view/6900491#msg
Citizen Z,2019-03-03 02:15:56 UTC,https://discordleaks.unicornriot.ninja/discord/view/6900492#msg
Nigita,2019-03-03 02:15:57 UTC,https://discordleaks.unicornriot.ninja/discord/view/6900493#msg
Nigita,2019-03-03 02:16:01 UTC,https://discordleaks.unicornriot.ninja/discord/view/6900494#msg
Citizen Z,2019-03-03 02:16:05 UTC,https://discordleaks.unicornriot.ninja/discord/view/6900495#msg
Citizen Z,2019-03-03 02:16:08 UTC,https://discordleaks.unicornriot.ninja/discord/view/6900496#msg
Citizen Z,2019-03-03 02:16:10 UTC,https://discordleaks.unicornriot.ninja/discord/view/6900497#msg
Citizen Z,2019-03-03 02:16:15 UTC,https://discordleaks.unicornriot.ninja/discord/view/6900498#msg
Citizen Z,2019-03-03 02:16:18 UTC,https://discordleaks.unicornriot.ninja/discord/view/6900499#msg
Nigita,2019-03-03 02:16:19 UTC,https://discordleaks.unicornriot.ninja/discord/view/6900500#msg
Citizen Z,2019-03-03 02:16:36 UTC,https://discordleaks.unicornriot.ninja/discord/view/6900501#msg
Nigita,2019-03-03 02:16:43 UTC,https://discordleaks.unicornriot.ninja/discord/view/6900502#msg
Citizen Z,2019-03-03 02:16:44 UTC,https://discordleaks.unicornriot.ninja/discord/view/6900503#msg
Nigita,2019-03-03 02:16:50 UTC,https://discordleaks.unicornriot.ninja/discord/view/6900354#msg
Nigita,2019-03-03 02:16:55 UTC,https://discordleaks.unicornriot.ninja/discord/view/6900355#msg
Nigita,2019-03-03 02:16:57 UTC,https://discordleaks.unicornriot.ninja/discord/view/6900356#msg
Citizen Z,2019-03-03 02:16:58 UTC,https://discordleaks.unicornriot.ninja/discord/view/6900357#msg
Citizen Z,2019-03-03 02:17:08 UTC,https://discordleaks.unicornriot.ninja/discord/view/6900358#msg
Nigita,2019-03-03 02:17:12 UTC,https://discordleaks.unicornriot.ninja/discord/view/6900359#msg
Nigita,2019-03-03 02:17:21 UTC,https://discordleaks.unicornriot.ninja/discord/view/6900360#msg
Nigita,2019-03-03 02:17:27 UTC,https://discordleaks.unicornriot.ninja/discord/view/6900361#msg
Nigita,2019-03-03 02:17:54 UTC,https://discordleaks.unicornriot.ninja/discord/view/6900362#msg
Nigita,2019-03-03 02:18:06 UTC,https://discordleaks.unicornriot.ninja/discord/view/6900363#msg
Nigita,2019-03-03 02:18:13 UTC,https://discordleaks.unicornriot.ninja/discord/view/6900364#msg
Nigita,2019-03-03 02:19:01 UTC,https://discordleaks.unicornriot.ninja/discord/view/6900365#msg
Relic 1776,2019-03-03 02:21:47 UTC,https://discordleaks.unicornriot.ninja/discord/view/6900366#msg
Nigita,2019-03-03 02:22:32 UTC,https://discordleaks.unicornriot.ninja/discord/view/6900367#msg
Nigita,2019-03-03 02:22:39 UTC,https://discordleaks.unicornriot.ninja/discord/view/6900368#msg
Relic 1776,2019-03-03 02:22:46 UTC,https://discordleaks.unicornriot.ninja/discord/view/6900369#msg
Nigita,2019-03-03 02:22:47 UTC,https://discordleaks.unicornriot.ninja/discord/view/6900370#msg
Nigita,2019-03-03 02:23:10 UTC,https://discordleaks.unicornriot.ninja/discord/view/6900371#msg
Nigita,2019-03-03 02:23:31 UTC,https://discordleaks.unicornriot.ninja/discord/view/6900372#msg
Nigita,2019-03-03 02:24:25 UTC,https://discordleaks.unicornriot.ninja/discord/view/6900373#msg
Nigita,2019-03-03 02:24:33 UTC,https://discordleaks.unicornriot.ninja/discord/view/6900374#msg
Relic 1776,2019-03-03 02:24:34 UTC,https://discordleaks.unicornriot.ninja/discord/view/6900375#msg
Relic 1776,2019-03-03 02:24:51 UTC,https://discordleaks.unicornriot.ninja/discord/view/6900376#msg
Nigita,2019-03-03 02:24:59 UTC,https://discordleaks.unicornriot.ninja/discord/view/6900377#msg
Nigita,2019-03-03 02:25:12 UTC,https://discordleaks.unicornriot.ninja/discord/view/6900378#msg
Relic 1776,2019-03-03 02:25:18 UTC,https://discordleaks.unicornriot.ninja/discord/view/6900379#msg
Nigita,2019-03-03 02:25:22 UTC,https://discordleaks.unicornriot.ninja/discord/view/6900380#msg
Nigita,2019-03-03 02:25:45 UTC,https://discordleaks.unicornriot.ninja/discord/view/6900381#msg
Nigita,2019-03-03 02:25:55 UTC,https://discordleaks.unicornriot.ninja/discord/view/6900382#msg
Relic 1776,2019-03-03 02:25:57 UTC,https://discordleaks.unicornriot.ninja/discord/view/6900383#msg
Nigita,2019-03-03 02:26:18 UTC,https://discordleaks.unicornriot.ninja/discord/view/6900384#msg
Relic 1776,2019-03-03 02:26:22 UTC,https://discordleaks.unicornriot.ninja/discord/view/6900385#msg
Nigita,2019-03-03 02:26:29 UTC,https://discordleaks.unicornriot.ninja/discord/view/6900386#msg
Nigita,2019-03-03 02:26:37 UTC,https://discordleaks.unicornriot.ninja/discord/view/6900387#msg
Relic 1776,2019-03-03 02:26:50 UTC,https://discordleaks.unicornriot.ninja/discord/view/6900388#msg
Nigita,2019-03-03 02:27:00 UTC,https://discordleaks.unicornriot.ninja/discord/view/6900389#msg
Nigita,2019-03-03 02:27:07 UTC,https://discordleaks.unicornriot.ninja/discord/view/6900390#msg
Nigita,2019-03-03 02:27:13 UTC,https://discordleaks.unicornriot.ninja/discord/view/6900391#msg
Relic 1776,2019-03-03 02:28:40 UTC,https://discordleaks.unicornriot.ninja/discord/view/6900392#msg
Relic 1776,2019-03-03 02:29:34 UTC,https://discordleaks.unicornriot.ninja/discord/view/6900393#msg
Relic 1776,2019-03-03 02:30:28 UTC,https://discordleaks.unicornriot.ninja/discord/view/6900394#msg
Nigita,2019-03-03 02:31:14 UTC,https://discordleaks.unicornriot.ninja/discord/view/6900395#msg
Nigita,2019-03-03 02:31:29 UTC,https://discordleaks.unicornriot.ninja/discord/view/6900396#msg
Relic 1776,2019-03-03 02:31:33 UTC,https://discordleaks.unicornriot.ninja/discord/view/6900397#msg
Nigita,2019-03-03 02:31:35 UTC,https://discordleaks.unicornriot.ninja/discord/view/6900398#msg
Nigita,2019-03-03 02:31:49 UTC,https://discordleaks.unicornriot.ninja/discord/view/6900399#msg
Nigita,2019-03-03 02:31:56 UTC,https://discordleaks.unicornriot.ninja/discord/view/6900400#msg
Nigita,2019-03-03 02:32:12 UTC,https://discordleaks.unicornriot.ninja/discord/view/6900401#msg
SirW00f,2019-03-03 02:34:59 UTC,https://discordleaks.unicornriot.ninja/discord/view/6900402#msg
SirW00f,2019-03-03 02:35:11 UTC,https://discordleaks.unicornriot.ninja/discord/view/6900403#msg
Nigita,2019-03-03 02:35:26 UTC,https://discordleaks.unicornriot.ninja/discord/view/6900404#msg
Nigita,2019-03-03 02:35:45 UTC,https://discordleaks.unicornriot.ninja/discord/view/6900405#msg
Nigita,2019-03-03 02:35:54 UTC,https://discordleaks.unicornriot.ninja/discord/view/6900406#msg
Nigita,2019-03-03 02:36:17 UTC,https://discordleaks.unicornriot.ninja/discord/view/6900407#msg
SirW00f,2019-03-03 02:36:21 UTC,https://discordleaks.unicornriot.ninja/discord/view/6900408#msg
Nigita,2019-03-03 02:36:56 UTC,https://discordleaks.unicornriot.ninja/discord/view/6900409#msg
Nigita,2019-03-03 02:37:01 UTC,https://discordleaks.unicornriot.ninja/discord/view/6900410#msg
Nigita,2019-03-03 02:37:04 UTC,https://discordleaks.unicornriot.ninja/discord/view/6900411#msg
Nigita,2019-03-03 02:37:10 UTC,https://discordleaks.unicornriot.ninja/discord/view/6900412#msg
Nigita,2019-03-03 02:37:30 UTC,https://discordleaks.unicornriot.ninja/discord/view/6900413#msg
SirW00f,2019-03-03 02:37:33 UTC,https://discordleaks.unicornriot.ninja/discord/view/6900414#msg
Nigita,2019-03-03 02:37:42 UTC,https://discordleaks.unicornriot.ninja/discord/view/6900415#msg
Nigita,2019-03-03 02:37:48 UTC,https://discordleaks.unicornriot.ninja/discord/view/6900416#msg
Nigita,2019-03-03 02:38:03 UTC,https://discordleaks.unicornriot.ninja/discord/view/6900417#msg
Nigita,2019-03-03 02:38:05 UTC,https://discordleaks.unicornriot.ninja/discord/view/6900418#msg
SirW00f,2019-03-03 02:38:08 UTC,https://discordleaks.unicornriot.ninja/discord/view/6900419#msg
Nigita,2019-03-03 02:38:16 UTC,https://discordleaks.unicornriot.ninja/discord/view/6900420#msg
Nigita,2019-03-03 02:38:23 UTC,https://discordleaks.unicornriot.ninja/discord/view/6900421#msg
Nigita,2019-03-03 02:38:31 UTC,https://discordleaks.unicornriot.ninja/discord/view/6900422#msg
Desimated,2019-03-03 02:38:36 UTC,https://discordleaks.unicornriot.ninja/discord/view/6900423#msg
Nigita,2019-03-03 02:38:41 UTC,https://discordleaks.unicornriot.ninja/discord/view/6900424#msg
Nigita,2019-03-03 02:38:44 UTC,https://discordleaks.unicornriot.ninja/discord/view/6900425#msg
SirW00f,2019-03-03 02:38:48 UTC,https://discordleaks.unicornriot.ninja/discord/view/6900426#msg
Nigita,2019-03-03 02:38:51 UTC,https://discordleaks.unicornriot.ninja/discord/view/6900427#msg
Nigita,2019-03-03 02:39:07 UTC,https://discordleaks.unicornriot.ninja/discord/view/6900428#msg
SirW00f,2019-03-03 02:39:12 UTC,https://discordleaks.unicornriot.ninja/discord/view/6900429#msg
Nigita,2019-03-03 02:39:14 UTC,https://discordleaks.unicornriot.ninja/discord/view/6900430#msg
Nigita,2019-03-03 02:39:16 UTC,https://discordleaks.unicornriot.ninja/discord/view/6900431#msg
Desimated,2019-03-03 02:39:20 UTC,https://discordleaks.unicornriot.ninja/discord/view/6900432#msg
SirW00f,2019-03-03 02:39:28 UTC,https://discordleaks.unicornriot.ninja/discord/view/6900433#msg
Nigita,2019-03-03 02:39:29 UTC,https://discordleaks.unicornriot.ninja/discord/view/6900434#msg
Nigita,2019-03-03 02:39:45 UTC,https://discordleaks.unicornriot.ninja/discord/view/6900435#msg
Nigita,2019-03-03 02:39:55 UTC,https://discordleaks.unicornriot.ninja/discord/view/6900436#msg
Nigita,2019-03-03 02:40:04 UTC,https://discordleaks.unicornriot.ninja/discord/view/6900437#msg
SirW00f,2019-03-03 02:40:06 UTC,https://discordleaks.unicornriot.ninja/discord/view/6900438#msg
Nigita,2019-03-03 02:40:16 UTC,https://discordleaks.unicornriot.ninja/discord/view/6900439#msg
Nigita,2019-03-03 02:40:31 UTC,https://discordleaks.unicornriot.ninja/discord/view/6900440#msg
Citizen Z,2019-03-03 02:40:57 UTC,https://discordleaks.unicornriot.ninja/discord/view/6900441#msg
Nigita,2019-03-03 02:41:07 UTC,https://discordleaks.unicornriot.ninja/discord/view/6900442#msg
Nigita,2019-03-03 02:41:10 UTC,https://discordleaks.unicornriot.ninja/discord/view/6900443#msg
Nigita,2019-03-03 02:41:26 UTC,https://discordleaks.unicornriot.ninja/discord/view/6900444#msg
Nigita,2019-03-03 02:41:42 UTC,https://discordleaks.unicornriot.ninja/discord/view/6900445#msg
Citizen Z,2019-03-03 02:41:43 UTC,https://discordleaks.unicornriot.ninja/discord/view/6900446#msg
Citizen Z,2019-03-03 02:42:09 UTC,https://discordleaks.unicornriot.ninja/discord/view/6900447#msg
Nigita,2019-03-03 02:42:13 UTC,https://discordleaks.unicornriot.ninja/discord/view/6900448#msg
Nigita,2019-03-03 02:42:21 UTC,https://discordleaks.unicornriot.ninja/discord/view/6900449#msg
Citizen Z,2019-03-03 02:42:24 UTC,https://discordleaks.unicornriot.ninja/discord/view/6900450#msg
Nigita,2019-03-03 02:42:38 UTC,https://discordleaks.unicornriot.ninja/discord/view/6900451#msg
Citizen Z,2019-03-03 02:42:42 UTC,https://discordleaks.unicornriot.ninja/discord/view/6900452#msg
Nigita,2019-03-03 02:42:50 UTC,https://discordleaks.unicornriot.ninja/discord/view/6900453#msg
Citizen Z,2019-03-03 02:42:51 UTC,https://discordleaks.unicornriot.ninja/discord/view/6900304#msg
Desimated,2019-03-03 02:42:53 UTC,https://discordleaks.unicornriot.ninja/discord/view/6900305#msg
Nigita,2019-03-03 02:42:53 UTC,https://discordleaks.unicornriot.ninja/discord/view/6900306#msg
Citizen Z,2019-03-03 02:43:10 UTC,https://discordleaks.unicornriot.ninja/discord/view/6900307#msg
Citizen Z,2019-03-03 02:43:15 UTC,https://discordleaks.unicornriot.ninja/discord/view/6900308#msg
Nigita,2019-03-03 02:43:18 UTC,https://discordleaks.unicornriot.ninja/discord/view/6900309#msg
Nigita,2019-03-03 02:43:24 UTC,https://discordleaks.unicornriot.ninja/discord/view/6900310#msg
Citizen Z,2019-03-03 02:43:25 UTC,https://discordleaks.unicornriot.ninja/discord/view/6900311#msg
Steve Angell,2019-03-03 02:43:27 UTC,https://discordleaks.unicornriot.ninja/discord/view/6900312#msg
Nigita,2019-03-03 02:43:31 UTC,https://discordleaks.unicornriot.ninja/discord/view/6900313#msg
Nigita,2019-03-03 02:43:33 UTC,https://discordleaks.unicornriot.ninja/discord/view/6900314#msg
Nigita,2019-03-03 02:44:00 UTC,https://discordleaks.unicornriot.ninja/discord/view/6900315#msg
Steve Angell,2019-03-03 02:45:06 UTC,https://discordleaks.unicornriot.ninja/discord/view/6900316#msg
Steve Angell,2019-03-03 02:46:11 UTC,https://discordleaks.unicornriot.ninja/discord/view/6900317#msg
Steve Angell,2019-03-03 02:47:21 UTC,https://discordleaks.unicornriot.ninja/discord/view/6900318#msg
Steve Angell,2019-03-03 02:49:08 UTC,https://discordleaks.unicornriot.ninja/discord/view/6900319#msg
Nigita,2019-03-03 02:49:28 UTC,https://discordleaks.unicornriot.ninja/discord/view/6900320#msg
Nigita,2019-03-03 02:49:38 UTC,https://discordleaks.unicornriot.ninja/discord/view/6900321#msg
Steve Angell,2019-03-03 02:49:39 UTC,https://discordleaks.unicornriot.ninja/discord/view/6900322#msg
Nigita,2019-03-03 02:49:46 UTC,https://discordleaks.unicornriot.ninja/discord/view/6900323#msg
Nigita,2019-03-03 02:50:00 UTC,https://discordleaks.unicornriot.ninja/discord/view/6900324#msg
Nigita,2019-03-03 02:50:08 UTC,https://discordleaks.unicornriot.ninja/discord/view/6900325#msg
Nigita,2019-03-03 02:50:12 UTC,https://discordleaks.unicornriot.ninja/discord/view/6900326#msg
Steve Angell,2019-03-03 02:50:17 UTC,https://discordleaks.unicornriot.ninja/discord/view/6900327#msg
Steve Angell,2019-03-03 02:50:43 UTC,https://discordleaks.unicornriot.ninja/discord/view/6900328#msg
Nigita,2019-03-03 02:51:26 UTC,https://discordleaks.unicornriot.ninja/discord/view/6900329#msg
Steve Angell,2019-03-03 02:51:30 UTC,https://discordleaks.unicornriot.ninja/discord/view/6900330#msg
Nigita,2019-03-03 02:51:30 UTC,https://discordleaks.unicornriot.ninja/discord/view/6900331#msg
Steve Angell,2019-03-03 02:52:08 UTC,https://discordleaks.unicornriot.ninja/discord/view/6900332#msg
Nigita,2019-03-03 02:52:28 UTC,https://discordleaks.unicornriot.ninja/discord/view/6900333#msg
Steve Angell,2019-03-03 02:52:48 UTC,https://discordleaks.unicornriot.ninja/discord/view/6900334#msg
Nigita,2019-03-03 02:52:49 UTC,https://discordleaks.unicornriot.ninja/discord/view/6900335#msg
Nigita,2019-03-03 02:53:02 UTC,https://discordleaks.unicornriot.ninja/discord/view/6900336#msg
Nigita,2019-03-03 02:53:24 UTC,https://discordleaks.unicornriot.ninja/discord/view/6900337#msg
Steve Angell,2019-03-03 02:53:44 UTC,https://discordleaks.unicornriot.ninja/discord/view/6900338#msg
Nigita,2019-03-03 02:54:34 UTC,https://discordleaks.unicornriot.ninja/discord/view/6900339#msg
Steve Angell,2019-03-03 02:54:35 UTC,https://discordleaks.unicornriot.ninja/discord/view/6900340#msg
Nigita,2019-03-03 02:54:54 UTC,https://discordleaks.unicornriot.ninja/discord/view/6900341#msg
Steve Angell,2019-03-03 02:55:33 UTC,https://discordleaks.unicornriot.ninja/discord/view/6900342#msg
Nigita,2019-03-03 02:56:47 UTC,https://discordleaks.unicornriot.ninja/discord/view/6900343#msg
Steve Angell,2019-03-03 02:57:03 UTC,https://discordleaks.unicornriot.ninja/discord/view/6900344#msg
Nigita,2019-03-03 02:57:06 UTC,https://discordleaks.unicornriot.ninja/discord/view/6900345#msg
Nigita,2019-03-03 02:57:37 UTC,https://discordleaks.unicornriot.ninja/discord/view/6900346#msg
Steve Angell,2019-03-03 02:57:55 UTC,https://discordleaks.unicornriot.ninja/discord/view/6900347#msg
Nigita,2019-03-03 02:58:20 UTC,https://discordleaks.unicornriot.ninja/discord/view/6900348#msg
Steve Angell,2019-03-03 02:59:14 UTC,https://discordleaks.unicornriot.ninja/discord/view/6900349#msg
Nigita,2019-03-03 02:59:29 UTC,https://discordleaks.unicornriot.ninja/discord/view/6900350#msg
Nigita,2019-03-03 02:59:35 UTC,https://discordleaks.unicornriot.ninja/discord/view/6900351#msg
Steve Angell,2019-03-03 02:59:38 UTC,https://discordleaks.unicornriot.ninja/discord/view/6900352#msg
Nigita,2019-03-03 03:00:08 UTC,https://discordleaks.unicornriot.ninja/discord/view/6900353#msg
Nigita,2019-03-03 03:00:30 UTC,https://discordleaks.unicornriot.ninja/discord/view/6900254#msg
Steve Angell,2019-03-03 03:00:33 UTC,https://discordleaks.unicornriot.ninja/discord/view/6900255#msg
Nigita,2019-03-03 03:00:52 UTC,https://discordleaks.unicornriot.ninja/discord/view/6900256#msg
Nigita,2019-03-03 03:01:03 UTC,https://discordleaks.unicornriot.ninja/discord/view/6900257#msg
Nigita,2019-03-03 03:01:17 UTC,https://discordleaks.unicornriot.ninja/discord/view/6900258#msg
Steve Angell,2019-03-03 03:01:20 UTC,https://discordleaks.unicornriot.ninja/discord/view/6900259#msg
Nigita,2019-03-03 03:01:26 UTC,https://discordleaks.unicornriot.ninja/discord/view/6900260#msg
Nigita,2019-03-03 03:01:32 UTC,https://discordleaks.unicornriot.ninja/discord/view/6900261#msg
Nigita,2019-03-03 03:02:14 UTC,https://discordleaks.unicornriot.ninja/discord/view/6900262#msg
Nigita,2019-03-03 03:02:21 UTC,https://discordleaks.unicornriot.ninja/discord/view/6900263#msg
Nigita,2019-03-03 03:02:38 UTC,https://discordleaks.unicornriot.ninja/discord/view/6900264#msg
Steve Angell,2019-03-03 03:02:46 UTC,https://discordleaks.unicornriot.ninja/discord/view/6900265#msg
Nigita,2019-03-03 03:02:54 UTC,https://discordleaks.unicornriot.ninja/discord/view/6900266#msg
Nigita,2019-03-03 03:02:58 UTC,https://discordleaks.unicornriot.ninja/discord/view/6900267#msg
Nigita,2019-03-03 03:03:04 UTC,https://discordleaks.unicornriot.ninja/discord/view/6900268#msg
Nigita,2019-03-03 03:03:10 UTC,https://discordleaks.unicornriot.ninja/discord/view/6900269#msg
Nigita,2019-03-03 03:03:17 UTC,https://discordleaks.unicornriot.ninja/discord/view/6900270#msg
Steve Angell,2019-03-03 03:03:24 UTC,https://discordleaks.unicornriot.ninja/discord/view/6900271#msg
Nigita,2019-03-03 03:03:36 UTC,https://discordleaks.unicornriot.ninja/discord/view/6900272#msg
Nigita,2019-03-03 03:03:53 UTC,https://discordleaks.unicornriot.ninja/discord/view/6900273#msg
Nigita,2019-03-03 03:03:55 UTC,https://discordleaks.unicornriot.ninja/discord/view/6900274#msg
Steve Angell,2019-03-03 03:04:02 UTC,https://discordleaks.unicornriot.ninja/discord/view/6900275#msg
Nigita,2019-03-03 03:04:32 UTC,https://discordleaks.unicornriot.ninja/discord/view/6900276#msg
Nigita,2019-03-03 03:04:35 UTC,https://discordleaks.unicornriot.ninja/discord/view/6900277#msg
Nigita,2019-03-03 03:05:07 UTC,https://discordleaks.unicornriot.ninja/discord/view/6900278#msg
Nigita,2019-03-03 03:05:11 UTC,https://discordleaks.unicornriot.ninja/discord/view/6900279#msg
Steve Angell,2019-03-03 03:05:12 UTC,https://discordleaks.unicornriot.ninja/discord/view/6900280#msg
Nigita,2019-03-03 03:05:36 UTC,https://discordleaks.unicornriot.ninja/discord/view/6900281#msg
Steve Angell,2019-03-03 03:06:01 UTC,https://discordleaks.unicornriot.ninja/discord/view/6900282#msg
Nigita,2019-03-03 03:06:15 UTC,https://discordleaks.unicornriot.ninja/discord/view/6900283#msg
Steve Angell,2019-03-03 03:06:21 UTC,https://discordleaks.unicornriot.ninja/discord/view/6900284#msg
Nigita,2019-03-03 03:06:29 UTC,https://discordleaks.unicornriot.ninja/discord/view/6900285#msg
Citizen Z,2019-03-03 03:06:44 UTC,https://discordleaks.unicornriot.ninja/discord/view/6900286#msg
Steve Angell,2019-03-03 03:06:56 UTC,https://discordleaks.unicornriot.ninja/discord/view/6900287#msg
Nigita,2019-03-03 03:07:08 UTC,https://discordleaks.unicornriot.ninja/discord/view/6900288#msg
Nigita,2019-03-03 03:07:13 UTC,https://discordleaks.unicornriot.ninja/discord/view/6900289#msg
Steve Angell,2019-03-03 03:08:27 UTC,https://discordleaks.unicornriot.ninja/discord/view/6900290#msg
Citizen Z,2019-03-03 03:08:34 UTC,https://discordleaks.unicornriot.ninja/discord/view/6900291#msg
Citizen Z,2019-03-03 03:08:43 UTC,https://discordleaks.unicornriot.ninja/discord/view/6900292#msg
Citizen Z,2019-03-03 03:08:49 UTC,https://discordleaks.unicornriot.ninja/discord/view/6900293#msg
Nigita,2019-03-03 03:08:51 UTC,https://discordleaks.unicornriot.ninja/discord/view/6900294#msg
Steve Angell,2019-03-03 03:08:54 UTC,https://discordleaks.unicornriot.ninja/discord/view/6900295#msg
Nigita,2019-03-03 03:08:56 UTC,https://discordleaks.unicornriot.ninja/discord/view/6900296#msg
Steve Angell,2019-03-03 03:09:21 UTC,https://discordleaks.unicornriot.ninja/discord/view/6900297#msg
Citizen Z,2019-03-03 03:09:22 UTC,https://discordleaks.unicornriot.ninja/discord/view/6900298#msg
Citizen Z,2019-03-03 03:09:30 UTC,https://discordleaks.unicornriot.ninja/discord/view/6900299#msg
Nigita,2019-03-03 03:09:35 UTC,https://discordleaks.unicornriot.ninja/discord/view/6900300#msg
Citizen Z,2019-03-03 03:09:36 UTC,https://discordleaks.unicornriot.ninja/discord/view/6900301#msg
Nigita,2019-03-03 03:09:53 UTC,https://discordleaks.unicornriot.ninja/discord/view/6900302#msg
Nigita,2019-03-03 03:09:59 UTC,https://discordleaks.unicornriot.ninja/discord/view/6900303#msg
Steve Angell,2019-03-03 03:10:03 UTC,https://discordleaks.unicornriot.ninja/discord/view/6900204#msg
Citizen Z,2019-03-03 03:10:17 UTC,https://discordleaks.unicornriot.ninja/discord/view/6900205#msg
Nigita,2019-03-03 03:10:49 UTC,https://discordleaks.unicornriot.ninja/discord/view/6900206#msg
Nigita,2019-03-03 03:11:01 UTC,https://discordleaks.unicornriot.ninja/discord/view/6900207#msg
Nigita,2019-03-03 03:11:21 UTC,https://discordleaks.unicornriot.ninja/discord/view/6900208#msg
Nigita,2019-03-03 03:11:38 UTC,https://discordleaks.unicornriot.ninja/discord/view/6900209#msg
Steve Angell,2019-03-03 03:11:49 UTC,https://discordleaks.unicornriot.ninja/discord/view/6900210#msg
Steve Angell,2019-03-03 03:12:07 UTC,https://discordleaks.unicornriot.ninja/discord/view/6900211#msg
Nigita,2019-03-03 03:12:31 UTC,https://discordleaks.unicornriot.ninja/discord/view/6900212#msg
Steve Angell,2019-03-03 03:12:39 UTC,https://discordleaks.unicornriot.ninja/discord/view/6900213#msg
Nigita,2019-03-03 03:12:41 UTC,https://discordleaks.unicornriot.ninja/discord/view/6900214#msg
Nigita,2019-03-03 03:12:51 UTC,https://discordleaks.unicornriot.ninja/discord/view/6900215#msg
Citizen Z,2019-03-03 03:12:55 UTC,https://discordleaks.unicornriot.ninja/discord/view/6900216#msg
Nigita,2019-03-03 03:12:58 UTC,https://discordleaks.unicornriot.ninja/discord/view/6900217#msg
Steve Angell,2019-03-03 03:13:23 UTC,https://discordleaks.unicornriot.ninja/discord/view/6900218#msg
Nigita,2019-03-03 03:13:34 UTC,https://discordleaks.unicornriot.ninja/discord/view/6900219#msg
Nigita,2019-03-03 03:13:47 UTC,https://discordleaks.unicornriot.ninja/discord/view/6900220#msg
Nigita,2019-03-03 03:13:56 UTC,https://discordleaks.unicornriot.ninja/discord/view/6900221#msg
Steve Angell,2019-03-03 03:13:56 UTC,https://discordleaks.unicornriot.ninja/discord/view/6900222#msg
Steve Angell,2019-03-03 03:14:55 UTC,https://discordleaks.unicornriot.ninja/discord/view/6900223#msg
Nigita,2019-03-03 03:15:10 UTC,https://discordleaks.unicornriot.ninja/discord/view/6900224#msg
Steve Angell,2019-03-03 03:15:32 UTC,https://discordleaks.unicornriot.ninja/discord/view/6900225#msg
Citizen Z,2019-03-03 03:16:15 UTC,https://discordleaks.unicornriot.ninja/discord/view/6900226#msg
Nigita,2019-03-03 03:17:04 UTC,https://discordleaks.unicornriot.ninja/discord/view/6900227#msg
Steve Angell,2019-03-03 03:17:16 UTC,https://discordleaks.unicornriot.ninja/discord/view/6900228#msg
Nigita,2019-03-03 03:17:20 UTC,https://discordleaks.unicornriot.ninja/discord/view/6900229#msg
Nigita,2019-03-03 03:17:51 UTC,https://discordleaks.unicornriot.ninja/discord/view/6900230#msg
Steve Angell,2019-03-03 03:17:57 UTC,https://discordleaks.unicornriot.ninja/discord/view/6900231#msg
Steve Angell,2019-03-03 03:18:53 UTC,https://discordleaks.unicornriot.ninja/discord/view/6900232#msg
Steve Angell,2019-03-03 03:19:24 UTC,https://discordleaks.unicornriot.ninja/discord/view/6900233#msg
Nigita,2019-03-03 03:19:35 UTC,https://discordleaks.unicornriot.ninja/discord/view/6900234#msg
Steve Angell,2019-03-03 03:20:04 UTC,https://discordleaks.unicornriot.ninja/discord/view/6900235#msg
Desimated,2019-03-03 03:20:59 UTC,https://discordleaks.unicornriot.ninja/discord/view/6900236#msg
Desimated,2019-03-03 03:21:00 UTC,https://discordleaks.unicornriot.ninja/discord/view/6900237#msg
Steve Angell,2019-03-03 03:21:16 UTC,https://discordleaks.unicornriot.ninja/discord/view/6900238#msg
MamaLana Sourdough,2019-03-03 03:21:35 UTC,https://discordleaks.unicornriot.ninja/discord/view/6900239#msg
Desimated,2019-03-03 03:21:40 UTC,https://discordleaks.unicornriot.ninja/discord/view/6900240#msg
MamaLana Sourdough,2019-03-03 03:22:05 UTC,https://discordleaks.unicornriot.ninja/discord/view/6900241#msg
SirW00f,2019-03-03 03:22:07 UTC,https://discordleaks.unicornriot.ninja/discord/view/6900242#msg
Steve Angell,2019-03-03 03:22:09 UTC,https://discordleaks.unicornriot.ninja/discord/view/6900243#msg
Desimated,2019-03-03 03:24:21 UTC,https://discordleaks.unicornriot.ninja/discord/view/6900244#msg
Steve Angell,2019-03-03 03:24:39 UTC,https://discordleaks.unicornriot.ninja/discord/view/6900245#msg
Desimated,2019-03-03 03:25:13 UTC,https://discordleaks.unicornriot.ninja/discord/view/6900246#msg
MamaLana Sourdough,2019-03-03 03:40:19 UTC,https://discordleaks.unicornriot.ninja/discord/view/6900247#msg
Citizen Z,2019-03-03 05:26:35 UTC,https://discordleaks.unicornriot.ninja/discord/view/6900248#msg
Citizen Z,2019-03-03 05:26:38 UTC,https://discordleaks.unicornriot.ninja/discord/view/6900249#msg
Citizen Z,2019-03-03 05:26:57 UTC,https://discordleaks.unicornriot.ninja/discord/view/6900250#msg
Relic 1776,2019-03-03 05:59:25 UTC,https://discordleaks.unicornriot.ninja/discord/view/6900251#msg
SirW00f,2019-03-04 06:44:50 UTC,https://discordleaks.unicornriot.ninja/discord/view/6900252#msg
SirW00f,2019-03-07 18:56:09 UTC,https://discordleaks.unicornriot.ninja/discord/view/6900253#msg
LowLandsPete,2019-03-19 07:12:35 UTC,https://discordleaks.unicornriot.ninja/discord/view/16482466#msg
SirW00f,2019-03-22 06:14:18 UTC,https://discordleaks.unicornriot.ninja/discord/view/16482467#msg
SirW00f,2019-03-22 06:32:33 UTC,https://discordleaks.unicornriot.ninja/discord/view/16482468#msg
stickyhammer,2019-03-22 10:53:19 UTC,https://discordleaks.unicornriot.ninja/discord/view/16482469#msg
SirW00f,2019-03-23 16:56:44 UTC,https://discordleaks.unicornriot.ninja/discord/view/16482470#msg
ChrisUK2,2019-03-26 11:35:31 UTC,https://discordleaks.unicornriot.ninja/discord/view/16482471#msg
oneofhis,2019-04-01 14:57:48 UTC,https://discordleaks.unicornriot.ninja/discord/view/16482472#msg
Steve Angell,2019-04-02 01:03:43 UTC,https://discordleaks.unicornriot.ninja/discord/view/16482473#msg
Steve Angell,2019-04-02 15:08:43 UTC,https://discordleaks.unicornriot.ninja/discord/view/16482474#msg
LowLandsPete,2019-04-05 10:07:38 UTC,https://discordleaks.unicornriot.ninja/discord/view/16482475#msg
ChrisUK2,2019-04-07 11:47:36 UTC,https://discordleaks.unicornriot.ninja/discord/view/16482476#msg
Steve Angell,2019-04-08 17:38:05 UTC,https://discordleaks.unicornriot.ninja/discord/view/16482477#msg
Steve Angell,2019-04-08 18:17:14 UTC,https://discordleaks.unicornriot.ninja/discord/view/16482478#msg
Steve Angell,2019-04-08 18:22:32 UTC,https://discordleaks.unicornriot.ninja/discord/view/16482479#msg
Steve Angell,2019-04-08 18:23:47 UTC,https://discordleaks.unicornriot.ninja/discord/view/16482480#msg
ChrisUK2,2019-04-08 18:25:54 UTC,https://discordleaks.unicornriot.ninja/discord/view/16482481#msg
ChrisUK2,2019-04-08 18:26:27 UTC,https://discordleaks.unicornriot.ninja/discord/view/16482482#msg
Steve Angell,2019-04-08 18:29:06 UTC,https://discordleaks.unicornriot.ninja/discord/view/16482483#msg
Steve Angell,2019-04-08 18:30:01 UTC,https://discordleaks.unicornriot.ninja/discord/view/16482484#msg
Mr.Cactus,2019-04-10 05:01:02 UTC,https://discordleaks.unicornriot.ninja/discord/view/16482485#msg
oneofhis,2019-04-10 10:49:59 UTC,https://discordleaks.unicornriot.ninja/discord/view/16482486#msg
LowLandsPete,2019-04-10 12:07:51 UTC,https://discordleaks.unicornriot.ninja/discord/view/16482487#msg
LowLandsPete,2019-04-10 12:09:29 UTC,https://discordleaks.unicornriot.ninja/discord/view/16482488#msg
lmbd,2019-04-10 13:54:08 UTC,https://discordleaks.unicornriot.ninja/discord/view/16482489#msg
Jaz (Raisu),2019-04-10 19:25:29 UTC,https://discordleaks.unicornriot.ninja/discord/view/16482490#msg
LowLandsPete,2019-04-11 08:14:23 UTC,https://discordleaks.unicornriot.ninja/discord/view/16482491#msg
Steve Angell,2019-04-11 19:19:18 UTC,https://discordleaks.unicornriot.ninja/discord/view/16482492#msg
natxlaw,2019-04-12 01:43:50 UTC,https://discordleaks.unicornriot.ninja/discord/view/16482493#msg
LowLandsPete,2019-04-15 19:52:43 UTC,https://discordleaks.unicornriot.ninja/discord/view/16482494#msg
Steve Angell,2019-04-20 22:59:12 UTC,https://discordleaks.unicornriot.ninja/discord/view/16482495#msg
LowLandsPete,2019-04-21 09:50:15 UTC,https://discordleaks.unicornriot.ninja/discord/view/16482496#msg
ChrisUK2,2019-04-21 18:29:33 UTC,https://discordleaks.unicornriot.ninja/discord/view/16482497#msg
SirW00f,2019-04-25 19:36:28 UTC,https://discordleaks.unicornriot.ninja/discord/view/16482498#msg
Shadow Poet,2019-04-29 20:17:06 UTC,https://discordleaks.unicornriot.ninja/discord/view/16482499#msg
Steve Angell,2019-05-02 14:22:33 UTC,https://discordleaks.unicornriot.ninja/discord/view/16482500#msg
Steve Angell,2019-05-02 14:24:33 UTC,https://discordleaks.unicornriot.ninja/discord/view/16482501#msg
Steve Angell,2019-05-02 14:25:57 UTC,https://discordleaks.unicornriot.ninja/discord/view/16482502#msg
Steve Angell,2019-05-02 14:27:01 UTC,https://discordleaks.unicornriot.ninja/discord/view/16482503#msg
Steve Angell,2019-05-02 14:28:13 UTC,https://discordleaks.unicornriot.ninja/discord/view/16482504#msg
Steve Angell,2019-05-02 14:28:51 UTC,https://discordleaks.unicornriot.ninja/discord/view/16482505#msg
Steve Angell,2019-05-02 14:30:42 UTC,https://discordleaks.unicornriot.ninja/discord/view/16482506#msg
Steve Angell,2019-05-02 15:19:37 UTC,https://discordleaks.unicornriot.ninja/discord/view/16482507#msg
Steve Angell,2019-05-02 15:21:32 UTC,https://discordleaks.unicornriot.ninja/discord/view/16482508#msg
slayer454,2019-05-27 23:57:49 UTC,https://discordleaks.unicornriot.ninja/discord/view/16482536#msg
SirW00f,2019-07-01 05:05:05 UTC,https://discordleaks.unicornriot.ninja/discord/view/16482537#msg
stickyhammer,2019-07-04 02:16:16 UTC,https://discordleaks.unicornriot.ninja/discord/view/16482538#msg
Dio Brando,2019-11-26 13:55:23 UTC,https://discordleaks.unicornriot.ninja/discord/view/23183344#msg
Dio Brando,2019-11-26 13:55:28 UTC,https://discordleaks.unicornriot.ninja/discord/view/23183345#msg
mrwopman,2019-11-27 22:17:59 UTC,https://discordleaks.unicornriot.ninja/discord/view/23183346#msg
Hippocampus88,2019-12-02 04:38:19 UTC,https://discordleaks.unicornriot.ninja/discord/view/23183347#msg
ninjafish,2019-12-02 05:10:03 UTC,https://discordleaks.unicornriot.ninja/discord/view/23183348#msg
