USER,META,LINK,ATTACHMENTS
Sweet Tea,2018-02-27 04:56:43 UTC,https://discordleaks.unicornriot.ninja/discord/view/6759879#msg
Sweet Tea,2018-02-27 04:56:50 UTC,https://discordleaks.unicornriot.ninja/discord/view/6759880#msg
Sweet Tea,2018-02-27 04:56:58 UTC,https://discordleaks.unicornriot.ninja/discord/view/6759881#msg
Sweet Tea,2018-02-27 04:59:52 UTC,https://discordleaks.unicornriot.ninja/discord/view/6759882#msg
Sweet Tea,2018-02-27 04:59:56 UTC,https://discordleaks.unicornriot.ninja/discord/view/6759883#msg
Sweet Tea,2018-02-27 15:55:01 UTC,https://discordleaks.unicornriot.ninja/discord/view/6759884#msg
Sweet Tea,2018-02-27 15:55:16 UTC,https://discordleaks.unicornriot.ninja/discord/view/6759885#msg
Saintlady9,2018-02-28 03:25:04 UTC,https://discordleaks.unicornriot.ninja/discord/view/6759886#msg
Dustin Nemos,2018-02-28 06:33:33 UTC,https://discordleaks.unicornriot.ninja/discord/view/6759887#msg
Dustin Nemos,2018-02-28 06:33:45 UTC,https://discordleaks.unicornriot.ninja/discord/view/6759888#msg
Dustin Nemos,2018-03-01 03:41:47 UTC,https://discordleaks.unicornriot.ninja/discord/view/6759889#msg
Dustin Nemos,2018-03-01 03:42:22 UTC,https://discordleaks.unicornriot.ninja/discord/view/6759890#msg
Sweet Tea,2018-03-01 07:06:16 UTC,https://discordleaks.unicornriot.ninja/discord/view/6759891#msg
Sweet Tea,2018-03-02 05:30:23 UTC,https://discordleaks.unicornriot.ninja/discord/view/6759892#msg
Sweet Tea,2018-03-02 05:34:34 UTC,https://discordleaks.unicornriot.ninja/discord/view/6759893#msg
Sweet Tea,2018-03-02 15:48:05 UTC,https://discordleaks.unicornriot.ninja/discord/view/6759894#msg
Sweet Tea,2018-03-03 17:08:00 UTC,https://discordleaks.unicornriot.ninja/discord/view/6759895#msg
Sweet Tea,2018-03-03 17:08:27 UTC,https://discordleaks.unicornriot.ninja/discord/view/6759896#msg
Sweet Tea,2018-03-03 17:09:20 UTC,https://discordleaks.unicornriot.ninja/discord/view/6759897#msg
Sweet Tea,2018-03-03 17:10:13 UTC,https://discordleaks.unicornriot.ninja/discord/view/6759898#msg
Sweet Tea,2018-03-03 17:10:26 UTC,https://discordleaks.unicornriot.ninja/discord/view/6759899#msg
Sweet Tea,2018-03-03 22:07:18 UTC,https://discordleaks.unicornriot.ninja/discord/view/6759900#msg
Dustin Nemos,2018-03-03 23:22:21 UTC,https://discordleaks.unicornriot.ninja/discord/view/6759901#msg
Sweet Tea,2018-03-03 23:53:15 UTC,https://discordleaks.unicornriot.ninja/discord/view/6759902#msg
della4,2018-03-03 23:53:58 UTC,https://discordleaks.unicornriot.ninja/discord/view/6759903#msg
Sweet Tea,2018-03-05 05:18:30 UTC,https://discordleaks.unicornriot.ninja/discord/view/6759904#msg
Sweet Tea,2018-03-05 05:18:45 UTC,https://discordleaks.unicornriot.ninja/discord/view/6759905#msg
Sweet Tea,2018-03-05 05:19:39 UTC,https://discordleaks.unicornriot.ninja/discord/view/6759906#msg
Sweet Tea,2018-03-05 05:22:01 UTC,https://discordleaks.unicornriot.ninja/discord/view/6759907#msg
Sweet Tea,2018-03-05 05:22:46 UTC,https://discordleaks.unicornriot.ninja/discord/view/6759908#msg
Sweet Tea,2018-03-05 05:25:08 UTC,https://discordleaks.unicornriot.ninja/discord/view/6759909#msg
Sweet Tea,2018-03-05 08:30:52 UTC,https://discordleaks.unicornriot.ninja/discord/view/6759910#msg
Sweet Tea,2018-03-05 08:32:36 UTC,https://discordleaks.unicornriot.ninja/discord/view/6759911#msg
Sweet Tea,2018-03-05 08:58:14 UTC,https://discordleaks.unicornriot.ninja/discord/view/6759912#msg
Sweet Tea,2018-03-05 08:59:47 UTC,https://discordleaks.unicornriot.ninja/discord/view/6759913#msg
Sweet Tea,2018-03-08 23:59:43 UTC,https://discordleaks.unicornriot.ninja/discord/view/6759914#msg
Sweet Tea,2018-03-09 01:40:59 UTC,https://discordleaks.unicornriot.ninja/discord/view/6759829#msg
Sweet Tea,2018-03-09 01:41:09 UTC,https://discordleaks.unicornriot.ninja/discord/view/6759830#msg
Sweet Tea,2018-03-09 01:41:20 UTC,https://discordleaks.unicornriot.ninja/discord/view/6759831#msg
Sweet Tea,2018-03-09 01:41:29 UTC,https://discordleaks.unicornriot.ninja/discord/view/6759832#msg
Sweet Tea,2018-03-09 01:41:44 UTC,https://discordleaks.unicornriot.ninja/discord/view/6759833#msg
Sweet Tea,2018-03-09 01:41:53 UTC,https://discordleaks.unicornriot.ninja/discord/view/6759834#msg
Sweet Tea,2018-03-09 01:42:03 UTC,https://discordleaks.unicornriot.ninja/discord/view/6759835#msg
Sweet Tea,2018-03-09 01:42:50 UTC,https://discordleaks.unicornriot.ninja/discord/view/6759836#msg
Sweet Tea,2018-03-09 01:43:22 UTC,https://discordleaks.unicornriot.ninja/discord/view/6759837#msg
Sweet Tea,2018-03-09 06:23:45 UTC,https://discordleaks.unicornriot.ninja/discord/view/6759838#msg
Sweet Tea,2018-03-09 06:26:34 UTC,https://discordleaks.unicornriot.ninja/discord/view/6759839#msg
Sweet Tea,2018-03-10 17:26:16 UTC,https://discordleaks.unicornriot.ninja/discord/view/6759840#msg
Sweet Tea,2018-03-10 22:25:55 UTC,https://discordleaks.unicornriot.ninja/discord/view/6759841#msg
Sweet Tea,2018-03-16 23:55:03 UTC,https://discordleaks.unicornriot.ninja/discord/view/6759842#msg
Sweet Tea,2018-03-16 23:56:52 UTC,https://discordleaks.unicornriot.ninja/discord/view/6759843#msg
Sweet Tea,2018-03-16 23:58:18 UTC,https://discordleaks.unicornriot.ninja/discord/view/6759844#msg
Sweet Tea,2018-03-17 00:00:11 UTC,https://discordleaks.unicornriot.ninja/discord/view/6759845#msg
Sweet Tea,2018-03-17 00:00:56 UTC,https://discordleaks.unicornriot.ninja/discord/view/6759846#msg
Sweet Tea,2018-03-17 00:01:40 UTC,https://discordleaks.unicornriot.ninja/discord/view/6759847#msg
Sweet Tea,2018-03-17 00:02:15 UTC,https://discordleaks.unicornriot.ninja/discord/view/6759848#msg
Sweet Tea,2018-03-17 00:02:45 UTC,https://discordleaks.unicornriot.ninja/discord/view/6759849#msg
Sweet Tea,2018-03-17 00:03:10 UTC,https://discordleaks.unicornriot.ninja/discord/view/6759850#msg
Sweet Tea,2018-03-17 00:12:55 UTC,https://discordleaks.unicornriot.ninja/discord/view/6759851#msg
Sweet Tea,2018-03-17 00:13:06 UTC,https://discordleaks.unicornriot.ninja/discord/view/6759852#msg
Sweet Tea,2018-03-17 00:13:49 UTC,https://discordleaks.unicornriot.ninja/discord/view/6759853#msg
Sweet Tea,2018-03-17 00:14:19 UTC,https://discordleaks.unicornriot.ninja/discord/view/6759854#msg
Sweet Tea,2018-03-17 00:15:03 UTC,https://discordleaks.unicornriot.ninja/discord/view/6759855#msg
Sweet Tea,2018-03-17 00:15:51 UTC,https://discordleaks.unicornriot.ninja/discord/view/6759856#msg
Sweet Tea,2018-03-17 00:16:10 UTC,https://discordleaks.unicornriot.ninja/discord/view/6759857#msg
Sweet Tea,2018-03-17 00:16:44 UTC,https://discordleaks.unicornriot.ninja/discord/view/6759858#msg
Sweet Tea,2018-03-17 00:17:07 UTC,https://discordleaks.unicornriot.ninja/discord/view/6759859#msg
Sweet Tea,2018-03-17 00:17:37 UTC,https://discordleaks.unicornriot.ninja/discord/view/6759860#msg
Sweet Tea,2018-03-17 00:18:21 UTC,https://discordleaks.unicornriot.ninja/discord/view/6759861#msg
Sweet Tea,2018-03-17 00:19:02 UTC,https://discordleaks.unicornriot.ninja/discord/view/6759862#msg
Sweet Tea,2018-03-17 00:19:24 UTC,https://discordleaks.unicornriot.ninja/discord/view/6759863#msg
Sweet Tea,2018-03-17 00:19:49 UTC,https://discordleaks.unicornriot.ninja/discord/view/6759864#msg
Sweet Tea,2018-03-17 00:20:08 UTC,https://discordleaks.unicornriot.ninja/discord/view/6759865#msg
Sweet Tea,2018-03-17 00:20:24 UTC,https://discordleaks.unicornriot.ninja/discord/view/6759866#msg
Sweet Tea,2018-03-17 00:20:43 UTC,https://discordleaks.unicornriot.ninja/discord/view/6759867#msg
Sweet Tea,2018-03-17 00:21:07 UTC,https://discordleaks.unicornriot.ninja/discord/view/6759868#msg
Sweet Tea,2018-03-17 00:21:26 UTC,https://discordleaks.unicornriot.ninja/discord/view/6759869#msg
Sweet Tea,2018-03-17 00:21:45 UTC,https://discordleaks.unicornriot.ninja/discord/view/6759870#msg
Sweet Tea,2018-03-17 00:22:01 UTC,https://discordleaks.unicornriot.ninja/discord/view/6759871#msg
Sweet Tea,2018-03-17 00:22:22 UTC,https://discordleaks.unicornriot.ninja/discord/view/6759872#msg
Sweet Tea,2018-03-17 00:22:55 UTC,https://discordleaks.unicornriot.ninja/discord/view/6759873#msg
Sweet Tea,2018-03-17 00:23:13 UTC,https://discordleaks.unicornriot.ninja/discord/view/6759874#msg
Sweet Tea,2018-03-17 00:23:30 UTC,https://discordleaks.unicornriot.ninja/discord/view/6759875#msg
Sweet Tea,2018-03-17 00:23:56 UTC,https://discordleaks.unicornriot.ninja/discord/view/6759876#msg
Sweet Tea,2018-03-17 00:24:15 UTC,https://discordleaks.unicornriot.ninja/discord/view/6759877#msg
Sweet Tea,2018-03-17 00:24:33 UTC,https://discordleaks.unicornriot.ninja/discord/view/6759878#msg
Sweet Tea,2018-03-17 00:24:53 UTC,https://discordleaks.unicornriot.ninja/discord/view/6759779#msg
Sweet Tea,2018-03-17 00:25:18 UTC,https://discordleaks.unicornriot.ninja/discord/view/6759780#msg
Sweet Tea,2018-03-17 00:25:40 UTC,https://discordleaks.unicornriot.ninja/discord/view/6759781#msg
Sweet Tea,2018-03-17 00:26:31 UTC,https://discordleaks.unicornriot.ninja/discord/view/6759782#msg
Sweet Tea,2018-03-17 00:40:59 UTC,https://discordleaks.unicornriot.ninja/discord/view/6759783#msg
Sweet Tea,2018-03-17 19:14:27 UTC,https://discordleaks.unicornriot.ninja/discord/view/6759784#msg
Sweet Tea,2018-03-17 19:15:27 UTC,https://discordleaks.unicornriot.ninja/discord/view/6759785#msg
Sweet Tea,2018-03-17 19:17:37 UTC,https://discordleaks.unicornriot.ninja/discord/view/6759786#msg
Sweet Tea,2018-03-17 19:18:12 UTC,https://discordleaks.unicornriot.ninja/discord/view/6759787#msg
Sweet Tea,2018-03-17 19:18:31 UTC,https://discordleaks.unicornriot.ninja/discord/view/6759788#msg
Sweet Tea,2018-03-17 19:28:24 UTC,https://discordleaks.unicornriot.ninja/discord/view/6759789#msg
Sweet Tea,2018-03-18 02:18:35 UTC,https://discordleaks.unicornriot.ninja/discord/view/6759790#msg
Sweet Tea,2018-03-18 05:07:50 UTC,https://discordleaks.unicornriot.ninja/discord/view/6759791#msg
Sweet Tea,2018-03-18 23:29:33 UTC,https://discordleaks.unicornriot.ninja/discord/view/6759792#msg
Sweet Tea,2018-03-18 23:54:40 UTC,https://discordleaks.unicornriot.ninja/discord/view/6759793#msg
Sweet Tea,2018-03-18 23:55:37 UTC,https://discordleaks.unicornriot.ninja/discord/view/6759794#msg
Sweet Tea,2018-03-18 23:58:29 UTC,https://discordleaks.unicornriot.ninja/discord/view/6759795#msg
Sweet Tea,2018-03-18 23:58:38 UTC,https://discordleaks.unicornriot.ninja/discord/view/6759796#msg
Sweet Tea,2018-03-19 09:43:13 UTC,https://discordleaks.unicornriot.ninja/discord/view/6759797#msg
Sweet Tea,2018-03-19 10:54:33 UTC,https://discordleaks.unicornriot.ninja/discord/view/6759798#msg
Nightwolf.j2,2018-03-19 12:09:58 UTC,https://discordleaks.unicornriot.ninja/discord/view/6759799#msg
Sweet Tea,2018-03-19 23:59:56 UTC,https://discordleaks.unicornriot.ninja/discord/view/6759800#msg
Sweet Tea,2018-03-20 00:15:13 UTC,https://discordleaks.unicornriot.ninja/discord/view/6759801#msg
Sweet Tea,2018-03-20 00:16:47 UTC,https://discordleaks.unicornriot.ninja/discord/view/6759802#msg
Sweet Tea,2018-03-20 00:17:16 UTC,https://discordleaks.unicornriot.ninja/discord/view/6759803#msg
Sweet Tea,2018-03-20 00:18:09 UTC,https://discordleaks.unicornriot.ninja/discord/view/6759804#msg
Sweet Tea,2018-03-20 00:18:55 UTC,https://discordleaks.unicornriot.ninja/discord/view/6759805#msg
Sweet Tea,2018-03-20 00:21:11 UTC,https://discordleaks.unicornriot.ninja/discord/view/6759806#msg
Sweet Tea,2018-03-20 00:21:32 UTC,https://discordleaks.unicornriot.ninja/discord/view/6759807#msg
Sweet Tea,2018-03-20 00:23:13 UTC,https://discordleaks.unicornriot.ninja/discord/view/6759808#msg
Sweet Tea,2018-03-20 00:24:41 UTC,https://discordleaks.unicornriot.ninja/discord/view/6759809#msg
Sweet Tea,2018-03-20 00:25:20 UTC,https://discordleaks.unicornriot.ninja/discord/view/6759810#msg
Sweet Tea,2018-03-20 00:25:46 UTC,https://discordleaks.unicornriot.ninja/discord/view/6759811#msg
Sweet Tea,2018-03-20 00:26:10 UTC,https://discordleaks.unicornriot.ninja/discord/view/6759812#msg
Sweet Tea,2018-03-20 00:26:38 UTC,https://discordleaks.unicornriot.ninja/discord/view/6759813#msg
Sweet Tea,2018-03-20 00:27:02 UTC,https://discordleaks.unicornriot.ninja/discord/view/6759814#msg
Sweet Tea,2018-03-20 00:27:31 UTC,https://discordleaks.unicornriot.ninja/discord/view/6759815#msg
Sweet Tea,2018-03-20 00:27:56 UTC,https://discordleaks.unicornriot.ninja/discord/view/6759816#msg
Sweet Tea,2018-03-20 00:29:01 UTC,https://discordleaks.unicornriot.ninja/discord/view/6759817#msg
Sweet Tea,2018-03-20 04:50:20 UTC,https://discordleaks.unicornriot.ninja/discord/view/6759818#msg
Sweet Tea,2018-03-20 04:57:48 UTC,https://discordleaks.unicornriot.ninja/discord/view/6759819#msg
Nightwolf.j2,2018-03-21 10:06:21 UTC,https://discordleaks.unicornriot.ninja/discord/view/6759820#msg
Nightwolf.j2,2018-03-21 10:06:34 UTC,https://discordleaks.unicornriot.ninja/discord/view/6759821#msg
Sweet Tea,2018-03-22 16:07:28 UTC,https://discordleaks.unicornriot.ninja/discord/view/6759822#msg
Romans 6,2018-03-24 16:02:42 UTC,https://discordleaks.unicornriot.ninja/discord/view/6759823#msg
MamaLana Sourdough,2018-04-03 04:15:07 UTC,https://discordleaks.unicornriot.ninja/discord/view/6759824#msg
AnonBB,2018-04-03 07:10:09 UTC,https://discordleaks.unicornriot.ninja/discord/view/6759825#msg
MamaLana Sourdough,2018-05-20 15:27:48 UTC,https://discordleaks.unicornriot.ninja/discord/view/6759826#msg
AnonBB,2018-05-22 07:41:55 UTC,https://discordleaks.unicornriot.ninja/discord/view/6759827#msg
MamaLana Sourdough,2018-09-29 02:02:19 UTC,https://discordleaks.unicornriot.ninja/discord/view/6759828#msg
