USER,META,LINK,ATTACHMENTS
Malikstotle,2018-02-20 22:36:26 UTC,https://discordleaks.unicornriot.ninja/discord/view/6898305#msg
Malikstotle,2018-02-20 22:36:42 UTC,https://discordleaks.unicornriot.ninja/discord/view/6898306#msg
Malikstotle,2018-02-20 22:36:50 UTC,https://discordleaks.unicornriot.ninja/discord/view/6898307#msg
Deleted User,2018-02-20 22:37:20 UTC,https://discordleaks.unicornriot.ninja/discord/view/6898308#msg
Malikstotle,2018-02-20 22:37:43 UTC,https://discordleaks.unicornriot.ninja/discord/view/6898309#msg
Malikstotle,2018-02-20 22:38:02 UTC,https://discordleaks.unicornriot.ninja/discord/view/6898310#msg
Malikstotle,2018-02-20 22:38:18 UTC,https://discordleaks.unicornriot.ninja/discord/view/6898311#msg
Malikstotle,2018-02-20 22:38:27 UTC,https://discordleaks.unicornriot.ninja/discord/view/6898312#msg
Deleted User,2018-02-20 22:39:13 UTC,https://discordleaks.unicornriot.ninja/discord/view/6898313#msg
Malikstotle,2018-02-20 22:40:30 UTC,https://discordleaks.unicornriot.ninja/discord/view/6898314#msg
Malikstotle,2018-02-20 22:40:59 UTC,https://discordleaks.unicornriot.ninja/discord/view/6898315#msg
Deleted User,2018-02-20 22:42:51 UTC,https://discordleaks.unicornriot.ninja/discord/view/6898316#msg
Malikstotle,2018-02-20 22:42:53 UTC,https://discordleaks.unicornriot.ninja/discord/view/6898317#msg
Malikstotle,2018-02-20 22:43:36 UTC,https://discordleaks.unicornriot.ninja/discord/view/6898318#msg
Malikstotle,2018-02-20 22:43:48 UTC,https://discordleaks.unicornriot.ninja/discord/view/6898319#msg
Deleted User,2018-02-20 22:44:06 UTC,https://discordleaks.unicornriot.ninja/discord/view/6898320#msg
Malikstotle,2018-02-20 22:44:06 UTC,https://discordleaks.unicornriot.ninja/discord/view/6898321#msg
Deleted User,2018-02-20 22:45:01 UTC,https://discordleaks.unicornriot.ninja/discord/view/6898322#msg
Malikstotle,2018-02-20 22:45:58 UTC,https://discordleaks.unicornriot.ninja/discord/view/6898323#msg
lmbd,2018-02-21 00:41:30 UTC,https://discordleaks.unicornriot.ninja/discord/view/6898255#msg
Drizzt,2018-02-21 01:38:26 UTC,https://discordleaks.unicornriot.ninja/discord/view/6898256#msg
Drizzt,2018-02-21 01:39:09 UTC,https://discordleaks.unicornriot.ninja/discord/view/6898257#msg
Drizzt,2018-02-21 01:40:41 UTC,https://discordleaks.unicornriot.ninja/discord/view/6898258#msg
Drizzt,2018-02-21 01:41:34 UTC,https://discordleaks.unicornriot.ninja/discord/view/6898259#msg
Drizzt,2018-02-21 01:43:17 UTC,https://discordleaks.unicornriot.ninja/discord/view/6898260#msg
LemonyFresh,2018-02-21 02:57:06 UTC,https://discordleaks.unicornriot.ninja/discord/view/6898261#msg
Eureka,2018-02-21 12:44:09 UTC,https://discordleaks.unicornriot.ninja/discord/view/6898262#msg
Smooperman,2018-02-21 12:45:05 UTC,https://discordleaks.unicornriot.ninja/discord/view/6898263#msg
Smooperman,2018-02-21 12:45:31 UTC,https://discordleaks.unicornriot.ninja/discord/view/6898264#msg
Smooperman,2018-02-21 12:45:44 UTC,https://discordleaks.unicornriot.ninja/discord/view/6898265#msg
Dennis J,2018-02-21 13:00:03 UTC,https://discordleaks.unicornriot.ninja/discord/view/6898266#msg
stella yfantidis,2018-02-21 14:19:58 UTC,https://discordleaks.unicornriot.ninja/discord/view/6898267#msg
christinabluehearts,2018-02-21 14:32:20 UTC,https://discordleaks.unicornriot.ninja/discord/view/6898268#msg
One soul me,2018-02-21 15:15:20 UTC,https://discordleaks.unicornriot.ninja/discord/view/6898269#msg
shrry0000,2018-02-21 15:34:03 UTC,https://discordleaks.unicornriot.ninja/discord/view/6898270#msg
shadow,2018-02-21 15:34:36 UTC,https://discordleaks.unicornriot.ninja/discord/view/6898271#msg
shrry0000,2018-02-21 15:35:11 UTC,https://discordleaks.unicornriot.ninja/discord/view/6898272#msg
Dustin Nemos,2018-02-21 16:09:28 UTC,https://discordleaks.unicornriot.ninja/discord/view/6898273#msg
One soul me,2018-02-21 17:09:16 UTC,https://discordleaks.unicornriot.ninja/discord/view/6898274#msg
One soul me,2018-02-21 17:11:13 UTC,https://discordleaks.unicornriot.ninja/discord/view/6898275#msg
One soul me,2018-02-21 17:14:30 UTC,https://discordleaks.unicornriot.ninja/discord/view/6898276#msg
hansolo_711,2018-02-21 20:01:27 UTC,https://discordleaks.unicornriot.ninja/discord/view/6898277#msg
hansolo_711,2018-02-21 20:07:05 UTC,https://discordleaks.unicornriot.ninja/discord/view/6898278#msg
hansolo_711,2018-02-21 20:08:00 UTC,https://discordleaks.unicornriot.ninja/discord/view/6898279#msg
Deleted User,2018-02-21 20:08:30 UTC,https://discordleaks.unicornriot.ninja/discord/view/6898280#msg
hansolo_711,2018-02-21 20:08:41 UTC,https://discordleaks.unicornriot.ninja/discord/view/6898281#msg
hansolo_711,2018-02-21 20:08:49 UTC,https://discordleaks.unicornriot.ninja/discord/view/6898282#msg
hansolo_711,2018-02-21 20:09:47 UTC,https://discordleaks.unicornriot.ninja/discord/view/6898283#msg
hansolo_711,2018-02-21 20:10:13 UTC,https://discordleaks.unicornriot.ninja/discord/view/6898284#msg
Deleted User,2018-02-21 20:10:15 UTC,https://discordleaks.unicornriot.ninja/discord/view/6898285#msg
hansolo_711,2018-02-21 20:10:24 UTC,https://discordleaks.unicornriot.ninja/discord/view/6898286#msg
hansolo_711,2018-02-21 20:10:31 UTC,https://discordleaks.unicornriot.ninja/discord/view/6898287#msg
hansolo_711,2018-02-21 20:10:46 UTC,https://discordleaks.unicornriot.ninja/discord/view/6898288#msg
hansolo_711,2018-02-21 20:11:57 UTC,https://discordleaks.unicornriot.ninja/discord/view/6898289#msg
Deleted User,2018-02-21 20:13:04 UTC,https://discordleaks.unicornriot.ninja/discord/view/6898290#msg
hansolo_711,2018-02-21 20:13:39 UTC,https://discordleaks.unicornriot.ninja/discord/view/6898291#msg
hansolo_711,2018-02-21 20:14:26 UTC,https://discordleaks.unicornriot.ninja/discord/view/6898292#msg
hansolo_711,2018-02-21 20:15:20 UTC,https://discordleaks.unicornriot.ninja/discord/view/6898293#msg
Deleted User,2018-02-21 20:16:06 UTC,https://discordleaks.unicornriot.ninja/discord/view/6898294#msg
Deleted User,2018-02-21 20:16:27 UTC,https://discordleaks.unicornriot.ninja/discord/view/6898295#msg
hansolo_711,2018-02-21 20:16:51 UTC,https://discordleaks.unicornriot.ninja/discord/view/6898296#msg
hansolo_711,2018-02-21 20:17:26 UTC,https://discordleaks.unicornriot.ninja/discord/view/6898297#msg
Deleted User,2018-02-21 20:18:11 UTC,https://discordleaks.unicornriot.ninja/discord/view/6898298#msg
hansolo_711,2018-02-21 20:18:19 UTC,https://discordleaks.unicornriot.ninja/discord/view/6898299#msg
hansolo_711,2018-02-21 20:19:22 UTC,https://discordleaks.unicornriot.ninja/discord/view/6898300#msg
hansolo_711,2018-02-21 20:20:54 UTC,https://discordleaks.unicornriot.ninja/discord/view/6898301#msg
Deleted User,2018-02-21 20:22:29 UTC,https://discordleaks.unicornriot.ninja/discord/view/6898302#msg
hansolo_711,2018-02-21 20:23:37 UTC,https://discordleaks.unicornriot.ninja/discord/view/6898303#msg
hansolo_711,2018-02-21 20:24:00 UTC,https://discordleaks.unicornriot.ninja/discord/view/6898304#msg
hansolo_711,2018-02-21 20:24:10 UTC,https://discordleaks.unicornriot.ninja/discord/view/6898205#msg
Deleted User,2018-02-21 20:24:37 UTC,https://discordleaks.unicornriot.ninja/discord/view/6898206#msg
Deleted User,2018-02-21 20:24:47 UTC,https://discordleaks.unicornriot.ninja/discord/view/6898207#msg
hansolo_711,2018-02-21 20:25:08 UTC,https://discordleaks.unicornriot.ninja/discord/view/6898208#msg
Deleted User,2018-02-21 20:25:37 UTC,https://discordleaks.unicornriot.ninja/discord/view/6898209#msg
SRVN,2018-02-21 22:11:15 UTC,https://discordleaks.unicornriot.ninja/discord/view/6898210#msg
Malikstotle,2018-02-21 22:43:34 UTC,https://discordleaks.unicornriot.ninja/discord/view/6898211#msg
Malikstotle,2018-02-21 22:43:54 UTC,https://discordleaks.unicornriot.ninja/discord/view/6898212#msg
Deleted User,2018-02-22 00:26:11 UTC,https://discordleaks.unicornriot.ninja/discord/view/6898213#msg
ZiggenVox,2018-02-23 01:02:48 UTC,https://discordleaks.unicornriot.ninja/discord/view/6898214#msg
Squirrels,2018-02-23 03:54:20 UTC,https://discordleaks.unicornriot.ninja/discord/view/6898215#msg
Deleted User,2018-02-23 18:54:48 UTC,https://discordleaks.unicornriot.ninja/discord/view/6898216#msg
Deleted User,2018-02-23 18:55:08 UTC,https://discordleaks.unicornriot.ninja/discord/view/6898217#msg
Mr X,2018-02-24 05:10:23 UTC,https://discordleaks.unicornriot.ninja/discord/view/6898218#msg
lmbd,2018-02-24 05:16:45 UTC,https://discordleaks.unicornriot.ninja/discord/view/6898219#msg
Mr X,2018-02-24 05:18:10 UTC,https://discordleaks.unicornriot.ninja/discord/view/6898220#msg
lmbd,2018-02-24 05:21:59 UTC,https://discordleaks.unicornriot.ninja/discord/view/6898221#msg
Deleted User,2018-02-24 06:48:57 UTC,https://discordleaks.unicornriot.ninja/discord/view/6898222#msg
Deleted User,2018-02-24 06:48:59 UTC,https://discordleaks.unicornriot.ninja/discord/view/6898223#msg
lmbd,2018-02-24 06:50:16 UTC,https://discordleaks.unicornriot.ninja/discord/view/6898224#msg
Deleted User,2018-02-24 06:50:47 UTC,https://discordleaks.unicornriot.ninja/discord/view/6898225#msg
malemz,2018-02-24 07:28:46 UTC,https://discordleaks.unicornriot.ninja/discord/view/6898226#msg
curiousgirl,2018-02-24 13:18:54 UTC,https://discordleaks.unicornriot.ninja/discord/view/6898227#msg
curiousgirl,2018-02-24 13:19:05 UTC,https://discordleaks.unicornriot.ninja/discord/view/6898228#msg
curiousgirl,2018-02-24 13:19:24 UTC,https://discordleaks.unicornriot.ninja/discord/view/6898229#msg
curiousgirl,2018-02-24 13:19:49 UTC,https://discordleaks.unicornriot.ninja/discord/view/6898230#msg
lmbd,2018-02-24 15:52:48 UTC,https://discordleaks.unicornriot.ninja/discord/view/6898231#msg
lmbd,2018-02-24 15:53:50 UTC,https://discordleaks.unicornriot.ninja/discord/view/6898232#msg
Deleted User,2018-02-24 15:55:17 UTC,https://discordleaks.unicornriot.ninja/discord/view/6898233#msg
Deleted User,2018-02-24 15:55:23 UTC,https://discordleaks.unicornriot.ninja/discord/view/6898234#msg
Deleted User,2018-02-24 15:55:24 UTC,https://discordleaks.unicornriot.ninja/discord/view/6898235#msg
Deleted User,2018-02-24 15:55:55 UTC,https://discordleaks.unicornriot.ninja/discord/view/6898236#msg
Deleted User,2018-02-24 15:56:26 UTC,https://discordleaks.unicornriot.ninja/discord/view/6898237#msg
lmbd,2018-02-24 15:57:18 UTC,https://discordleaks.unicornriot.ninja/discord/view/6898238#msg
Deleted User,2018-02-24 15:57:54 UTC,https://discordleaks.unicornriot.ninja/discord/view/6898239#msg
Romans 6,2018-02-24 20:12:40 UTC,https://discordleaks.unicornriot.ninja/discord/view/6898240#msg
Romans 6,2018-02-24 20:12:52 UTC,https://discordleaks.unicornriot.ninja/discord/view/6898241#msg
kasi,2018-02-24 23:09:24 UTC,https://discordleaks.unicornriot.ninja/discord/view/6898242#msg
kasi,2018-02-24 23:09:30 UTC,https://discordleaks.unicornriot.ninja/discord/view/6898243#msg
kasi,2018-02-24 23:09:53 UTC,https://discordleaks.unicornriot.ninja/discord/view/6898244#msg
kasi,2018-02-24 23:10:49 UTC,https://discordleaks.unicornriot.ninja/discord/view/6898245#msg
kasi,2018-02-24 23:11:26 UTC,https://discordleaks.unicornriot.ninja/discord/view/6898246#msg
Drizzt,2018-02-25 00:10:56 UTC,https://discordleaks.unicornriot.ninja/discord/view/6898247#msg
Drizzt,2018-02-25 00:11:01 UTC,https://discordleaks.unicornriot.ninja/discord/view/6898248#msg
Dustin Nemos,2018-02-25 06:50:04 UTC,https://discordleaks.unicornriot.ninja/discord/view/6898249#msg
SKOOBIE,2018-02-25 16:38:53 UTC,https://discordleaks.unicornriot.ninja/discord/view/6898250#msg
MAGANON,2018-02-25 21:42:02 UTC,https://discordleaks.unicornriot.ninja/discord/view/6898251#msg
kasi,2018-02-26 13:32:49 UTC,https://discordleaks.unicornriot.ninja/discord/view/6898252#msg
kasi,2018-02-26 13:34:04 UTC,https://discordleaks.unicornriot.ninja/discord/view/6898253#msg
lmbd,2018-02-26 13:35:35 UTC,https://discordleaks.unicornriot.ninja/discord/view/6898254#msg
kasi,2018-02-26 13:35:51 UTC,https://discordleaks.unicornriot.ninja/discord/view/6898155#msg
kasi,2018-02-26 13:36:44 UTC,https://discordleaks.unicornriot.ninja/discord/view/6898156#msg
Dustin Nemos,2018-02-26 16:37:13 UTC,https://discordleaks.unicornriot.ninja/discord/view/6898157#msg
Saintlady9,2018-02-27 00:52:50 UTC,https://discordleaks.unicornriot.ninja/discord/view/6898158#msg
MAGANON,2018-02-27 14:19:28 UTC,https://discordleaks.unicornriot.ninja/discord/view/6898159#msg
Dustin Nemos,2018-02-27 23:18:40 UTC,https://discordleaks.unicornriot.ninja/discord/view/6898160#msg
Dustin Nemos,2018-02-27 23:18:43 UTC,https://discordleaks.unicornriot.ninja/discord/view/6898161#msg
Dustin Nemos,2018-02-28 00:20:02 UTC,https://discordleaks.unicornriot.ninja/discord/view/6898162#msg
Dustin Nemos,2018-02-28 00:20:08 UTC,https://discordleaks.unicornriot.ninja/discord/view/6898163#msg
natxlaw,2018-02-28 00:47:20 UTC,https://discordleaks.unicornriot.ninja/discord/view/6898164#msg
natxlaw,2018-02-28 02:51:51 UTC,https://discordleaks.unicornriot.ninja/discord/view/6898165#msg
natxlaw,2018-02-28 02:52:53 UTC,https://discordleaks.unicornriot.ninja/discord/view/6898166#msg
natxlaw,2018-02-28 02:53:25 UTC,https://discordleaks.unicornriot.ninja/discord/view/6898167#msg
Saintlady9,2018-02-28 02:58:14 UTC,https://discordleaks.unicornriot.ninja/discord/view/6898168#msg
LaserTrain,2018-02-28 02:59:03 UTC,https://discordleaks.unicornriot.ninja/discord/view/6898169#msg
Tony Montana,2018-02-28 05:42:03 UTC,https://discordleaks.unicornriot.ninja/discord/view/6898170#msg
lmbd,2018-02-28 05:51:10 UTC,https://discordleaks.unicornriot.ninja/discord/view/6898171#msg
lmbd,2018-02-28 05:52:07 UTC,https://discordleaks.unicornriot.ninja/discord/view/6898172#msg
Dustin Nemos,2018-02-28 06:00:19 UTC,https://discordleaks.unicornriot.ninja/discord/view/6898173#msg
LaserTrain,2018-02-28 06:00:26 UTC,https://discordleaks.unicornriot.ninja/discord/view/6898174#msg
Dustin Nemos,2018-02-28 06:00:33 UTC,https://discordleaks.unicornriot.ninja/discord/view/6898175#msg
Dustin Nemos,2018-02-28 06:00:56 UTC,https://discordleaks.unicornriot.ninja/discord/view/6898176#msg
Tony Montana,2018-02-28 06:00:59 UTC,https://discordleaks.unicornriot.ninja/discord/view/6898177#msg
Tony Montana,2018-02-28 06:01:13 UTC,https://discordleaks.unicornriot.ninja/discord/view/6898178#msg
Tony Montana,2018-02-28 06:01:26 UTC,https://discordleaks.unicornriot.ninja/discord/view/6898179#msg
LaserTrain,2018-02-28 06:03:21 UTC,https://discordleaks.unicornriot.ninja/discord/view/6898180#msg
Dustin Nemos,2018-02-28 06:05:50 UTC,https://discordleaks.unicornriot.ninja/discord/view/6898181#msg
Dustin Nemos,2018-02-28 06:33:08 UTC,https://discordleaks.unicornriot.ninja/discord/view/6898182#msg
SirW00f,2018-02-28 13:29:34 UTC,https://discordleaks.unicornriot.ninja/discord/view/6898183#msg
lmbd,2018-02-28 13:33:50 UTC,https://discordleaks.unicornriot.ninja/discord/view/6898184#msg
SirW00f,2018-02-28 13:34:22 UTC,https://discordleaks.unicornriot.ninja/discord/view/6898185#msg
SirW00f,2018-02-28 13:37:05 UTC,https://discordleaks.unicornriot.ninja/discord/view/6898186#msg
SirW00f,2018-02-28 13:38:33 UTC,https://discordleaks.unicornriot.ninja/discord/view/6898187#msg
SirW00f,2018-02-28 13:39:45 UTC,https://discordleaks.unicornriot.ninja/discord/view/6898188#msg
lmbd,2018-02-28 13:45:27 UTC,https://discordleaks.unicornriot.ninja/discord/view/6898189#msg
SoJr,2018-03-01 04:02:47 UTC,https://discordleaks.unicornriot.ninja/discord/view/6898190#msg
SoJr,2018-03-01 04:03:15 UTC,https://discordleaks.unicornriot.ninja/discord/view/6898191#msg
Dustin Nemos,2018-03-01 15:46:23 UTC,https://discordleaks.unicornriot.ninja/discord/view/6898192#msg
Dustin Nemos,2018-03-01 15:46:42 UTC,https://discordleaks.unicornriot.ninja/discord/view/6898193#msg
Dustin Nemos,2018-03-01 15:47:27 UTC,https://discordleaks.unicornriot.ninja/discord/view/6898194#msg
Dustin Nemos,2018-03-01 17:03:37 UTC,https://discordleaks.unicornriot.ninja/discord/view/6898195#msg
Dustin Nemos,2018-03-01 17:03:42 UTC,https://discordleaks.unicornriot.ninja/discord/view/6898196#msg
Malikstotle,2018-03-02 19:08:37 UTC,https://discordleaks.unicornriot.ninja/discord/view/6898197#msg
Stofke86,2018-03-07 23:04:35 UTC,https://discordleaks.unicornriot.ninja/discord/view/6898198#msg
Malikstotle,2018-03-08 02:07:09 UTC,https://discordleaks.unicornriot.ninja/discord/view/6898199#msg
Dustin Nemos,2018-03-09 02:07:45 UTC,https://discordleaks.unicornriot.ninja/discord/view/6898200#msg
Dustin Nemos,2018-03-09 02:07:51 UTC,https://discordleaks.unicornriot.ninja/discord/view/6898201#msg
Malikstotle,2018-03-10 08:06:44 UTC,https://discordleaks.unicornriot.ninja/discord/view/6898202#msg
Malikstotle,2018-03-10 08:07:13 UTC,https://discordleaks.unicornriot.ninja/discord/view/6898203#msg
Malikstotle,2018-03-10 08:07:41 UTC,https://discordleaks.unicornriot.ninja/discord/view/6898204#msg
Malikstotle,2018-03-10 08:08:02 UTC,https://discordleaks.unicornriot.ninja/discord/view/6898105#msg
lmbd,2018-03-10 13:48:52 UTC,https://discordleaks.unicornriot.ninja/discord/view/6898106#msg
Deleted User,2018-03-14 16:16:44 UTC,https://discordleaks.unicornriot.ninja/discord/view/6898107#msg
Deleted User,2018-03-14 16:16:51 UTC,https://discordleaks.unicornriot.ninja/discord/view/6898108#msg
Watershed,2018-03-14 16:19:40 UTC,https://discordleaks.unicornriot.ninja/discord/view/6898109#msg
Crystal,2018-03-14 17:15:12 UTC,https://discordleaks.unicornriot.ninja/discord/view/6898110#msg
Crystal,2018-03-14 17:18:15 UTC,https://discordleaks.unicornriot.ninja/discord/view/6898111#msg
Crystal,2018-03-14 17:19:27 UTC,https://discordleaks.unicornriot.ninja/discord/view/6898112#msg
Crystal,2018-03-14 17:20:18 UTC,https://discordleaks.unicornriot.ninja/discord/view/6898113#msg
lmbd,2018-03-14 17:25:52 UTC,https://discordleaks.unicornriot.ninja/discord/view/6898114#msg
Crystal,2018-03-14 18:44:50 UTC,https://discordleaks.unicornriot.ninja/discord/view/6898115#msg
lmbd,2018-03-14 18:47:28 UTC,https://discordleaks.unicornriot.ninja/discord/view/6898116#msg
Crystal,2018-03-14 18:50:57 UTC,https://discordleaks.unicornriot.ninja/discord/view/6898117#msg
Crystal,2018-03-14 18:51:50 UTC,https://discordleaks.unicornriot.ninja/discord/view/6898118#msg
Crystal,2018-03-14 18:52:57 UTC,https://discordleaks.unicornriot.ninja/discord/view/6898119#msg
lmbd,2018-03-14 19:09:30 UTC,https://discordleaks.unicornriot.ninja/discord/view/6898120#msg
Masterofpa,2018-03-19 15:22:14 UTC,https://discordleaks.unicornriot.ninja/discord/view/6898121#msg
ELFseeds,2018-03-21 18:56:21 UTC,https://discordleaks.unicornriot.ninja/discord/view/6898122#msg
skikity,2018-03-24 02:15:43 UTC,https://discordleaks.unicornriot.ninja/discord/view/6898123#msg
Malikstotle,2018-03-28 18:52:37 UTC,https://discordleaks.unicornriot.ninja/discord/view/6898124#msg
Malikstotle,2018-03-28 18:53:33 UTC,https://discordleaks.unicornriot.ninja/discord/view/6898125#msg
Malikstotle,2018-03-28 18:54:01 UTC,https://discordleaks.unicornriot.ninja/discord/view/6898126#msg
Malikstotle,2018-03-28 18:54:10 UTC,https://discordleaks.unicornriot.ninja/discord/view/6898127#msg
Malikstotle,2018-03-28 18:55:26 UTC,https://discordleaks.unicornriot.ninja/discord/view/6898128#msg
FaceofFreedom,2018-03-28 18:56:36 UTC,https://discordleaks.unicornriot.ninja/discord/view/6898129#msg
Malikstotle,2018-03-28 19:22:31 UTC,https://discordleaks.unicornriot.ninja/discord/view/6898130#msg
FaceofFreedom,2018-03-28 20:53:39 UTC,https://discordleaks.unicornriot.ninja/discord/view/6898131#msg
Nailgirl65,2018-04-07 01:30:36 UTC,https://discordleaks.unicornriot.ninja/discord/view/6898132#msg
Deleted User,2018-04-07 15:53:20 UTC,https://discordleaks.unicornriot.ninja/discord/view/6898133#msg
BritAnon,2018-04-09 18:11:16 UTC,https://discordleaks.unicornriot.ninja/discord/view/6898134#msg
Dustin Nemos,2018-04-10 02:49:08 UTC,https://discordleaks.unicornriot.ninja/discord/view/6898135#msg
Dustin Nemos,2018-04-10 23:06:25 UTC,https://discordleaks.unicornriot.ninja/discord/view/6898136#msg
nistasia,2018-04-11 00:06:23 UTC,https://discordleaks.unicornriot.ninja/discord/view/6898137#msg
nistasia,2018-04-11 00:07:19 UTC,https://discordleaks.unicornriot.ninja/discord/view/6898138#msg
Dustin Nemos,2018-04-11 00:19:20 UTC,https://discordleaks.unicornriot.ninja/discord/view/6898139#msg
Dustin Nemos,2018-04-11 00:19:27 UTC,https://discordleaks.unicornriot.ninja/discord/view/6898140#msg
Dustin Nemos,2018-04-11 00:19:38 UTC,https://discordleaks.unicornriot.ninja/discord/view/6898141#msg
Dustin Nemos,2018-04-11 00:19:44 UTC,https://discordleaks.unicornriot.ninja/discord/view/6898142#msg
Dustin Nemos,2018-04-11 00:19:48 UTC,https://discordleaks.unicornriot.ninja/discord/view/6898143#msg
nistasia,2018-04-11 00:23:32 UTC,https://discordleaks.unicornriot.ninja/discord/view/6898144#msg
Dustin Nemos,2018-04-11 01:58:40 UTC,https://discordleaks.unicornriot.ninja/discord/view/6898145#msg
Dustin Nemos,2018-04-11 01:59:14 UTC,https://discordleaks.unicornriot.ninja/discord/view/6898146#msg
Dustin Nemos,2018-04-11 01:59:26 UTC,https://discordleaks.unicornriot.ninja/discord/view/6898147#msg
Dustin Nemos,2018-04-11 01:59:41 UTC,https://discordleaks.unicornriot.ninja/discord/view/6898148#msg
nistasia,2018-04-11 02:09:15 UTC,https://discordleaks.unicornriot.ninja/discord/view/6898149#msg
Dustin Nemos,2018-04-11 02:10:00 UTC,https://discordleaks.unicornriot.ninja/discord/view/6898150#msg
Dustin Nemos,2018-04-11 04:07:53 UTC,https://discordleaks.unicornriot.ninja/discord/view/6898151#msg
Watershed,2018-04-11 13:18:58 UTC,https://discordleaks.unicornriot.ninja/discord/view/6898152#msg
Potatolivesmatter,2018-04-15 00:44:58 UTC,https://discordleaks.unicornriot.ninja/discord/view/6898153#msg
Potatolivesmatter,2018-04-15 00:45:26 UTC,https://discordleaks.unicornriot.ninja/discord/view/6898154#msg
FaceofFreedom,2018-04-15 15:25:15 UTC,https://discordleaks.unicornriot.ninja/discord/view/6898055#msg
Malikstotle,2018-04-23 23:49:00 UTC,https://discordleaks.unicornriot.ninja/discord/view/6898056#msg
Malikstotle,2018-04-23 23:49:10 UTC,https://discordleaks.unicornriot.ninja/discord/view/6898057#msg
Malikstotle,2018-04-23 23:49:24 UTC,https://discordleaks.unicornriot.ninja/discord/view/6898058#msg
Dustin Nemos,2018-04-26 03:32:56 UTC,https://discordleaks.unicornriot.ninja/discord/view/6898059#msg
Dustin Nemos,2018-04-26 03:33:05 UTC,https://discordleaks.unicornriot.ninja/discord/view/6898060#msg
Dustin Nemos,2018-04-26 03:47:47 UTC,https://discordleaks.unicornriot.ninja/discord/view/6898061#msg
Dustin Nemos,2018-04-26 03:48:06 UTC,https://discordleaks.unicornriot.ninja/discord/view/6898062#msg
Dustin Nemos,2018-04-26 03:48:10 UTC,https://discordleaks.unicornriot.ninja/discord/view/6898063#msg
Dustin Nemos,2018-04-26 03:48:12 UTC,https://discordleaks.unicornriot.ninja/discord/view/6898064#msg
Dustin Nemos,2018-04-26 03:48:13 UTC,https://discordleaks.unicornriot.ninja/discord/view/6898065#msg
Chase,2018-04-27 05:58:17 UTC,https://discordleaks.unicornriot.ninja/discord/view/6898066#msg
Chase,2018-04-27 05:58:18 UTC,https://discordleaks.unicornriot.ninja/discord/view/6898067#msg
Chase,2018-04-27 05:58:22 UTC,https://discordleaks.unicornriot.ninja/discord/view/6898068#msg
Dustin Nemos,2018-04-30 01:10:23 UTC,https://discordleaks.unicornriot.ninja/discord/view/6898069#msg
Deleted User,2018-04-30 02:50:32 UTC,https://discordleaks.unicornriot.ninja/discord/view/6898070#msg
Chase,2018-05-04 01:11:42 UTC,https://discordleaks.unicornriot.ninja/discord/view/6898071#msg
Chase,2018-05-04 01:11:58 UTC,https://discordleaks.unicornriot.ninja/discord/view/6898072#msg
Matty,2018-05-23 06:21:24 UTC,https://discordleaks.unicornriot.ninja/discord/view/6898073#msg
Matty,2018-05-23 06:22:34 UTC,https://discordleaks.unicornriot.ninja/discord/view/6898074#msg
Chase,2018-05-27 21:29:35 UTC,https://discordleaks.unicornriot.ninja/discord/view/6898075#msg
Chase,2018-05-27 21:30:02 UTC,https://discordleaks.unicornriot.ninja/discord/view/6898076#msg
Chase,2018-05-27 21:30:11 UTC,https://discordleaks.unicornriot.ninja/discord/view/6898077#msg
Chase,2018-05-27 21:30:20 UTC,https://discordleaks.unicornriot.ninja/discord/view/6898078#msg
Chase,2018-05-27 21:30:41 UTC,https://discordleaks.unicornriot.ninja/discord/view/6898079#msg
creepyAnon,2018-05-29 18:07:28 UTC,https://discordleaks.unicornriot.ninja/discord/view/6898080#msg
creepyAnon,2018-05-29 18:07:36 UTC,https://discordleaks.unicornriot.ninja/discord/view/6898081#msg
creepyAnon,2018-05-29 18:07:49 UTC,https://discordleaks.unicornriot.ninja/discord/view/6898082#msg
Malikstotle,2018-05-30 05:46:48 UTC,https://discordleaks.unicornriot.ninja/discord/view/6898083#msg
Malikstotle,2018-05-30 05:50:10 UTC,https://discordleaks.unicornriot.ninja/discord/view/6898084#msg
creepyAnon,2018-05-31 06:54:43 UTC,https://discordleaks.unicornriot.ninja/discord/view/6898085#msg
Wnccrypto,2018-07-16 21:06:36 UTC,https://discordleaks.unicornriot.ninja/discord/view/6898086#msg
Dustin Nemos,2018-09-01 18:11:00 UTC,https://discordleaks.unicornriot.ninja/discord/view/6898087#msg
Dustin Nemos,2018-09-01 18:11:04 UTC,https://discordleaks.unicornriot.ninja/discord/view/6898088#msg
D3M0_Anon,2018-09-24 20:04:35 UTC,https://discordleaks.unicornriot.ninja/discord/view/6898089#msg
D3M0_Anon,2018-09-24 20:04:39 UTC,https://discordleaks.unicornriot.ninja/discord/view/6898090#msg
lmbd,2018-09-24 20:16:28 UTC,https://discordleaks.unicornriot.ninja/discord/view/6898091#msg
HOBGOB,2018-10-01 04:27:20 UTC,https://discordleaks.unicornriot.ninja/discord/view/6898092#msg
HOBGOB,2018-10-01 04:27:41 UTC,https://discordleaks.unicornriot.ninja/discord/view/6898093#msg
HOBGOB,2018-10-01 04:29:12 UTC,https://discordleaks.unicornriot.ninja/discord/view/6898094#msg
HOBGOB,2018-10-01 04:29:23 UTC,https://discordleaks.unicornriot.ninja/discord/view/6898095#msg
HOBGOB,2018-10-01 04:30:00 UTC,https://discordleaks.unicornriot.ninja/discord/view/6898096#msg
phimonic,2018-10-02 14:56:17 UTC,https://discordleaks.unicornriot.ninja/discord/view/6898097#msg
HOBGOB,2018-10-02 17:39:33 UTC,https://discordleaks.unicornriot.ninja/discord/view/6898098#msg
NEO,2018-10-24 15:39:58 UTC,https://discordleaks.unicornriot.ninja/discord/view/6898099#msg
Wnccrypto,2018-10-28 14:43:58 UTC,https://discordleaks.unicornriot.ninja/discord/view/6898100#msg
SirW00f,2018-10-28 15:18:49 UTC,https://discordleaks.unicornriot.ninja/discord/view/6898101#msg
SirW00f,2018-10-28 15:19:56 UTC,https://discordleaks.unicornriot.ninja/discord/view/6898102#msg
FiztnCowz,2018-10-29 10:06:39 UTC,https://discordleaks.unicornriot.ninja/discord/view/6898103#msg
SirW00f,2018-10-29 10:08:54 UTC,https://discordleaks.unicornriot.ninja/discord/view/6898104#msg
SirW00f,2018-10-29 10:09:06 UTC,https://discordleaks.unicornriot.ninja/discord/view/6898005#msg
SirW00f,2018-10-29 10:12:00 UTC,https://discordleaks.unicornriot.ninja/discord/view/6898006#msg
SirW00f,2018-10-29 10:12:06 UTC,https://discordleaks.unicornriot.ninja/discord/view/6898007#msg
SirW00f,2018-10-29 10:13:51 UTC,https://discordleaks.unicornriot.ninja/discord/view/6898008#msg
SirW00f,2018-10-29 10:14:27 UTC,https://discordleaks.unicornriot.ninja/discord/view/6898009#msg
SirW00f,2018-10-29 10:15:19 UTC,https://discordleaks.unicornriot.ninja/discord/view/6898010#msg
TxnPat4evr 🇨🇱,2018-10-30 16:23:23 UTC,https://discordleaks.unicornriot.ninja/discord/view/6898011#msg
SirW00f,2018-11-01 12:56:34 UTC,https://discordleaks.unicornriot.ninja/discord/view/6898012#msg
SirW00f,2018-11-01 12:57:07 UTC,https://discordleaks.unicornriot.ninja/discord/view/6898013#msg
SirW00f,2018-11-01 12:58:22 UTC,https://discordleaks.unicornriot.ninja/discord/view/6898014#msg
SirW00f,2018-11-01 12:59:11 UTC,https://discordleaks.unicornriot.ninja/discord/view/6898015#msg
SirW00f,2018-11-01 12:59:22 UTC,https://discordleaks.unicornriot.ninja/discord/view/6898016#msg
lmbd,2018-11-01 12:59:50 UTC,https://discordleaks.unicornriot.ninja/discord/view/6898017#msg
lmbd,2018-11-01 13:04:07 UTC,https://discordleaks.unicornriot.ninja/discord/view/6898018#msg
SirW00f,2018-11-01 13:06:23 UTC,https://discordleaks.unicornriot.ninja/discord/view/6898019#msg
SirW00f,2018-11-01 13:07:20 UTC,https://discordleaks.unicornriot.ninja/discord/view/6898020#msg
lmbd,2018-11-01 13:11:56 UTC,https://discordleaks.unicornriot.ninja/discord/view/6898021#msg
SirW00f,2018-11-01 13:12:15 UTC,https://discordleaks.unicornriot.ninja/discord/view/6898022#msg
SirW00f,2018-11-01 13:12:47 UTC,https://discordleaks.unicornriot.ninja/discord/view/6898023#msg
SirW00f,2018-11-01 13:13:09 UTC,https://discordleaks.unicornriot.ninja/discord/view/6898024#msg
SirW00f,2018-11-01 13:14:01 UTC,https://discordleaks.unicornriot.ninja/discord/view/6898025#msg
lmbd,2018-11-01 13:20:37 UTC,https://discordleaks.unicornriot.ninja/discord/view/6898026#msg
SirW00f,2018-11-02 13:02:11 UTC,https://discordleaks.unicornriot.ninja/discord/view/6898027#msg
qaon,2018-11-09 21:11:01 UTC,https://discordleaks.unicornriot.ninja/discord/view/6898028#msg
qaon,2018-11-09 21:11:18 UTC,https://discordleaks.unicornriot.ninja/discord/view/6898029#msg
qaon,2018-11-09 21:12:22 UTC,https://discordleaks.unicornriot.ninja/discord/view/6898030#msg
qaon,2018-11-09 21:12:42 UTC,https://discordleaks.unicornriot.ninja/discord/view/6898031#msg
qaon,2018-11-09 21:16:16 UTC,https://discordleaks.unicornriot.ninja/discord/view/6898032#msg
SirW00f,2018-11-15 10:20:07 UTC,https://discordleaks.unicornriot.ninja/discord/view/6898033#msg
SirW00f,2018-11-20 10:53:06 UTC,https://discordleaks.unicornriot.ninja/discord/view/6898034#msg
SirW00f,2018-12-24 07:08:49 UTC,https://discordleaks.unicornriot.ninja/discord/view/6898035#msg
MamaLana Sourdough,2019-02-03 04:29:24 UTC,https://discordleaks.unicornriot.ninja/discord/view/6898036#msg
SirW00f,2019-02-21 09:41:49 UTC,https://discordleaks.unicornriot.ninja/discord/view/6898037#msg
prichvisalia,2019-02-21 18:48:08 UTC,https://discordleaks.unicornriot.ninja/discord/view/6898038#msg
SirW00f,2019-02-21 18:49:20 UTC,https://discordleaks.unicornriot.ninja/discord/view/6898039#msg
SirW00f,2019-02-21 18:49:29 UTC,https://discordleaks.unicornriot.ninja/discord/view/6898040#msg
SirW00f,2019-02-21 18:50:44 UTC,https://discordleaks.unicornriot.ninja/discord/view/6898041#msg
SirW00f,2019-02-21 18:51:01 UTC,https://discordleaks.unicornriot.ninja/discord/view/6898042#msg
prichvisalia,2019-02-21 18:51:24 UTC,https://discordleaks.unicornriot.ninja/discord/view/6898043#msg
SirW00f,2019-02-21 18:51:30 UTC,https://discordleaks.unicornriot.ninja/discord/view/6898044#msg
SirW00f,2019-02-21 18:51:43 UTC,https://discordleaks.unicornriot.ninja/discord/view/6898045#msg
prichvisalia,2019-02-21 18:51:56 UTC,https://discordleaks.unicornriot.ninja/discord/view/6898046#msg
SirW00f,2019-02-21 18:52:06 UTC,https://discordleaks.unicornriot.ninja/discord/view/6898047#msg
prichvisalia,2019-02-21 18:52:10 UTC,https://discordleaks.unicornriot.ninja/discord/view/6898048#msg
SirW00f,2019-02-21 18:52:44 UTC,https://discordleaks.unicornriot.ninja/discord/view/6898049#msg
SirW00f,2019-02-21 18:53:21 UTC,https://discordleaks.unicornriot.ninja/discord/view/6898050#msg
prichvisalia,2019-02-21 18:53:47 UTC,https://discordleaks.unicornriot.ninja/discord/view/6898051#msg
SirW00f,2019-02-21 18:54:20 UTC,https://discordleaks.unicornriot.ninja/discord/view/6898052#msg
prichvisalia,2019-02-21 18:54:33 UTC,https://discordleaks.unicornriot.ninja/discord/view/6898053#msg
prichvisalia,2019-02-21 18:54:42 UTC,https://discordleaks.unicornriot.ninja/discord/view/6898054#msg
SirW00f,2019-03-26 02:32:29 UTC,https://discordleaks.unicornriot.ninja/discord/view/16481447#msg
SirW00f,2019-04-03 18:57:58 UTC,https://discordleaks.unicornriot.ninja/discord/view/16481448#msg
natxlaw,2019-04-08 00:27:13 UTC,https://discordleaks.unicornriot.ninja/discord/view/16481449#msg
SirW00f,2019-04-08 07:56:50 UTC,https://discordleaks.unicornriot.ninja/discord/view/16481450#msg
SirW00f,2019-04-08 07:56:59 UTC,https://discordleaks.unicornriot.ninja/discord/view/16481451#msg
SirW00f,2019-04-25 08:01:39 UTC,https://discordleaks.unicornriot.ninja/discord/view/16481452#msg
Shadow Poet,2019-04-29 20:10:55 UTC,https://discordleaks.unicornriot.ninja/discord/view/16481453#msg
Shadow Poet,2019-04-29 20:11:40 UTC,https://discordleaks.unicornriot.ninja/discord/view/16481454#msg
Shadow Poet,2019-04-29 20:11:53 UTC,https://discordleaks.unicornriot.ninja/discord/view/16481455#msg
Shadow Poet,2019-04-29 20:12:04 UTC,https://discordleaks.unicornriot.ninja/discord/view/16481456#msg
Shadow Poet,2019-04-29 20:12:25 UTC,https://discordleaks.unicornriot.ninja/discord/view/16481457#msg
Shadow Poet,2019-04-29 20:13:08 UTC,https://discordleaks.unicornriot.ninja/discord/view/16481458#msg
Shadow Poet,2019-04-29 20:13:21 UTC,https://discordleaks.unicornriot.ninja/discord/view/16481459#msg
Shadow Poet,2019-04-29 20:13:40 UTC,https://discordleaks.unicornriot.ninja/discord/view/16481460#msg
Shadow Poet,2019-04-29 20:13:51 UTC,https://discordleaks.unicornriot.ninja/discord/view/16481461#msg
Shadow Poet,2019-04-29 20:14:10 UTC,https://discordleaks.unicornriot.ninja/discord/view/16481462#msg
Sri,2019-05-03 04:13:26 UTC,https://discordleaks.unicornriot.ninja/discord/view/16481463#msg
SirW00f,2019-05-08 11:14:28 UTC,https://discordleaks.unicornriot.ninja/discord/view/16481464#msg
$BSTY,2019-05-09 15:08:03 UTC,https://discordleaks.unicornriot.ninja/discord/view/16481465#msg
1K L C Q 🕇 🇺🇸,2019-05-12 20:55:45 UTC,https://discordleaks.unicornriot.ninja/discord/view/16481466#msg
1K L C Q 🕇 🇺🇸,2019-05-12 20:56:47 UTC,https://discordleaks.unicornriot.ninja/discord/view/16481467#msg
1K L C Q 🕇 🇺🇸,2019-05-12 20:57:33 UTC,https://discordleaks.unicornriot.ninja/discord/view/16481468#msg
1K L C Q 🕇 🇺🇸,2019-05-12 20:58:13 UTC,https://discordleaks.unicornriot.ninja/discord/view/16481469#msg
1K L C Q 🕇 🇺🇸,2019-05-12 20:59:13 UTC,https://discordleaks.unicornriot.ninja/discord/view/16481470#msg
1K L C Q 🕇 🇺🇸,2019-05-12 20:59:41 UTC,https://discordleaks.unicornriot.ninja/discord/view/16481471#msg
1K L C Q 🕇 🇺🇸,2019-05-12 21:00:12 UTC,https://discordleaks.unicornriot.ninja/discord/view/16481472#msg
1K L C Q 🕇 🇺🇸,2019-05-12 21:00:52 UTC,https://discordleaks.unicornriot.ninja/discord/view/16481473#msg
1K L C Q 🕇 🇺🇸,2019-05-12 21:01:59 UTC,https://discordleaks.unicornriot.ninja/discord/view/16481474#msg
1K L C Q 🕇 🇺🇸,2019-05-12 21:02:30 UTC,https://discordleaks.unicornriot.ninja/discord/view/16481475#msg
1K L C Q 🕇 🇺🇸,2019-05-12 21:02:59 UTC,https://discordleaks.unicornriot.ninja/discord/view/16481476#msg
1K L C Q 🕇 🇺🇸,2019-05-12 21:03:59 UTC,https://discordleaks.unicornriot.ninja/discord/view/16481477#msg
1K L C Q 🕇 🇺🇸,2019-05-12 21:04:57 UTC,https://discordleaks.unicornriot.ninja/discord/view/16481478#msg
$BSTY,2019-05-13 15:33:29 UTC,https://discordleaks.unicornriot.ninja/discord/view/16481479#msg
like2smile,2019-05-21 19:04:43 UTC,https://discordleaks.unicornriot.ninja/discord/view/16481480#msg
FiztnCowz,2019-05-29 06:39:09 UTC,https://discordleaks.unicornriot.ninja/discord/view/16481481#msg
SirW00f,2019-05-30 23:43:05 UTC,https://discordleaks.unicornriot.ninja/discord/view/16481482#msg
Wildebourne,2019-06-08 12:20:54 UTC,https://discordleaks.unicornriot.ninja/discord/view/16481483#msg
$BSTY,2019-06-08 13:28:30 UTC,https://discordleaks.unicornriot.ninja/discord/view/16481484#msg
$BSTY,2019-06-10 02:37:16 UTC,https://discordleaks.unicornriot.ninja/discord/view/16481485#msg
unchained,2019-07-27 06:20:37 UTC,https://discordleaks.unicornriot.ninja/discord/view/16481486#msg
unchained,2019-07-27 06:21:08 UTC,https://discordleaks.unicornriot.ninja/discord/view/16481487#msg
unchained,2019-07-27 06:22:31 UTC,https://discordleaks.unicornriot.ninja/discord/view/16481488#msg
Wildebourne,2019-07-31 23:31:44 UTC,https://discordleaks.unicornriot.ninja/discord/view/16481489#msg
Andrewi,2019-09-04 13:58:08 UTC,https://discordleaks.unicornriot.ninja/discord/view/16481490#msg
Andrewi,2019-09-04 13:59:41 UTC,https://discordleaks.unicornriot.ninja/discord/view/16481491#msg
Jones C,2019-09-30 18:01:55 UTC,https://discordleaks.unicornriot.ninja/discord/view/16481492#msg
SirW00f,2019-10-16 17:30:51 UTC,https://discordleaks.unicornriot.ninja/discord/view/16487521#msg
KODIAK,2019-10-23 14:32:27 UTC,https://discordleaks.unicornriot.ninja/discord/view/16488713#msg
Luffe,2019-11-01 16:22:55 UTC,https://discordleaks.unicornriot.ninja/discord/view/23183175#msg
Luffe,2019-11-01 16:23:11 UTC,https://discordleaks.unicornriot.ninja/discord/view/23183176#msg
Luffe,2019-11-03 00:09:41 UTC,https://discordleaks.unicornriot.ninja/discord/view/23183177#msg
Luffe,2019-11-03 00:10:10 UTC,https://discordleaks.unicornriot.ninja/discord/view/23183178#msg
Luffe,2019-11-03 00:36:50 UTC,https://discordleaks.unicornriot.ninja/discord/view/23183179#msg
Luffe,2019-11-03 00:37:03 UTC,https://discordleaks.unicornriot.ninja/discord/view/23183180#msg
LilyofVallie,2019-11-19 19:16:19 UTC,https://discordleaks.unicornriot.ninja/discord/view/23183181#msg
LilyofVallie,2019-11-19 19:25:45 UTC,https://discordleaks.unicornriot.ninja/discord/view/23183182#msg
LilyofVallie,2019-11-19 19:27:59 UTC,https://discordleaks.unicornriot.ninja/discord/view/23183183#msg
LilyofVallie,2019-11-20 00:47:11 UTC,https://discordleaks.unicornriot.ninja/discord/view/23183184#msg
Cowlord,2019-11-29 00:02:53 UTC,https://discordleaks.unicornriot.ninja/discord/view/23183185#msg
Cowlord,2019-11-29 00:04:03 UTC,https://discordleaks.unicornriot.ninja/discord/view/23183186#msg
Cowlord,2019-11-29 00:05:23 UTC,https://discordleaks.unicornriot.ninja/discord/view/23183187#msg
Cowlord,2019-11-29 00:07:30 UTC,https://discordleaks.unicornriot.ninja/discord/view/23183188#msg
KODIAK,2019-12-02 05:17:15 UTC,https://discordleaks.unicornriot.ninja/discord/view/23183189#msg
