USER,META,LINK,ATTACHMENTS
MamaLana Sourdough,2018-07-14 17:46:35 UTC,https://discordleaks.unicornriot.ninja/discord/view/6897836#msg
Brutus Carpathia,2018-07-17 16:23:50 UTC,https://discordleaks.unicornriot.ninja/discord/view/6897837#msg
Brutus Carpathia,2018-07-17 16:28:12 UTC,https://discordleaks.unicornriot.ninja/discord/view/6897838#msg
Malikstotle,2018-07-18 05:47:30 UTC,https://discordleaks.unicornriot.ninja/discord/view/6897839#msg
Malikstotle,2018-07-18 05:56:19 UTC,https://discordleaks.unicornriot.ninja/discord/view/6897840#msg
PatriotTxMomSuzyQ,2018-07-24 18:59:34 UTC,https://discordleaks.unicornriot.ninja/discord/view/6897841#msg
PatriotTxMomSuzyQ,2018-07-24 18:59:37 UTC,https://discordleaks.unicornriot.ninja/discord/view/6897842#msg
PatriotTxMomSuzyQ,2018-07-24 18:59:39 UTC,https://discordleaks.unicornriot.ninja/discord/view/6897843#msg
PatriotTxMomSuzyQ,2018-07-24 18:59:43 UTC,https://discordleaks.unicornriot.ninja/discord/view/6897844#msg
MamaLana Sourdough,2018-07-25 21:49:13 UTC,https://discordleaks.unicornriot.ninja/discord/view/6897845#msg
deBeez,2018-08-05 16:42:33 UTC,https://discordleaks.unicornriot.ninja/discord/view/6897846#msg
deBeez,2018-08-05 16:43:36 UTC,https://discordleaks.unicornriot.ninja/discord/view/6897847#msg
PatriotTxMomSuzyQ,2018-09-09 23:42:19 UTC,https://discordleaks.unicornriot.ninja/discord/view/6897848#msg
sunny k,2018-09-14 21:35:01 UTC,https://discordleaks.unicornriot.ninja/discord/view/6897849#msg
Xenios2011,2018-09-15 06:01:49 UTC,https://discordleaks.unicornriot.ninja/discord/view/6897850#msg
Xenios2011,2018-09-15 06:04:05 UTC,https://discordleaks.unicornriot.ninja/discord/view/6897851#msg
Xenios2011,2018-09-15 06:36:36 UTC,https://discordleaks.unicornriot.ninja/discord/view/6897786#msg
Xenios2011,2018-09-15 06:39:31 UTC,https://discordleaks.unicornriot.ninja/discord/view/6897787#msg
Squatch,2018-09-15 13:41:50 UTC,https://discordleaks.unicornriot.ninja/discord/view/6897788#msg
sjaontje,2018-09-16 09:04:51 UTC,https://discordleaks.unicornriot.ninja/discord/view/6897789#msg
sjaontje,2018-09-16 09:06:35 UTC,https://discordleaks.unicornriot.ninja/discord/view/6897790#msg
murra2liberty,2018-09-16 18:06:29 UTC,https://discordleaks.unicornriot.ninja/discord/view/6897791#msg
murra2liberty,2018-09-16 18:07:06 UTC,https://discordleaks.unicornriot.ninja/discord/view/6897792#msg
sjaontje,2018-09-16 20:46:01 UTC,https://discordleaks.unicornriot.ninja/discord/view/6897793#msg
Xenios2011,2018-09-16 21:40:20 UTC,https://discordleaks.unicornriot.ninja/discord/view/6897794#msg
AlexDomin83☆,2018-09-17 06:14:02 UTC,https://discordleaks.unicornriot.ninja/discord/view/6897795#msg
sjaontje,2018-09-17 07:25:12 UTC,https://discordleaks.unicornriot.ninja/discord/view/6897796#msg
sjaontje,2018-09-17 07:25:58 UTC,https://discordleaks.unicornriot.ninja/discord/view/6897797#msg
Qeuropanon,2018-09-17 11:30:35 UTC,https://discordleaks.unicornriot.ninja/discord/view/6897798#msg
Qeuropanon,2018-09-17 11:30:36 UTC,https://discordleaks.unicornriot.ninja/discord/view/6897799#msg
VajraShiv108,2018-09-20 12:17:41 UTC,https://discordleaks.unicornriot.ninja/discord/view/6897800#msg
slayer454,2018-09-24 11:20:23 UTC,https://discordleaks.unicornriot.ninja/discord/view/6897801#msg
slayer454,2018-09-24 11:21:37 UTC,https://discordleaks.unicornriot.ninja/discord/view/6897802#msg
b3,2018-09-28 16:50:52 UTC,https://discordleaks.unicornriot.ninja/discord/view/6897803#msg
b3,2018-09-28 16:51:19 UTC,https://discordleaks.unicornriot.ninja/discord/view/6897804#msg
b3,2018-09-28 16:51:38 UTC,https://discordleaks.unicornriot.ninja/discord/view/6897805#msg
Riggy17 (UK),2018-09-28 16:55:06 UTC,https://discordleaks.unicornriot.ninja/discord/view/6897806#msg
Riggy17 (UK),2018-09-28 17:00:54 UTC,https://discordleaks.unicornriot.ninja/discord/view/6897807#msg
Riggy17 (UK),2018-09-28 17:08:45 UTC,https://discordleaks.unicornriot.ninja/discord/view/6897808#msg
Riggy17 (UK),2018-09-28 17:20:38 UTC,https://discordleaks.unicornriot.ninja/discord/view/6897809#msg
b3,2018-09-28 18:53:23 UTC,https://discordleaks.unicornriot.ninja/discord/view/6897810#msg
b3,2018-09-28 18:53:33 UTC,https://discordleaks.unicornriot.ninja/discord/view/6897811#msg
b3,2018-09-28 18:53:53 UTC,https://discordleaks.unicornriot.ninja/discord/view/6897812#msg
b3,2018-09-28 18:53:58 UTC,https://discordleaks.unicornriot.ninja/discord/view/6897813#msg
b3,2018-09-28 18:54:21 UTC,https://discordleaks.unicornriot.ninja/discord/view/6897814#msg
b3,2018-09-28 18:54:35 UTC,https://discordleaks.unicornriot.ninja/discord/view/6897815#msg
b3,2018-09-28 18:55:36 UTC,https://discordleaks.unicornriot.ninja/discord/view/6897816#msg
b3,2018-09-28 18:56:33 UTC,https://discordleaks.unicornriot.ninja/discord/view/6897817#msg
b3,2018-09-28 19:00:03 UTC,https://discordleaks.unicornriot.ninja/discord/view/6897818#msg
b3,2018-09-28 19:00:24 UTC,https://discordleaks.unicornriot.ninja/discord/view/6897819#msg
Cuban Fish,2018-09-28 19:37:13 UTC,https://discordleaks.unicornriot.ninja/discord/view/6897820#msg
Cuban Fish,2018-09-28 19:38:02 UTC,https://discordleaks.unicornriot.ninja/discord/view/6897821#msg
b3,2018-09-28 19:50:09 UTC,https://discordleaks.unicornriot.ninja/discord/view/6897822#msg
b3,2018-09-28 19:50:47 UTC,https://discordleaks.unicornriot.ninja/discord/view/6897823#msg
b3,2018-09-28 19:51:48 UTC,https://discordleaks.unicornriot.ninja/discord/view/6897824#msg
b3,2018-09-28 19:52:14 UTC,https://discordleaks.unicornriot.ninja/discord/view/6897825#msg
b3,2018-09-28 19:52:43 UTC,https://discordleaks.unicornriot.ninja/discord/view/6897826#msg
b3,2018-09-28 19:53:17 UTC,https://discordleaks.unicornriot.ninja/discord/view/6897827#msg
b3,2018-09-28 19:55:13 UTC,https://discordleaks.unicornriot.ninja/discord/view/6897828#msg
b3,2018-09-28 19:56:01 UTC,https://discordleaks.unicornriot.ninja/discord/view/6897829#msg
Cuban Fish,2018-09-28 20:06:36 UTC,https://discordleaks.unicornriot.ninja/discord/view/6897830#msg
b3,2018-09-28 20:08:30 UTC,https://discordleaks.unicornriot.ninja/discord/view/6897831#msg
b3,2018-09-28 20:08:45 UTC,https://discordleaks.unicornriot.ninja/discord/view/6897832#msg
b3,2018-09-28 20:13:19 UTC,https://discordleaks.unicornriot.ninja/discord/view/6897833#msg
Cuban Fish,2018-09-28 20:13:34 UTC,https://discordleaks.unicornriot.ninja/discord/view/6897834#msg
Cuban Fish,2018-09-28 20:13:53 UTC,https://discordleaks.unicornriot.ninja/discord/view/6897835#msg
b3,2018-09-28 20:14:04 UTC,https://discordleaks.unicornriot.ninja/discord/view/6897736#msg
Cuban Fish,2018-09-28 20:14:31 UTC,https://discordleaks.unicornriot.ninja/discord/view/6897737#msg
Cuban Fish,2018-09-28 20:15:28 UTC,https://discordleaks.unicornriot.ninja/discord/view/6897738#msg
b3,2018-09-28 20:17:38 UTC,https://discordleaks.unicornriot.ninja/discord/view/6897739#msg
Riggy17 (UK),2018-09-28 20:53:06 UTC,https://discordleaks.unicornriot.ninja/discord/view/6897740#msg
Riggy17 (UK),2018-09-28 20:55:14 UTC,https://discordleaks.unicornriot.ninja/discord/view/6897741#msg
b3,2018-09-28 20:55:41 UTC,https://discordleaks.unicornriot.ninja/discord/view/6897742#msg
b3,2018-09-28 20:56:02 UTC,https://discordleaks.unicornriot.ninja/discord/view/6897743#msg
Riggy17 (UK),2018-09-28 20:56:41 UTC,https://discordleaks.unicornriot.ninja/discord/view/6897744#msg
b3,2018-09-28 20:57:27 UTC,https://discordleaks.unicornriot.ninja/discord/view/6897745#msg
b3,2018-09-28 20:57:50 UTC,https://discordleaks.unicornriot.ninja/discord/view/6897746#msg
b3,2018-09-28 20:58:17 UTC,https://discordleaks.unicornriot.ninja/discord/view/6897747#msg
b3,2018-09-28 20:58:27 UTC,https://discordleaks.unicornriot.ninja/discord/view/6897748#msg
Riggy17 (UK),2018-09-28 20:58:28 UTC,https://discordleaks.unicornriot.ninja/discord/view/6897749#msg
b3,2018-09-28 20:58:35 UTC,https://discordleaks.unicornriot.ninja/discord/view/6897750#msg
b3,2018-09-28 20:58:55 UTC,https://discordleaks.unicornriot.ninja/discord/view/6897751#msg
Riggy17 (UK),2018-09-28 21:00:03 UTC,https://discordleaks.unicornriot.ninja/discord/view/6897752#msg
Riggy17 (UK),2018-09-28 21:00:43 UTC,https://discordleaks.unicornriot.ninja/discord/view/6897753#msg
b3,2018-09-28 21:01:36 UTC,https://discordleaks.unicornriot.ninja/discord/view/6897754#msg
b3,2018-09-28 21:01:45 UTC,https://discordleaks.unicornriot.ninja/discord/view/6897755#msg
Riggy17 (UK),2018-09-28 21:03:06 UTC,https://discordleaks.unicornriot.ninja/discord/view/6897756#msg
b3,2018-09-28 21:03:43 UTC,https://discordleaks.unicornriot.ninja/discord/view/6897757#msg
b3,2018-09-28 21:03:47 UTC,https://discordleaks.unicornriot.ninja/discord/view/6897758#msg
b3,2018-09-28 21:04:19 UTC,https://discordleaks.unicornriot.ninja/discord/view/6897759#msg
Riggy17 (UK),2018-09-28 21:04:27 UTC,https://discordleaks.unicornriot.ninja/discord/view/6897760#msg
Riggy17 (UK),2018-09-28 21:04:45 UTC,https://discordleaks.unicornriot.ninja/discord/view/6897761#msg
Riggy17 (UK),2018-09-28 21:05:28 UTC,https://discordleaks.unicornriot.ninja/discord/view/6897762#msg
b3,2018-09-28 21:08:59 UTC,https://discordleaks.unicornriot.ninja/discord/view/6897763#msg
b3,2018-09-28 21:09:05 UTC,https://discordleaks.unicornriot.ninja/discord/view/6897764#msg
b3,2018-09-28 21:09:20 UTC,https://discordleaks.unicornriot.ninja/discord/view/6897765#msg
b3,2018-09-28 21:09:35 UTC,https://discordleaks.unicornriot.ninja/discord/view/6897766#msg
Riggy17 (UK),2018-09-28 21:12:52 UTC,https://discordleaks.unicornriot.ninja/discord/view/6897767#msg
lmbd,2018-09-28 21:13:26 UTC,https://discordleaks.unicornriot.ninja/discord/view/6897768#msg
b3,2018-09-28 21:13:44 UTC,https://discordleaks.unicornriot.ninja/discord/view/6897769#msg
b3,2018-09-28 21:14:02 UTC,https://discordleaks.unicornriot.ninja/discord/view/6897770#msg
Riggy17 (UK),2018-09-28 21:14:59 UTC,https://discordleaks.unicornriot.ninja/discord/view/6897771#msg
lmbd,2018-09-28 21:15:13 UTC,https://discordleaks.unicornriot.ninja/discord/view/6897772#msg
lmbd,2018-09-28 21:15:36 UTC,https://discordleaks.unicornriot.ninja/discord/view/6897773#msg
b3,2018-09-28 21:16:26 UTC,https://discordleaks.unicornriot.ninja/discord/view/6897774#msg
b3,2018-09-28 21:16:59 UTC,https://discordleaks.unicornriot.ninja/discord/view/6897775#msg
b3,2018-09-28 21:17:06 UTC,https://discordleaks.unicornriot.ninja/discord/view/6897776#msg
lmbd,2018-09-28 21:18:44 UTC,https://discordleaks.unicornriot.ninja/discord/view/6897777#msg
b3,2018-09-28 21:19:06 UTC,https://discordleaks.unicornriot.ninja/discord/view/6897778#msg
lmbd,2018-09-28 21:19:38 UTC,https://discordleaks.unicornriot.ninja/discord/view/6897779#msg
b3,2018-09-28 21:19:46 UTC,https://discordleaks.unicornriot.ninja/discord/view/6897780#msg
b3,2018-09-28 21:20:09 UTC,https://discordleaks.unicornriot.ninja/discord/view/6897781#msg
b3,2018-09-28 21:20:27 UTC,https://discordleaks.unicornriot.ninja/discord/view/6897782#msg
lmbd,2018-09-28 22:36:05 UTC,https://discordleaks.unicornriot.ninja/discord/view/6897783#msg
b3,2018-09-28 22:49:20 UTC,https://discordleaks.unicornriot.ninja/discord/view/6897784#msg
b3,2018-09-28 22:49:26 UTC,https://discordleaks.unicornriot.ninja/discord/view/6897785#msg
b3,2018-09-29 16:41:52 UTC,https://discordleaks.unicornriot.ninja/discord/view/6897686#msg
Riggy17 (UK),2018-09-29 17:56:11 UTC,https://discordleaks.unicornriot.ninja/discord/view/6897687#msg
b3,2018-09-29 20:29:29 UTC,https://discordleaks.unicornriot.ninja/discord/view/6897688#msg
Riggy17 (UK),2018-09-29 20:52:11 UTC,https://discordleaks.unicornriot.ninja/discord/view/6897689#msg
Riggy17 (UK),2018-09-29 20:53:46 UTC,https://discordleaks.unicornriot.ninja/discord/view/6897690#msg
b3,2018-09-29 21:27:47 UTC,https://discordleaks.unicornriot.ninja/discord/view/6897691#msg
Riggy17 (UK),2018-09-29 22:31:11 UTC,https://discordleaks.unicornriot.ninja/discord/view/6897692#msg
b3,2018-09-29 22:34:05 UTC,https://discordleaks.unicornriot.ninja/discord/view/6897693#msg
Riggy17 (UK),2018-09-29 23:26:50 UTC,https://discordleaks.unicornriot.ninja/discord/view/6897694#msg
b3,2018-09-30 01:49:06 UTC,https://discordleaks.unicornriot.ninja/discord/view/6897695#msg
Riggy17 (UK),2018-09-30 10:28:18 UTC,https://discordleaks.unicornriot.ninja/discord/view/6897696#msg
Riggy17 (UK),2018-09-30 16:18:25 UTC,https://discordleaks.unicornriot.ninja/discord/view/6897697#msg
b3,2018-09-30 16:34:03 UTC,https://discordleaks.unicornriot.ninja/discord/view/6897698#msg
b3,2018-10-01 03:54:20 UTC,https://discordleaks.unicornriot.ninja/discord/view/6897699#msg
Cuban Fish,2018-10-01 05:00:46 UTC,https://discordleaks.unicornriot.ninja/discord/view/6897700#msg
Cuban Fish,2018-10-01 05:13:08 UTC,https://discordleaks.unicornriot.ninja/discord/view/6897701#msg
Cuban Fish,2018-10-01 05:14:58 UTC,https://discordleaks.unicornriot.ninja/discord/view/6897702#msg
Cuban Fish,2018-10-01 05:16:12 UTC,https://discordleaks.unicornriot.ninja/discord/view/6897703#msg
Cuban Fish,2018-10-01 05:18:41 UTC,https://discordleaks.unicornriot.ninja/discord/view/6897704#msg
Cuban Fish,2018-10-01 05:19:12 UTC,https://discordleaks.unicornriot.ninja/discord/view/6897705#msg
Cuban Fish,2018-10-01 05:19:49 UTC,https://discordleaks.unicornriot.ninja/discord/view/6897706#msg
Cuban Fish,2018-10-01 05:21:09 UTC,https://discordleaks.unicornriot.ninja/discord/view/6897707#msg
Cuban Fish,2018-10-01 05:21:58 UTC,https://discordleaks.unicornriot.ninja/discord/view/6897708#msg
Cuban Fish,2018-10-01 05:22:50 UTC,https://discordleaks.unicornriot.ninja/discord/view/6897709#msg
Cuban Fish,2018-10-01 05:25:41 UTC,https://discordleaks.unicornriot.ninja/discord/view/6897710#msg
Cuban Fish,2018-10-01 05:26:12 UTC,https://discordleaks.unicornriot.ninja/discord/view/6897711#msg
Cuban Fish,2018-10-01 05:27:18 UTC,https://discordleaks.unicornriot.ninja/discord/view/6897712#msg
Cuban Fish,2018-10-01 05:27:26 UTC,https://discordleaks.unicornriot.ninja/discord/view/6897713#msg
Cuban Fish,2018-10-01 05:28:02 UTC,https://discordleaks.unicornriot.ninja/discord/view/6897714#msg
Cuban Fish,2018-10-01 05:28:33 UTC,https://discordleaks.unicornriot.ninja/discord/view/6897715#msg
Cuban Fish,2018-10-01 05:29:57 UTC,https://discordleaks.unicornriot.ninja/discord/view/6897716#msg
Cuban Fish,2018-10-01 05:30:11 UTC,https://discordleaks.unicornriot.ninja/discord/view/6897717#msg
Cuban Fish,2018-10-01 05:30:32 UTC,https://discordleaks.unicornriot.ninja/discord/view/6897718#msg
Cuban Fish,2018-10-01 05:31:37 UTC,https://discordleaks.unicornriot.ninja/discord/view/6897719#msg
Cuban Fish,2018-10-01 05:33:40 UTC,https://discordleaks.unicornriot.ninja/discord/view/6897720#msg
Cuban Fish,2018-10-01 05:53:26 UTC,https://discordleaks.unicornriot.ninja/discord/view/6897721#msg
Cuban Fish,2018-10-01 05:54:09 UTC,https://discordleaks.unicornriot.ninja/discord/view/6897722#msg
Cuban Fish,2018-10-01 05:55:24 UTC,https://discordleaks.unicornriot.ninja/discord/view/6897723#msg
Riggy17 (UK),2018-10-01 10:22:57 UTC,https://discordleaks.unicornriot.ninja/discord/view/6897724#msg
Riggy17 (UK),2018-10-01 10:32:33 UTC,https://discordleaks.unicornriot.ninja/discord/view/6897725#msg
Riggy17 (UK),2018-10-01 10:41:15 UTC,https://discordleaks.unicornriot.ninja/discord/view/6897726#msg
Riggy17 (UK),2018-10-01 10:43:58 UTC,https://discordleaks.unicornriot.ninja/discord/view/6897727#msg
Riggy17 (UK),2018-10-01 10:45:56 UTC,https://discordleaks.unicornriot.ninja/discord/view/6897728#msg
Riggy17 (UK),2018-10-01 10:46:08 UTC,https://discordleaks.unicornriot.ninja/discord/view/6897729#msg
Riggy17 (UK),2018-10-01 10:48:02 UTC,https://discordleaks.unicornriot.ninja/discord/view/6897730#msg
Riggy17 (UK),2018-10-01 10:49:09 UTC,https://discordleaks.unicornriot.ninja/discord/view/6897731#msg
maanberg,2018-10-01 10:55:28 UTC,https://discordleaks.unicornriot.ninja/discord/view/6897732#msg
Riggy17 (UK),2018-10-01 11:01:27 UTC,https://discordleaks.unicornriot.ninja/discord/view/6897733#msg
maanberg,2018-10-01 11:02:41 UTC,https://discordleaks.unicornriot.ninja/discord/view/6897734#msg
maanberg,2018-10-01 11:03:28 UTC,https://discordleaks.unicornriot.ninja/discord/view/6897735#msg
Riggy17 (UK),2018-10-01 11:05:14 UTC,https://discordleaks.unicornriot.ninja/discord/view/6897636#msg
maanberg,2018-10-01 11:07:09 UTC,https://discordleaks.unicornriot.ninja/discord/view/6897637#msg
Riggy17 (UK),2018-10-01 11:08:02 UTC,https://discordleaks.unicornriot.ninja/discord/view/6897638#msg
Riggy17 (UK),2018-10-01 11:09:50 UTC,https://discordleaks.unicornriot.ninja/discord/view/6897639#msg
Riggy17 (UK),2018-10-01 11:11:00 UTC,https://discordleaks.unicornriot.ninja/discord/view/6897640#msg
Riggy17 (UK),2018-10-01 11:11:53 UTC,https://discordleaks.unicornriot.ninja/discord/view/6897641#msg
maanberg,2018-10-01 11:11:59 UTC,https://discordleaks.unicornriot.ninja/discord/view/6897642#msg
Riggy17 (UK),2018-10-01 11:14:14 UTC,https://discordleaks.unicornriot.ninja/discord/view/6897643#msg
Riggy17 (UK),2018-10-01 11:14:55 UTC,https://discordleaks.unicornriot.ninja/discord/view/6897644#msg
maanberg,2018-10-01 11:14:55 UTC,https://discordleaks.unicornriot.ninja/discord/view/6897645#msg
Riggy17 (UK),2018-10-01 11:15:27 UTC,https://discordleaks.unicornriot.ninja/discord/view/6897646#msg
Riggy17 (UK),2018-10-01 11:16:50 UTC,https://discordleaks.unicornriot.ninja/discord/view/6897647#msg
maanberg,2018-10-01 11:17:22 UTC,https://discordleaks.unicornriot.ninja/discord/view/6897648#msg
Riggy17 (UK),2018-10-01 11:17:45 UTC,https://discordleaks.unicornriot.ninja/discord/view/6897649#msg
maanberg,2018-10-01 11:17:54 UTC,https://discordleaks.unicornriot.ninja/discord/view/6897650#msg
Riggy17 (UK),2018-10-01 11:18:32 UTC,https://discordleaks.unicornriot.ninja/discord/view/6897651#msg
maanberg,2018-10-01 11:19:10 UTC,https://discordleaks.unicornriot.ninja/discord/view/6897652#msg
Riggy17 (UK),2018-10-01 11:20:14 UTC,https://discordleaks.unicornriot.ninja/discord/view/6897653#msg
maanberg,2018-10-01 11:20:30 UTC,https://discordleaks.unicornriot.ninja/discord/view/6897654#msg
Riggy17 (UK),2018-10-01 11:21:31 UTC,https://discordleaks.unicornriot.ninja/discord/view/6897655#msg
maanberg,2018-10-01 11:22:47 UTC,https://discordleaks.unicornriot.ninja/discord/view/6897656#msg
maanberg,2018-10-01 11:25:24 UTC,https://discordleaks.unicornriot.ninja/discord/view/6897657#msg
maanberg,2018-10-01 11:25:32 UTC,https://discordleaks.unicornriot.ninja/discord/view/6897658#msg
KookyKitty,2018-10-02 06:20:36 UTC,https://discordleaks.unicornriot.ninja/discord/view/6897659#msg
NEO,2018-10-08 12:56:34 UTC,https://discordleaks.unicornriot.ninja/discord/view/6897660#msg
NEO,2018-10-24 15:26:28 UTC,https://discordleaks.unicornriot.ninja/discord/view/6897661#msg
NEO,2018-10-24 15:26:44 UTC,https://discordleaks.unicornriot.ninja/discord/view/6897662#msg
Riggy17 (UK),2018-10-28 16:25:36 UTC,https://discordleaks.unicornriot.ninja/discord/view/6897663#msg
Riggy17 (UK),2018-10-28 16:26:17 UTC,https://discordleaks.unicornriot.ninja/discord/view/6897664#msg
Ladyamyabigail,2018-10-28 17:24:50 UTC,https://discordleaks.unicornriot.ninja/discord/view/6897665#msg
SirW00f,2018-10-29 11:06:48 UTC,https://discordleaks.unicornriot.ninja/discord/view/6897666#msg
SirW00f,2018-10-29 12:22:20 UTC,https://discordleaks.unicornriot.ninja/discord/view/6897667#msg
Riggy17 (UK),2018-10-29 19:20:13 UTC,https://discordleaks.unicornriot.ninja/discord/view/6897668#msg
Riggy17 (UK),2018-10-29 19:20:45 UTC,https://discordleaks.unicornriot.ninja/discord/view/6897669#msg
Riggy17 (UK),2018-10-30 20:47:01 UTC,https://discordleaks.unicornriot.ninja/discord/view/6897670#msg
Riggy17 (UK),2018-10-30 20:47:20 UTC,https://discordleaks.unicornriot.ninja/discord/view/6897671#msg
Riggy17 (UK),2018-11-17 00:14:33 UTC,https://discordleaks.unicornriot.ninja/discord/view/6897672#msg
Riggy17 (UK),2018-11-17 00:16:11 UTC,https://discordleaks.unicornriot.ninja/discord/view/6897673#msg
LowLandsPete,2018-12-07 18:02:10 UTC,https://discordleaks.unicornriot.ninja/discord/view/6897674#msg
Riggy17 (UK),2018-12-12 16:58:11 UTC,https://discordleaks.unicornriot.ninja/discord/view/6897675#msg
Riggy17 (UK),2018-12-12 18:30:01 UTC,https://discordleaks.unicornriot.ninja/discord/view/6897676#msg
Masterofpa,2018-12-18 20:59:37 UTC,https://discordleaks.unicornriot.ninja/discord/view/6897677#msg
lmbd,2019-02-12 03:17:59 UTC,https://discordleaks.unicornriot.ninja/discord/view/6897678#msg
lmbd,2019-02-12 03:18:31 UTC,https://discordleaks.unicornriot.ninja/discord/view/6897679#msg
Riggy17 (UK),2019-02-15 02:17:26 UTC,https://discordleaks.unicornriot.ninja/discord/view/6897680#msg
ServingRedPillPie,2019-02-15 15:09:39 UTC,https://discordleaks.unicornriot.ninja/discord/view/6897681#msg
ServingRedPillPie,2019-02-16 21:25:36 UTC,https://discordleaks.unicornriot.ninja/discord/view/6897682#msg
LowLandsPete,2019-02-17 21:27:49 UTC,https://discordleaks.unicornriot.ninja/discord/view/6897683#msg
lmbd,2019-02-18 00:06:00 UTC,https://discordleaks.unicornriot.ninja/discord/view/6897684#msg
Andrewi,2019-02-20 22:33:03 UTC,https://discordleaks.unicornriot.ninja/discord/view/6897685#msg
lmbd,2019-03-18 13:38:59 UTC,https://discordleaks.unicornriot.ninja/discord/view/16481405#msg
Sarge,2019-04-18 22:38:33 UTC,https://discordleaks.unicornriot.ninja/discord/view/16481406#msg
MamaLana Sourdough,2019-05-07 09:44:28 UTC,https://discordleaks.unicornriot.ninja/discord/view/16481407#msg
DracoTwinBlade,2019-05-19 04:24:59 UTC,https://discordleaks.unicornriot.ninja/discord/view/16481408#msg
LowLandsPete,2019-05-21 07:55:43 UTC,https://discordleaks.unicornriot.ninja/discord/view/16481409#msg
LowLandsPete,2019-05-21 07:56:22 UTC,https://discordleaks.unicornriot.ninja/discord/view/16481410#msg
LowLandsPete,2019-05-21 08:02:28 UTC,https://discordleaks.unicornriot.ninja/discord/view/16481411#msg
DracoTwinBlade,2019-05-24 02:25:27 UTC,https://discordleaks.unicornriot.ninja/discord/view/16481412#msg
Jabberjaw,2019-06-14 00:10:55 UTC,https://discordleaks.unicornriot.ninja/discord/view/16481413#msg
Jabberjaw,2019-06-14 00:11:31 UTC,https://discordleaks.unicornriot.ninja/discord/view/16481414#msg
oranges54,2019-06-21 02:26:48 UTC,https://discordleaks.unicornriot.ninja/discord/view/16481415#msg
oranges54,2019-06-21 02:26:51 UTC,https://discordleaks.unicornriot.ninja/discord/view/16481416#msg
SirW00f,2019-06-22 06:17:44 UTC,https://discordleaks.unicornriot.ninja/discord/view/16481417#msg
lmbd,2019-07-18 02:00:21 UTC,https://discordleaks.unicornriot.ninja/discord/view/16481418#msg
lmbd,2019-07-18 02:10:28 UTC,https://discordleaks.unicornriot.ninja/discord/view/16481419#msg
boBBypEEle,2019-07-19 01:36:12 UTC,https://discordleaks.unicornriot.ninja/discord/view/16481420#msg
boBBypEEle,2019-07-19 01:36:42 UTC,https://discordleaks.unicornriot.ninja/discord/view/16481421#msg
lmbd,2019-07-21 05:48:13 UTC,https://discordleaks.unicornriot.ninja/discord/view/16481422#msg
lmbd,2019-07-21 05:48:26 UTC,https://discordleaks.unicornriot.ninja/discord/view/16481423#msg
boBBypEEle,2019-07-21 16:41:45 UTC,https://discordleaks.unicornriot.ninja/discord/view/16481424#msg
[Λχм]FisτᎧνDεΔτн,2019-07-23 14:44:14 UTC,https://discordleaks.unicornriot.ninja/discord/view/16481425#msg
DracoTwinBlade,2019-07-24 05:02:19 UTC,https://discordleaks.unicornriot.ninja/discord/view/16481426#msg
DracoTwinBlade,2019-07-24 05:02:26 UTC,https://discordleaks.unicornriot.ninja/discord/view/16481427#msg
Karl Mar6ix9ine,2019-07-27 15:29:19 UTC,https://discordleaks.unicornriot.ninja/discord/view/16481428#msg
SirW00f,2019-07-28 19:59:20 UTC,https://discordleaks.unicornriot.ninja/discord/view/16481429#msg
jebus,2019-08-10 21:53:50 UTC,https://discordleaks.unicornriot.ninja/discord/view/16481430#msg
jebus,2019-08-10 21:56:08 UTC,https://discordleaks.unicornriot.ninja/discord/view/16481431#msg
Prashivra,2019-08-10 22:04:24 UTC,https://discordleaks.unicornriot.ninja/discord/view/16481432#msg
jebus,2019-08-10 22:09:22 UTC,https://discordleaks.unicornriot.ninja/discord/view/16481433#msg
jebus,2019-08-10 22:09:53 UTC,https://discordleaks.unicornriot.ninja/discord/view/16481434#msg
jebus,2019-08-10 22:10:30 UTC,https://discordleaks.unicornriot.ninja/discord/view/16481435#msg
jebus,2019-08-10 22:11:01 UTC,https://discordleaks.unicornriot.ninja/discord/view/16481436#msg
Andrewi,2019-10-24 18:42:42 UTC,https://discordleaks.unicornriot.ninja/discord/view/16488710#msg
Dio Brando,2019-11-26 13:53:53 UTC,https://discordleaks.unicornriot.ninja/discord/view/23183043#msg
Dio Brando,2019-11-26 13:54:37 UTC,https://discordleaks.unicornriot.ninja/discord/view/23183044#msg
