USER,META,LINK,ATTACHMENTS
AnonForFreedom,2018-03-05 14:41:44 UTC,https://discordleaks.unicornriot.ninja/discord/view/6888167#msg
edwardJlo,2018-03-05 22:47:13 UTC,https://discordleaks.unicornriot.ninja/discord/view/6888168#msg
cammycat,2018-03-06 01:56:12 UTC,https://discordleaks.unicornriot.ninja/discord/view/6888169#msg
Robdon077,2018-03-07 10:19:35 UTC,https://discordleaks.unicornriot.ninja/discord/view/6888170#msg
Takebackourfreedom,2018-03-08 02:07:01 UTC,https://discordleaks.unicornriot.ninja/discord/view/6888171#msg
Crystal,2018-03-08 02:56:56 UTC,https://discordleaks.unicornriot.ninja/discord/view/6888172#msg
Crystal,2018-03-08 02:57:33 UTC,https://discordleaks.unicornriot.ninja/discord/view/6888173#msg
MamaLana Sourdough,2018-03-08 02:58:02 UTC,https://discordleaks.unicornriot.ninja/discord/view/6888174#msg
Crystal,2018-03-08 02:58:42 UTC,https://discordleaks.unicornriot.ninja/discord/view/6888175#msg
MamaLana Sourdough,2018-03-08 02:58:58 UTC,https://discordleaks.unicornriot.ninja/discord/view/6888176#msg
Crystal,2018-03-08 03:00:14 UTC,https://discordleaks.unicornriot.ninja/discord/view/6888177#msg
MamaLana Sourdough,2018-03-08 03:00:17 UTC,https://discordleaks.unicornriot.ninja/discord/view/6888178#msg
Crystal,2018-03-08 03:00:35 UTC,https://discordleaks.unicornriot.ninja/discord/view/6888179#msg
MamaLana Sourdough,2018-03-08 03:02:27 UTC,https://discordleaks.unicornriot.ninja/discord/view/6888180#msg
Crystal,2018-03-08 03:02:49 UTC,https://discordleaks.unicornriot.ninja/discord/view/6888181#msg
lexi777333,2018-03-08 03:22:13 UTC,https://discordleaks.unicornriot.ninja/discord/view/6888182#msg
Vandrla,2018-03-08 19:55:51 UTC,https://discordleaks.unicornriot.ninja/discord/view/6888183#msg
Travag,2018-03-09 01:04:14 UTC,https://discordleaks.unicornriot.ninja/discord/view/6888184#msg
TruthLogicReason,2018-03-09 03:02:22 UTC,https://discordleaks.unicornriot.ninja/discord/view/6888185#msg
Romans 6,2018-03-09 15:47:54 UTC,https://discordleaks.unicornriot.ninja/discord/view/6888186#msg
Romans 6,2018-03-09 15:47:56 UTC,https://discordleaks.unicornriot.ninja/discord/view/6888187#msg
Romans 6,2018-03-09 15:48:16 UTC,https://discordleaks.unicornriot.ninja/discord/view/6888188#msg
Romans 6,2018-03-09 15:48:30 UTC,https://discordleaks.unicornriot.ninja/discord/view/6888189#msg
Deleted User,2018-03-09 15:52:27 UTC,https://discordleaks.unicornriot.ninja/discord/view/6888117#msg
Mateo,2018-03-09 16:37:52 UTC,https://discordleaks.unicornriot.ninja/discord/view/6888118#msg
Crystal,2018-03-09 16:43:03 UTC,https://discordleaks.unicornriot.ninja/discord/view/6888119#msg
Sweet Tea,2018-03-09 17:22:19 UTC,https://discordleaks.unicornriot.ninja/discord/view/6888120#msg
Sweet Tea,2018-03-09 17:24:36 UTC,https://discordleaks.unicornriot.ninja/discord/view/6888121#msg
MamaLana Sourdough,2018-03-09 17:31:39 UTC,https://discordleaks.unicornriot.ninja/discord/view/6888122#msg
MamaLana Sourdough,2018-03-09 17:31:40 UTC,https://discordleaks.unicornriot.ninja/discord/view/6888123#msg
johnboy,2018-03-09 18:47:13 UTC,https://discordleaks.unicornriot.ninja/discord/view/6888124#msg
Takebackourfreedom,2018-03-10 01:00:00 UTC,https://discordleaks.unicornriot.ninja/discord/view/6888125#msg
lexi777333,2018-03-10 04:42:56 UTC,https://discordleaks.unicornriot.ninja/discord/view/6888126#msg
lexi777333,2018-03-10 04:43:24 UTC,https://discordleaks.unicornriot.ninja/discord/view/6888127#msg
TruthLogicReason,2018-03-11 00:29:59 UTC,https://discordleaks.unicornriot.ninja/discord/view/6888128#msg
Crystal,2018-03-11 00:46:50 UTC,https://discordleaks.unicornriot.ninja/discord/view/6888129#msg
TruthLogicReason,2018-03-11 01:33:49 UTC,https://discordleaks.unicornriot.ninja/discord/view/6888130#msg
GeorGinaM,2018-03-11 05:01:40 UTC,https://discordleaks.unicornriot.ninja/discord/view/6888131#msg
Relic 1776,2018-03-12 21:45:24 UTC,https://discordleaks.unicornriot.ninja/discord/view/6888132#msg
GeorGinaM,2018-03-13 04:53:21 UTC,https://discordleaks.unicornriot.ninja/discord/view/6888133#msg
Blueeyes305,2018-03-13 04:56:42 UTC,https://discordleaks.unicornriot.ninja/discord/view/6888134#msg
American Woman,2018-03-14 00:53:11 UTC,https://discordleaks.unicornriot.ninja/discord/view/6888135#msg
Altrusian Grace,2018-03-14 04:34:37 UTC,https://discordleaks.unicornriot.ninja/discord/view/6888136#msg
Kae A,2018-03-14 16:51:17 UTC,https://discordleaks.unicornriot.ninja/discord/view/6888137#msg
Gensue,2018-03-14 18:42:46 UTC,https://discordleaks.unicornriot.ninja/discord/view/6888138#msg
AnonForFreedom,2018-03-15 20:28:13 UTC,https://discordleaks.unicornriot.ninja/discord/view/6888139#msg
BlkMamba,2018-03-15 23:09:26 UTC,https://discordleaks.unicornriot.ninja/discord/view/6888140#msg
johnboy,2018-03-18 20:41:24 UTC,https://discordleaks.unicornriot.ninja/discord/view/6888141#msg
johnboy,2018-03-18 20:41:58 UTC,https://discordleaks.unicornriot.ninja/discord/view/6888142#msg
Irshmun,2018-03-19 11:00:57 UTC,https://discordleaks.unicornriot.ninja/discord/view/6888143#msg
MrPappyK,2018-03-19 13:48:15 UTC,https://discordleaks.unicornriot.ninja/discord/view/6888144#msg
della4,2018-03-19 13:48:47 UTC,https://discordleaks.unicornriot.ninja/discord/view/6888145#msg
della4,2018-03-19 13:51:35 UTC,https://discordleaks.unicornriot.ninja/discord/view/6888146#msg
della4,2018-03-19 13:52:00 UTC,https://discordleaks.unicornriot.ninja/discord/view/6888147#msg
Deleted User,2018-03-19 16:20:54 UTC,https://discordleaks.unicornriot.ninja/discord/view/6888148#msg
PatriotEyes,2018-03-19 17:55:05 UTC,https://discordleaks.unicornriot.ninja/discord/view/6888149#msg
PatriotEyes,2018-03-19 18:10:47 UTC,https://discordleaks.unicornriot.ninja/discord/view/6888150#msg
PatriotEyes,2018-03-19 18:12:22 UTC,https://discordleaks.unicornriot.ninja/discord/view/6888151#msg
edwardJlo,2018-03-20 13:34:52 UTC,https://discordleaks.unicornriot.ninja/discord/view/6888152#msg
redbudz,2018-03-20 20:31:13 UTC,https://discordleaks.unicornriot.ninja/discord/view/6888153#msg
Louuuuuuuu,2018-03-21 19:00:08 UTC,https://discordleaks.unicornriot.ninja/discord/view/6888154#msg
Sweet Tea,2018-03-22 16:27:36 UTC,https://discordleaks.unicornriot.ninja/discord/view/6888155#msg
Dustin Nemos,2018-03-22 23:36:40 UTC,https://discordleaks.unicornriot.ninja/discord/view/6888156#msg
Jganny,2018-03-23 12:32:41 UTC,https://discordleaks.unicornriot.ninja/discord/view/6888157#msg
redbudz,2018-03-24 16:42:20 UTC,https://discordleaks.unicornriot.ninja/discord/view/6888158#msg
Squirrels,2018-03-25 14:30:33 UTC,https://discordleaks.unicornriot.ninja/discord/view/6888159#msg
Robdon077,2018-03-26 07:26:41 UTC,https://discordleaks.unicornriot.ninja/discord/view/6888160#msg
Robdon077,2018-03-26 07:27:33 UTC,https://discordleaks.unicornriot.ninja/discord/view/6888161#msg
Eithwen,2018-03-26 11:57:47 UTC,https://discordleaks.unicornriot.ninja/discord/view/6888162#msg
Romans 6,2018-03-29 17:06:17 UTC,https://discordleaks.unicornriot.ninja/discord/view/6888163#msg
Live Free Or Die,2018-03-31 15:28:20 UTC,https://discordleaks.unicornriot.ninja/discord/view/6888164#msg
Relic 1776,2018-04-02 20:48:16 UTC,https://discordleaks.unicornriot.ninja/discord/view/6888165#msg
Harpazogirl,2018-04-05 16:25:57 UTC,https://discordleaks.unicornriot.ninja/discord/view/6888166#msg
Relic 1776,2018-04-06 18:06:45 UTC,https://discordleaks.unicornriot.ninja/discord/view/6888067#msg
GG,2018-04-14 00:18:57 UTC,https://discordleaks.unicornriot.ninja/discord/view/6888068#msg
GG,2018-04-14 00:19:02 UTC,https://discordleaks.unicornriot.ninja/discord/view/6888069#msg
GG,2018-04-14 00:32:46 UTC,https://discordleaks.unicornriot.ninja/discord/view/6888070#msg
GG,2018-04-14 00:34:39 UTC,https://discordleaks.unicornriot.ninja/discord/view/6888071#msg
GG,2018-04-14 00:35:10 UTC,https://discordleaks.unicornriot.ninja/discord/view/6888072#msg
Relic 1776,2018-04-15 22:42:16 UTC,https://discordleaks.unicornriot.ninja/discord/view/6888073#msg
joe Sosa,2018-04-23 19:56:15 UTC,https://discordleaks.unicornriot.ninja/discord/view/6888074#msg
joe Sosa,2018-04-23 19:56:43 UTC,https://discordleaks.unicornriot.ninja/discord/view/6888075#msg
GG,2018-04-26 19:47:02 UTC,https://discordleaks.unicornriot.ninja/discord/view/6888076#msg
traceyheartschino,2018-04-29 16:05:34 UTC,https://discordleaks.unicornriot.ninja/discord/view/6888077#msg
traceyheartschino,2018-04-29 16:05:38 UTC,https://discordleaks.unicornriot.ninja/discord/view/6888078#msg
traceyheartschino,2018-04-29 16:06:19 UTC,https://discordleaks.unicornriot.ninja/discord/view/6888079#msg
Relic 1776,2018-05-01 21:43:38 UTC,https://discordleaks.unicornriot.ninja/discord/view/6888080#msg
PatriotEyes,2018-05-14 04:57:30 UTC,https://discordleaks.unicornriot.ninja/discord/view/6888081#msg
PatriotEyes,2018-05-14 04:57:51 UTC,https://discordleaks.unicornriot.ninja/discord/view/6888082#msg
D3M0_Anon,2018-05-16 17:51:58 UTC,https://discordleaks.unicornriot.ninja/discord/view/6888083#msg
Relic 1776,2018-05-19 02:24:05 UTC,https://discordleaks.unicornriot.ninja/discord/view/6888084#msg
Relic 1776,2018-05-19 02:24:19 UTC,https://discordleaks.unicornriot.ninja/discord/view/6888085#msg
revelationequation,2018-05-21 00:18:46 UTC,https://discordleaks.unicornriot.ninja/discord/view/6888086#msg
lmbd,2018-06-15 02:01:37 UTC,https://discordleaks.unicornriot.ninja/discord/view/6888087#msg
Relic 1776,2018-06-15 15:09:51 UTC,https://discordleaks.unicornriot.ninja/discord/view/6888088#msg
Thranduil,2018-06-22 16:36:14 UTC,https://discordleaks.unicornriot.ninja/discord/view/6888089#msg
slamm68,2018-08-02 03:32:28 UTC,https://discordleaks.unicornriot.ninja/discord/view/6888090#msg
GG,2018-08-29 22:03:58 UTC,https://discordleaks.unicornriot.ninja/discord/view/6888091#msg
GG,2018-08-30 15:24:12 UTC,https://discordleaks.unicornriot.ninja/discord/view/6888092#msg
GG,2018-08-30 15:24:16 UTC,https://discordleaks.unicornriot.ninja/discord/view/6888093#msg
GG,2018-08-30 15:24:36 UTC,https://discordleaks.unicornriot.ninja/discord/view/6888094#msg
GG,2018-08-30 15:24:42 UTC,https://discordleaks.unicornriot.ninja/discord/view/6888095#msg
GG,2018-08-30 15:24:43 UTC,https://discordleaks.unicornriot.ninja/discord/view/6888096#msg
GG,2018-08-30 15:24:51 UTC,https://discordleaks.unicornriot.ninja/discord/view/6888097#msg
GG,2018-08-30 15:25:39 UTC,https://discordleaks.unicornriot.ninja/discord/view/6888098#msg
GG,2018-08-30 15:25:55 UTC,https://discordleaks.unicornriot.ninja/discord/view/6888099#msg
EB,2018-09-12 20:41:40 UTC,https://discordleaks.unicornriot.ninja/discord/view/6888100#msg
Xenios2011,2018-09-14 00:55:45 UTC,https://discordleaks.unicornriot.ninja/discord/view/6888101#msg
EB,2018-09-14 00:59:53 UTC,https://discordleaks.unicornriot.ninja/discord/view/6888102#msg
Xenios2011,2018-09-14 01:39:48 UTC,https://discordleaks.unicornriot.ninja/discord/view/6888103#msg
Xenios2011,2018-09-14 01:42:11 UTC,https://discordleaks.unicornriot.ninja/discord/view/6888104#msg
EB,2018-09-21 23:04:04 UTC,https://discordleaks.unicornriot.ninja/discord/view/6888105#msg
KookyBurra,2018-09-27 04:02:28 UTC,https://discordleaks.unicornriot.ninja/discord/view/6888106#msg
Riggy17 (UK),2018-09-27 13:29:37 UTC,https://discordleaks.unicornriot.ninja/discord/view/6888107#msg
MamaLana Sourdough,2018-09-29 02:03:28 UTC,https://discordleaks.unicornriot.ninja/discord/view/6888108#msg
SirW00f,2018-10-03 13:34:34 UTC,https://discordleaks.unicornriot.ninja/discord/view/6888109#msg
SirW00f,2018-10-03 13:34:52 UTC,https://discordleaks.unicornriot.ninja/discord/view/6888110#msg
SirW00f,2018-10-03 13:36:41 UTC,https://discordleaks.unicornriot.ninja/discord/view/6888111#msg
murra2liberty,2018-10-05 01:29:53 UTC,https://discordleaks.unicornriot.ninja/discord/view/6888112#msg
hitchhiker,2019-02-03 19:07:20 UTC,https://discordleaks.unicornriot.ninja/discord/view/6888113#msg
hitchhiker,2019-02-03 19:08:18 UTC,https://discordleaks.unicornriot.ninja/discord/view/6888114#msg
Laurie,2019-02-03 20:56:59 UTC,https://discordleaks.unicornriot.ninja/discord/view/6888115#msg
Steven_m,2019-02-15 23:36:56 UTC,https://discordleaks.unicornriot.ninja/discord/view/6888116#msg
peace,2019-04-09 12:16:55 UTC,https://discordleaks.unicornriot.ninja/discord/view/16478539#msg
lennyeyes,2019-05-22 11:05:09 UTC,https://discordleaks.unicornriot.ninja/discord/view/16478540#msg
Dustin Nemos,2019-08-10 19:29:19 UTC,https://discordleaks.unicornriot.ninja/discord/view/16478541#msg
zeBond,2019-09-28 15:55:34 UTC,https://discordleaks.unicornriot.ninja/discord/view/16478542#msg
