TEXT,USER,META,LINK
https://www.youtube.com/playlist?list=PLs6dtBxfQNZ8YpJhXjjBAuI3Efilx2cTU,SirW00f,2019-03-13 05:43:51 UTC,https://discordleaks.unicornriot.ninja/discord/view/6878212#msg
78 vids averaging up to 2hrs long...,SirW00f,2019-03-13 05:44:09 UTC,https://discordleaks.unicornriot.ninja/discord/view/6878213#msg
https://youtu.be/_DrJ8_i7giU,oneofhis,2019-03-13 06:29:26 UTC,https://discordleaks.unicornriot.ninja/discord/view/6878214#msg
https://youtu.be/Qu12z95K_cw,oneofhis,2019-03-13 06:55:41 UTC,https://discordleaks.unicornriot.ninja/discord/view/6878215#msg
I am not a 7th day Adventist...but Walter has a very interesting take on the Rome conspiracy,oneofhis,2019-03-13 06:58:31 UTC,https://discordleaks.unicornriot.ninja/discord/view/6878216#msg
"For I am not ashamed of the gospel of Christ: for it is the power of God unto salvation to every one that believeth; to the Jew first, and also to the Greek. Because that which may be known of God is manifest in them; for God hath shewed it unto them. Because that, when they knew God, they glorified him not as God, neither were thankful; but became vain in their imaginations, and their foolish heart was darkened. Professing themselves to be wise, they became fools, And changed the glory of the uncorruptible God into an image made like to corruptible man, and to birds, and fourfooted beasts, and creeping things. Wherefore God also gave them up to uncleanness through the lusts of their own hearts, to dishonour their own bodies between themselves: Who changed the truth of God into a lie, and worshipped and served the creature more than the Creator, who is blessed for ever. Amen. For this cause God gave them up unto vile affections: for even their women did change the natural use into that which is against nature: And likewise also the men, leaving the natural use of the woman, burned in their lust one toward another; men with men working that which is unseemly, and receiving in themselves that recompence of their error which was meet. And even as they did not like to retain God in their knowledge, God gave them over to a reprobate mind, to do those things which are not convenient; Being filled with all unrighteousness, fornication, wickedness, covetousness, maliciousness; full of envy, murder, debate, deceit, malignity; whisperers, Backbiters, haters of God, despiteful, proud, boasters, inventors of evil things, disobedient to parents, Without understanding, covenantbreakers, without natural affection, implacable, unmerciful:
Romans 1:16‭, ‬19‭-‬19‭, ‬21‭-‬31 KJV
https://bible.com/bible/1/rom.1.16-31.KJV",oneofhis,2019-03-20 15:34:52 UTC,https://discordleaks.unicornriot.ninja/discord/view/16478431#msg
https://www.youtube.com/watch?v=wA1lDow-0rk,SirW00f,2019-03-20 16:54:49 UTC,https://discordleaks.unicornriot.ninja/discord/view/16478432#msg
sign in req'd,SirW00f,2019-03-20 16:54:54 UTC,https://discordleaks.unicornriot.ninja/discord/view/16478433#msg
https://www.youtube.com/watch?v=ZHZPLvbhLh8,SirW00f,2019-03-20 17:06:18 UTC,https://discordleaks.unicornriot.ninja/discord/view/16478434#msg
@Desimated https://www.youtube.com/watch?v=8YrM5zkoXuw,SirW00f,2019-03-29 09:43:47 UTC,https://discordleaks.unicornriot.ninja/discord/view/16478435#msg
shows starts 32mins in,SirW00f,2019-03-29 09:44:01 UTC,https://discordleaks.unicornriot.ninja/discord/view/16478436#msg
basically it introduces everybody to ori,SirW00f,2019-03-29 09:44:23 UTC,https://discordleaks.unicornriot.ninja/discord/view/16478437#msg
https://youtu.be/35FILs1qiVA,akitche,2019-03-30 22:11:00 UTC,https://discordleaks.unicornriot.ninja/discord/view/16478438#msg
https://www.youtube.com/watch?v=_mIhYhHlXWo,SirW00f,2019-04-03 18:09:56 UTC,https://discordleaks.unicornriot.ninja/discord/view/16478439#msg
"don't dismiss it, it also references orthodox christanity too",SirW00f,2019-04-03 18:10:08 UTC,https://discordleaks.unicornriot.ninja/discord/view/16478440#msg
parts 1-2 warns of the nuke war ...zionism will start it,SirW00f,2019-04-03 18:19:55 UTC,https://discordleaks.unicornriot.ninja/discord/view/16478441#msg
https://youtu.be/Fk9tXgkN8Ps,akitche,2019-04-13 10:06:35 UTC,https://discordleaks.unicornriot.ninja/discord/view/16478442#msg
https://www.lifesitenews.com/opinion/catholic-abuse-crisis-is-likely-no-accident-but-a-strategy-to-destroy-churc,SirW00f,2019-04-16 17:25:32 UTC,https://discordleaks.unicornriot.ninja/discord/view/16478443#msg
https://m.youtube.com/watch?v=ji4FlQ18uh0,Riggy17 (UK),2019-04-20 18:20:59 UTC,https://discordleaks.unicornriot.ninja/discord/view/16478444#msg
I have a link for this movie if anyone wants it i can send in DM not sure if it’s bad for the server uploading it here,Riggy17 (UK),2019-04-20 18:22:20 UTC,https://discordleaks.unicornriot.ninja/discord/view/16478445#msg
@Riggy17 (UK) thank you for posting it 💞,Lorna Q,2019-04-21 15:33:46 UTC,https://discordleaks.unicornriot.ninja/discord/view/16478446#msg
,Lorna Q,2019-04-21 15:34:04 UTC,https://discordleaks.unicornriot.ninja/discord/view/16478447#msg
https://twitter.com/1776stonewall/status/1120191489491992576?s=12. There are no coincidences ❤️,lmbd,2019-04-22 05:20:47 UTC,https://discordleaks.unicornriot.ninja/discord/view/16478448#msg
still waiting on the torrent of it,SirW00f,2019-04-22 05:31:33 UTC,https://discordleaks.unicornriot.ninja/discord/view/16478449#msg
most likely they'll put it on christian tv regardless of what the mpaa classes it as,SirW00f,2019-04-22 05:32:07 UTC,https://discordleaks.unicornriot.ninja/discord/view/16478450#msg
https://www.youtube.com/watch?v=FKu49v10udg,SirW00f,2019-04-28 22:47:40 UTC,https://discordleaks.unicornriot.ninja/discord/view/16478451#msg
https://www.youtube.com/watch?v=4_9pQ1DO--U&feature=youtu.be,SirW00f,2019-04-29 05:47:01 UTC,https://discordleaks.unicornriot.ninja/discord/view/16478452#msg
"AUDIO BOOK SERIES
https://youtu.be/d63AF7CYJWQ",SirW00f,2019-04-29 05:47:57 UTC,https://discordleaks.unicornriot.ninja/discord/view/16478453#msg
"Has anyone figured out who the anti-christ is yet? Has he been revealed? So far the only guy I got on my radar for possible anti-christ is Recep Erdogan though the gematria for his name doesn't include his middle name (might elude to western idealism where you only share your first and last). None-the-less, still watching.",TheGuyAbriel | Matthew 13,2019-05-04 10:23:43 UTC,https://discordleaks.unicornriot.ninja/discord/view/16478454#msg
https://www.youtube.com/watch?v=ZHGUcXIjf4k,SirW00f,2019-05-07 23:38:02 UTC,https://discordleaks.unicornriot.ninja/discord/view/16478455#msg
https://www.youtube.com/watch?v=bbsVc5AypXE&feature=youtu.be,SirW00f,2019-05-08 11:44:15 UTC,https://discordleaks.unicornriot.ninja/discord/view/16478456#msg
,USN,2019-05-16 10:05:52 UTC,https://discordleaks.unicornriot.ninja/discord/view/16478457#msg
"Looking for help to find information linking Christianity to the Pyramids at Giza.
This link says, ""Of course, the year of 2017 was the same year suggested by the book, Signs of the End, for the end of the Tribulation, but could 2017 instead be the beginning of the Tribulation or the Rapture on the Feast of Trumpets?""

https://watchfortheday.org/signsoftheend/giza2024.html",TheGuyAbriel | Matthew 13,2019-05-21 03:13:59 UTC,https://discordleaks.unicornriot.ninja/discord/view/16478458#msg
"Also, in gematria ""revelation chapter six"" equates to ""september twenty one"" and the latter equals ""2017"" in Jewish gematria.",TheGuyAbriel | Matthew 13,2019-05-21 03:15:09 UTC,https://discordleaks.unicornriot.ninja/discord/view/16478459#msg
"I know for a fact that tribulation started on September 21st, 2017. Again, seeking more information to connect the pyramids to Christianity.",TheGuyAbriel | Matthew 13,2019-05-21 03:16:42 UTC,https://discordleaks.unicornriot.ninja/discord/view/16478460#msg
https://www.youtube.com/watch?v=cgxSgbujzTg,LowLandsPete,2019-05-30 05:58:52 UTC,https://discordleaks.unicornriot.ninja/discord/view/16478461#msg
https://youtu.be/cfYq4s1D5y8,SirW00f,2019-05-30 15:30:12 UTC,https://discordleaks.unicornriot.ninja/discord/view/16478462#msg
"lol.. I was thinking to watch that animated book. However, still unsure if we are to read the book of Enoch. Someone said it has praying to angels in it which means it's a book we should not read.",TheGuyAbriel | Matthew 13,2019-06-01 00:52:34 UTC,https://discordleaks.unicornriot.ninja/discord/view/16478463#msg
"the Steward: Like the Apostle Paul, I am the least among men, but for a different reason. Unlike Paul, I am not one who evangelizes (at least not as an avocation). Like Paul I have weakness(es), which is not a pain in my side. It is bad memory (because of bad memories) trauma-induced, it is poor eyesight, blah,blah,blah...mature of years. We are like Paul in some ways and we are what I like to refer to as ""sui juris"". In my estimation, sui juris means that the God of all creation made each human being to have a unique relationship with Him. He stooped from Heaven to the earth of Man's stewardship; if only that man would Covenant with Him, to Steward the earth and to expand the Kingdom of Heaven throughout the earth. Man has created doctrines and government and churches seeking to improve upon the Creator's Covenant with (a) man. None has come close, as each of man's manifestations relies upon the good conscience of each and every one of us and a personal relationship with God in order to make sense out of man's creation. Without the Spirit of Yahweh within a man, man's creation may be sufferable but will not result in a condition of thriving (thrift). With prayer and supplication in all things, Christ (and blessing) is made manifest, and the world does not welcome this. When we see people of vaunted spirit AND living extravagantly, we naturally recoil. It is not recoiling from their success, unless it is the method of their ""success"", it is recoil for a lack of love (spirit of flagrance). Peace.",the Steward,2019-06-02 16:02:12 UTC,https://discordleaks.unicornriot.ninja/discord/view/16478464#msg
"'Iran and North Korea are gonna go at it and implode'...
https://www.youtube.com/watch?v=RKwg6YUFdNM",TheGuyAbriel | Matthew 13,2019-06-22 07:47:03 UTC,https://discordleaks.unicornriot.ninja/discord/view/16478465#msg
,CPT MAL,2019-06-25 16:48:00 UTC,https://discordleaks.unicornriot.ninja/discord/view/16478466#msg
"https://www.youtube.com/watch?v=1FD5lReqe64&feature=share
Listen tothis incrible jpirney of this man. Unforgettable. ❤️",Maga gal,2019-06-26 16:39:57 UTC,https://discordleaks.unicornriot.ninja/discord/view/16478467#msg
https://www.youtube.com/watch?v=Ytv85PrzNgI,TheGuyAbriel | Matthew 13,2019-06-29 01:38:16 UTC,https://discordleaks.unicornriot.ninja/discord/view/16478468#msg
http://www.differencebetween.net/miscellaneous/religion-miscellaneous/difference-between-talmud-and-torah/,SirW00f,2019-06-29 03:20:52 UTC,https://discordleaks.unicornriot.ninja/discord/view/16478469#msg
http://www.talmudblasphemy.com/judaism_vs_talmud.html,SirW00f,2019-06-29 03:21:23 UTC,https://discordleaks.unicornriot.ninja/discord/view/16478470#msg
https://www.youtube.com/watch?v=p8vasaxWCvE,TheGuyAbriel | Matthew 13,2019-06-29 08:46:11 UTC,https://discordleaks.unicornriot.ninja/discord/view/16478471#msg
https://www.foxnews.com/us/ohio-school-atheist-complain-ten-commandments,SirW00f,2019-07-01 13:35:24 UTC,https://discordleaks.unicornriot.ninja/discord/view/16478472#msg
"1 - thou shalt have no other gods before me = it means that other gods exist besides 'god' and 'god' prefers to be kept as 'primary'
so it makes u really wonder what the hell is going on",SirW00f,2019-07-01 13:35:38 UTC,https://discordleaks.unicornriot.ninja/discord/view/16478473#msg
https://www.youtube.com/watch?v=er9boYFwA_o,LowLandsPete,2019-07-03 06:43:31 UTC,https://discordleaks.unicornriot.ninja/discord/view/16478474#msg
https://www.theepochtimes.com/the-constitution-and-establishment-of-religion_2988547.html,SirW00f,2019-07-06 09:35:29 UTC,https://discordleaks.unicornriot.ninja/discord/view/16478475#msg
http://www.hbtlj.org/v08p1/v08p1elacquaar.pdf,CPT MAL,2019-07-06 18:05:59 UTC,https://discordleaks.unicornriot.ninja/discord/view/16478476#msg
"Article from 08 on 501C3 tax exempt status that most churches have restricting their ability to support or discourage support of any political party, politician or political cause.
I do not believe the 501C3 is 1st amendment compliant. I do not believe the tax exempt status is worth the muzzle our spiritual leaders have been submitting to for many years.
It’s left our churches 40% (by my personal estimation) Democrat’s who support Abortion, open boarders, gay marriage and many other issues that are absolutely contrary to biblical teaching. It has greatly diminished our understanding of many biblical principles because our pastors don’t want to go there in fear of loosing tax exempt status/ loosing members.",CPT MAL,2019-07-06 18:13:08 UTC,https://discordleaks.unicornriot.ninja/discord/view/16478477#msg
not all religions are based upon the 'bible' .....,SirW00f,2019-07-06 18:24:08 UTC,https://discordleaks.unicornriot.ninja/discord/view/16478478#msg
Fair enough... I suppose I should have specified I’m addressing Christians.,CPT MAL,2019-07-06 19:27:36 UTC,https://discordleaks.unicornriot.ninja/discord/view/16478479#msg
Should I not address Christian issues in this chat @SirW00f ?,CPT MAL,2019-07-06 19:28:55 UTC,https://discordleaks.unicornriot.ninja/discord/view/16478480#msg
religious text basically covers topics of all religions and cults(unfortunately),SirW00f,2019-07-06 19:37:18 UTC,https://discordleaks.unicornriot.ninja/discord/view/16478481#msg
so ppl can discuss such topics without clogging up the main 'general discussion text' area,SirW00f,2019-07-06 19:38:27 UTC,https://discordleaks.unicornriot.ninja/discord/view/16478482#msg
https://www.foxnews.com/world/city-water-colombia-helicopter-catholic-exorcism,SirW00f,2019-07-11 20:09:31 UTC,https://discordleaks.unicornriot.ninja/discord/view/16478483#msg
i think we need a tsunami for the west coast of usa,SirW00f,2019-07-11 20:10:44 UTC,https://discordleaks.unicornriot.ninja/discord/view/16478484#msg
just have a few priests bless the wave before it hits,SirW00f,2019-07-11 20:11:38 UTC,https://discordleaks.unicornriot.ninja/discord/view/16478485#msg
https://www.youtube.com/watch?v=esaCSmbBzzE,SirW00f,2019-07-15 20:48:54 UTC,https://discordleaks.unicornriot.ninja/discord/view/16478486#msg
https://twitter.com/DewsNewz/status/1149736359189368832,SirW00f,2019-07-17 15:35:39 UTC,https://discordleaks.unicornriot.ninja/discord/view/16478487#msg
http://orthochristian.com/88285.html,SirW00f,2019-07-26 21:59:57 UTC,https://discordleaks.unicornriot.ninja/discord/view/16478488#msg
https://twitter.com/ARedPillReport/status/1155841466633269248?s=19,SirW00f,2019-07-29 16:21:45 UTC,https://discordleaks.unicornriot.ninja/discord/view/16478489#msg
religion related - https://twitter.com/henrygreen/status/1155805142492569605?s=20,SirW00f,2019-08-01 09:23:32 UTC,https://discordleaks.unicornriot.ninja/discord/view/16478490#msg
"the irony of that ☝ tweet is to be pro-life is to be pro-science
science proves that life begins at conception
but according to the bible thumpers..it begins at birth",SirW00f,2019-08-01 09:26:34 UTC,https://discordleaks.unicornriot.ninja/discord/view/16478491#msg
The bible says life is in the blood. So technically as soon as the babies individual DNA is there it's alive.,TheGuyAbriel | Matthew 13,2019-08-01 10:10:11 UTC,https://discordleaks.unicornriot.ninja/discord/view/16478492#msg
The bible is a mishmash of Babylonian/Sumerian stories maybe something was lost in the translation,Prashivra,2019-08-01 11:01:26 UTC,https://discordleaks.unicornriot.ninja/discord/view/16478493#msg
"Once 46 chromosomes come together...
It is a separate entity different than the 2 who added the combination! I am based in science but am a catholic staunchly opposed to Killing Anyone...
Except TRAITORS!!",KODIAK,2019-08-01 21:51:37 UTC,https://discordleaks.unicornriot.ninja/discord/view/16478494#msg
"This is not really Q related but it is important.
https://watchfortheday.org/signsoftheend/giza2024.html",TheGuyAbriel | Matthew 13,2019-08-01 23:33:37 UTC,https://discordleaks.unicornriot.ninja/discord/view/16478495#msg
,SirW00f,2019-08-07 02:55:34 UTC,https://discordleaks.unicornriot.ninja/discord/view/16478496#msg
"Query: to bible experts here - the scriptures Q quoted, how many of those are from New Testament / Old Testament ? 1:1 ? 1:0 ?",Thoutzan,2019-08-08 14:23:55 UTC,https://discordleaks.unicornriot.ninja/discord/view/16478497#msg
I am asking because I noticed this :,Thoutzan,2019-08-08 16:32:10 UTC,https://discordleaks.unicornriot.ninja/discord/view/16478498#msg
,Thoutzan,2019-08-08 16:32:14 UTC,https://discordleaks.unicornriot.ninja/discord/view/16478499#msg
"Well I could tell you post to post. Don’t have all the scriptures in front of me that he’s quoted. I believe the majority was Old Testament. He’s quoted scripture like a dozen times out of 3k+ posts I believe. All very popular scriptures, no “deep cuts” lol.
If there is a way to search all posts that have scriptures I can tell you exactly what’s from where in the Bible",CPT MAL,2019-08-09 22:49:56 UTC,https://discordleaks.unicornriot.ninja/discord/view/16478500#msg
New vs Old Testaments,CPT MAL,2019-08-09 22:50:21 UTC,https://discordleaks.unicornriot.ninja/discord/view/16478501#msg
"Monday Night SPIRITUAL SMACK DOWN! With Mc And Mark! The Jeffrey Epstein Death, LIVE VGA 480p - YouTube

https://www.youtube.com/watch?v=NZ1Ub-2Vbxg",lmbd,2019-08-16 21:24:53 UTC,https://discordleaks.unicornriot.ninja/discord/view/16478502#msg
https://www.espn.com/nfl/story/_/page/10spot-divisional/tim-tebow-phenomenon-gets-eerie--adam-schefter-10-spot,TheGuyAbriel | Matthew 13,2019-08-18 08:26:51 UTC,https://discordleaks.unicornriot.ninja/discord/view/16478503#msg
,TheGuyAbriel | Matthew 13,2019-08-18 08:26:55 UTC,https://discordleaks.unicornriot.ninja/discord/view/16478504#msg
Three years after Tebow wore 3:16 some 'coincidences' happen 3 years later.,TheGuyAbriel | Matthew 13,2019-08-18 08:27:01 UTC,https://discordleaks.unicornriot.ninja/discord/view/16478505#msg
Mark Taylor <https://www.youtube.com/watch?v=53IAFjus3VA&t=1381s> possible related information: <https://www.christianheadlines.com/contributors/will-maule/franklin-graham-congratulates-2020-hopeful-tulsi-gabbard-on-winning-debate-asks-people-to-pray-for-2020-election.html> <https://pedophilesdownunder.com/2018/08/08/franklin-graham-tries-to-erase-his-voodoo-pedophile-past/>,lmbd,2019-08-18 22:39:00 UTC,https://discordleaks.unicornriot.ninja/discord/view/16478506#msg
"Regarding “Nephilim” referenced due to the six fingered hands in paintings and such, here is the actual scripture, the origin of the concept.

“Now it happened, when men began to multiply on the face of the land, and daughters were born to them, that the sons of God saw that the daughters of men were beautiful and desirable; and they took wives for themselves, whomever they chose and desired. Then the LORD said, “My Spirit shall not strive and remain with man forever, because he is indeed flesh [sinful, corrupt—given over to sensual appetites]; nevertheless his days shall yet be a hundred and twenty years.” There were Nephilim (men of stature, notorious men) on the earth in those days—and also afterward—when the sons of God lived with the daughters of men, and they gave birth to their children. These were the mighty men who were of old, men of renown (great reputation, fame). The LORD saw that the wickedness (depravity) of man was great on the earth, and that every imagination or intent of the thoughts of his heart were only evil continually. The LORD regretted that He had made mankind on the earth, and He was [deeply] grieved in His heart. So the LORD said, “I will destroy (annihilate) mankind whom I have created from the surface of the earth—not only man, but the animals and the crawling things and the birds of the air—because it [deeply] grieves Me [to see mankind’s sin] and I regret that I have made them.” But Noah found favor and grace in the eyes of the LORD.”
‭‭GENESIS‬ ‭6:1-8‬ ‭AMP‬‬

The concept that Nephilim are fallen angel human halfbreeds is a myth. From very old Jewish mythology. Not actually true if you read the scripture.",CPT MAL,2019-08-19 15:52:31 UTC,https://discordleaks.unicornriot.ninja/discord/view/16478507#msg
"Here is a Christian teaching utilizing hermeneutics (referencing many other scriptures on the same topic and contexts to greater understanding the one scripture) concerning Nephilim, which quickly turns from debunking the halfbreed myth to a study on “sons of God” and the meanings throughout scripture.

I am not endorsing everything this dude says, but I believe this is the most effective teaching concerning Nephilim that exists to my knowledge for anyone who wants to learn more about this from a Christian perspective.",CPT MAL,2019-08-19 15:58:25 UTC,https://discordleaks.unicornriot.ninja/discord/view/16478508#msg
https://youtu.be/nHytybKN_Mw,CPT MAL,2019-08-19 15:58:33 UTC,https://discordleaks.unicornriot.ninja/discord/view/16478509#msg
"This video shows how ignorant and heretical of teachings some are putting out there. This YouTuber doesn't know his bible. On top of that, he's using the Q movement to do it!
https://www.youtube.com/watch?v=vRs71z4GmXQ",TheGuyAbriel | Matthew 13,2019-08-22 10:50:32 UTC,https://discordleaks.unicornriot.ninja/discord/view/16478510#msg
https://worldtruth.tv/the-anunnaki-in-the-bible/,Andrewi,2019-09-01 19:29:49 UTC,https://discordleaks.unicornriot.ninja/discord/view/16478511#msg
"If the world was fooled into worshiping the wrong god, would we notice?",DaveyJones,2019-09-04 06:33:53 UTC,https://discordleaks.unicornriot.ninja/discord/view/16478512#msg
hail eris,Prashivra,2019-09-04 19:09:43 UTC,https://discordleaks.unicornriot.ninja/discord/view/16478513#msg
https://elijahlist.com/words/display_word.html?ID=22514,lmbd,2019-09-04 19:13:38 UTC,https://discordleaks.unicornriot.ninja/discord/view/16478514#msg
https://www.youtube.com/watch?v=LxohctQwRNw,SirW00f,2019-09-11 07:15:58 UTC,https://discordleaks.unicornriot.ninja/discord/view/16478515#msg
"For those who believe in Judism, what is their opinion toward Jesus ? Can they worship him ? Can they mention his name ? What about muslims ?",Thoutzan,2019-09-11 20:31:12 UTC,https://discordleaks.unicornriot.ninja/discord/view/16478516#msg
jesus only wanted to save jews,Prashivra,2019-09-11 21:11:58 UTC,https://discordleaks.unicornriot.ninja/discord/view/16478517#msg
he was asked why he didn't try and save others,Prashivra,2019-09-11 21:12:15 UTC,https://discordleaks.unicornriot.ninja/discord/view/16478518#msg
'why feed a dog when your child is hungry' was his reply,Prashivra,2019-09-11 21:12:42 UTC,https://discordleaks.unicornriot.ninja/discord/view/16478519#msg
it was saul who opened it up to others,Prashivra,2019-09-11 21:14:20 UTC,https://discordleaks.unicornriot.ninja/discord/view/16478520#msg
thanks for comment but what I wonder is what a faithful Judaism believer / practicer 's view on Jesus.,Thoutzan,2019-09-11 22:37:58 UTC,https://discordleaks.unicornriot.ninja/discord/view/16478521#msg
Good Morning,Wildebourne,2019-09-12 14:26:59 UTC,https://discordleaks.unicornriot.ninja/discord/view/16478522#msg
Good morning !,Thoutzan,2019-09-12 14:29:14 UTC,https://discordleaks.unicornriot.ninja/discord/view/16478523#msg
">>For those who believe in Judism, what is their opinion toward Jesus ? Can they worship him ? Can they mention his name ? What about muslims ?
anyone ?",Thoutzan,2019-09-12 22:27:49 UTC,https://discordleaks.unicornriot.ninja/discord/view/16478524#msg
"[22:11] Prashivra: jesus only wanted to save jews
[22:12] Prashivra: he was asked why he didn't try and save others
[22:12] Prashivra: 'why feed a dog when your child is hungry' was his reply
[22:14] Prashivra: it was saul who opened it up to others",Prashivra,2019-09-13 13:13:56 UTC,https://discordleaks.unicornriot.ninja/discord/view/16478525#msg
sigh...I really don't care about christians opinion on Jew's opinion on jesus (who cares). I only wonder jews opinion on jesus.,Thoutzan,2019-09-13 14:08:36 UTC,https://discordleaks.unicornriot.ninja/discord/view/16478526#msg
hence my response,Prashivra,2019-09-13 14:13:35 UTC,https://discordleaks.unicornriot.ninja/discord/view/16478527#msg
"feed the dog and the child, so the dog won't attack the child as a food source",SirW00f,2019-09-13 14:24:12 UTC,https://discordleaks.unicornriot.ninja/discord/view/16478528#msg
"asked around on QRV and anon mentions Noahide Laws, I guess he is referring to ""do not worship idols"". So some of them consider Jesus an idol I guess ?",Thoutzan,2019-09-13 15:03:48 UTC,https://discordleaks.unicornriot.ninja/discord/view/16478529#msg
https://www.youtube.com/watch?v=dPxv4Aff3IA,SirW00f,2019-09-15 00:06:12 UTC,https://discordleaks.unicornriot.ninja/discord/view/16478530#msg
makes u wonder if they're a race or a religion,SirW00f,2019-09-15 00:06:29 UTC,https://discordleaks.unicornriot.ninja/discord/view/16478531#msg
because religion can be taught,SirW00f,2019-09-15 00:06:54 UTC,https://discordleaks.unicornriot.ninja/discord/view/16478532#msg
https://www.biblegateway.com/passage/?search=Daniel+1&version=NIV&interface=amp,North /K/arolina,2019-09-19 17:55:47 UTC,https://discordleaks.unicornriot.ninja/discord/view/16478533#msg
https://youtu.be/lktmmd7YnD8,Firedove11,2019-09-21 06:01:44 UTC,https://discordleaks.unicornriot.ninja/discord/view/16478534#msg
https://www.youtube.com/watch?v=Uuy1lGJHY-g,Firedove11,2019-09-21 20:28:17 UTC,https://discordleaks.unicornriot.ninja/discord/view/16478535#msg
https://www.youtube.com/watch?v=CamYtVpoTNk,SirW00f,2019-09-30 05:02:55 UTC,https://discordleaks.unicornriot.ninja/discord/view/16478536#msg
https://www.romancatholicman.com/revelation-12-sign-september-23-2017/,John of Arc,2019-10-11 02:27:38 UTC,https://discordleaks.unicornriot.ninja/discord/view/16487513#msg
A month before Q,John of Arc,2019-10-11 02:27:55 UTC,https://discordleaks.unicornriot.ninja/discord/view/16487514#msg
As foreseen by Charlie Johnson,John of Arc,2019-10-11 02:28:42 UTC,https://discordleaks.unicornriot.ninja/discord/view/16487515#msg
We have nothing to fear,John of Arc,2019-10-11 02:29:20 UTC,https://discordleaks.unicornriot.ninja/discord/view/16487516#msg
If we only seek Him,John of Arc,2019-10-11 02:30:10 UTC,https://discordleaks.unicornriot.ninja/discord/view/16487517#msg
Impeachment. DJT. https://m.youtube.com/watch?v=njPrQUe1nqY,lmbd,2019-10-11 17:50:15 UTC,https://discordleaks.unicornriot.ninja/discord/view/16487518#msg
https://twitter.com/morpheusseeks/status/1186268986725617665?s=12. 🙏,lmbd,2019-10-21 14:43:42 UTC,https://discordleaks.unicornriot.ninja/discord/view/16488697#msg
https://www.youtube.com/watch?v=0k_vSRB3Vzg 🤔 🙏,lmbd,2019-10-22 18:06:53 UTC,https://discordleaks.unicornriot.ninja/discord/view/16488698#msg
so google can import demons to our dimension with no repercussions...... its the ghostbusters ghost containment device and makes the entities serve the operator. Kinda sounds like witchcraft and demonology mixed Together. yay!!!!!!,Russian Bot,2019-10-23 16:56:51 UTC,https://discordleaks.unicornriot.ninja/discord/view/16488699#msg
not,Russian Bot,2019-10-23 16:57:10 UTC,https://discordleaks.unicornriot.ninja/discord/view/16488700#msg
good,Russian Bot,2019-10-23 16:58:22 UTC,https://discordleaks.unicornriot.ninja/discord/view/16488701#msg
,Russian Bot,2019-10-23 17:26:28 UTC,https://discordleaks.unicornriot.ninja/discord/view/16488702#msg
the hitler shake,Russian Bot,2019-10-23 17:26:52 UTC,https://discordleaks.unicornriot.ninja/discord/view/16488703#msg
https://elijahlist.com/words/display_word.html?ID=22730,lmbd,2019-10-25 18:14:00 UTC,https://discordleaks.unicornriot.ninja/discord/view/16488704#msg
https://www.youtube.com/watch?v=yzkFc1pd6Mo,lmbd,2019-10-25 20:58:47 UTC,https://discordleaks.unicornriot.ninja/discord/view/16488705#msg
"Partial summary: Binding & loosing legally & physically. Curse, idolatry, shedding of innocent blood, bitterness prevents healing. Needs to do a work in heart, repentence so that can heal the person/land. HS will tell us or pray thru us(in the spirit not used enough). Sunantilobonami-take hold WITH us. We must do our part. Verse 28 promise All things work together for good. Angels help us-activated by praying in the spirit. Know& trust HS is working thru us. Interpreter-for message. Corporate tongues. Gov’t language-subdue the earth(highest lang.) pentecost-return gov’t lang.(in the spirit)confusion=/= Confusion of demons. Dream: PDJT Better chess player than DS. Bishop’s pawn is in place-checkmate is coming. Keep appeals to heaven intense. Dream: angel said-AG Barr-Mordecai-hanging gov’t traitor. 21 gun salute”firing squad”. AG Needs prayer cover. Not rescuing Trump, God is exposing an evil enemy shedding innocent blood, corrupting the nation. Decree through us as we pray in the spirit, unknown/hidden to demons, enemy. Re-establish nation’s covenant. Moving the chess pieces. Decree- .Summit Florida | Dutch Sheets - YouTube

https://www.youtube.com/watch?v=_kgm-oD_EXU",lmbd,2019-10-29 12:51:13 UTC,https://discordleaks.unicornriot.ninja/discord/view/17770797#msg
"🙏Backbone Summit Florida | Apostle Ken Malone - YouTube

https://www.youtube.com/watch?v=2SKmk0UKko4",lmbd,2019-10-30 11:39:04 UTC,https://discordleaks.unicornriot.ninja/discord/view/17770798#msg
more occult than religious but wow! 😳 https://www.youtube.com/watch?time_continue=5&v=TFZxGQr9Mcg,lmbd,2019-10-30 20:04:24 UTC,https://discordleaks.unicornriot.ninja/discord/view/17770799#msg
https://www.youtube.com/watch?v=Ug4BRib1CzQ,TheGuyAbriel | Matthew 13,2019-10-31 01:13:26 UTC,https://discordleaks.unicornriot.ninja/discord/view/17770800#msg
https://www.youtube.com/watch?v=ZJZhtPLZZ-Q,Jones C,2019-11-01 09:25:22 UTC,https://discordleaks.unicornriot.ninja/discord/view/23182876#msg
"High School Football Player Prays with Opponent Whose Mom Has Cancer, Photo Goes Viral

🙏https://www.breakingchristiannews.com/articles/display_art.html?ID=29226",lmbd,2019-11-08 20:28:01 UTC,https://discordleaks.unicornriot.ninja/discord/view/23182877#msg
https://www.youtube.com/watch?v=PgYO3VB6ubo,Andrewi,2019-11-10 18:18:30 UTC,https://discordleaks.unicornriot.ninja/discord/view/23182878#msg
https://twitter.com/AmyMek/status/1196300458001928192?s=20,SirW00f,2019-11-18 07:23:57 UTC,https://discordleaks.unicornriot.ninja/discord/view/23182879#msg
🙏 https://elijahlist.com/words/display_word.html?ID=22830,lmbd,2019-11-18 12:59:37 UTC,https://discordleaks.unicornriot.ninja/discord/view/23182880#msg
https://en.m.wikipedia.org/wiki/Christian_Identity,mrwopman,2019-11-27 07:13:30 UTC,https://discordleaks.unicornriot.ninja/discord/view/23182881#msg
"@mrwopman From my perspective Wikipedia is not a good source for anything meaningful or factual by itself. Believe what you want but, this does not describe nearly all of the Christians known to me. Blessings friend",zeBond,2019-11-27 15:01:44 UTC,https://discordleaks.unicornriot.ninja/discord/view/23182882#msg
I just didn’t even know that was a thing. I know it doesn’t describe all Christians because I am one,mrwopman,2019-11-27 17:46:34 UTC,https://discordleaks.unicornriot.ninja/discord/view/23182883#msg
"Identity politics fail because they turn on each other. A Christian, to the best of their abilities, emulate Jesus Christ. Does the description of Identity Christianity on wikipedia in any way describe someone living in the light and Jesus is in the Light? I've met many who think they are Christian because they were born in the USA or their parents were Christian. God has no grandchildren. Blessings friend 🙂",zeBond,2019-11-27 18:22:13 UTC,https://discordleaks.unicornriot.ninja/discord/view/23182884#msg
I’m gonna say it. Jesus was white,mrwopman,2019-11-28 03:42:29 UTC,https://discordleaks.unicornriot.ninja/discord/view/23182885#msg
https://www.youtube.com/watch?v=I_AOT-d2q-Y&list=PLAEiRT3e-3EtfsSQRjpV54Zlhbo7yahIE,jebus,2019-11-28 09:23:46 UTC,https://discordleaks.unicornriot.ninja/discord/view/23182886#msg
@mrwopman prove it,zeBond,2019-11-28 19:45:21 UTC,https://discordleaks.unicornriot.ninja/discord/view/23182887#msg
,mrwopman,2019-11-28 21:42:33 UTC,https://discordleaks.unicornriot.ninja/discord/view/23182888#msg
This describes him as white,mrwopman,2019-11-28 21:42:43 UTC,https://discordleaks.unicornriot.ninja/discord/view/23182889#msg
@mrwopman It would seem a good idea to avoid making your theology from a couple out-of-context single verses. Using the same fallible exegesis method we can come up with Judas went out and hanged himself Matt 27:5 Go do thou likewise Luke 10:37 Blessings friend,zeBond,2019-11-29 13:48:17 UTC,https://discordleaks.unicornriot.ninja/discord/view/23182890#msg
Blessings mate I have few more ideas why Jesus might have been white but it doesn’t matter. What matters is that there’s a attack on Christians all around the world and no one is talking about it,mrwopman,2019-11-29 19:45:25 UTC,https://discordleaks.unicornriot.ninja/discord/view/23182891#msg
"Bethel Music - Raise A Hallelujah (LIVE) | VICTORY - YouTube

https://www.youtube.com/watch?v=awkO61T6i0k",lmbd,2019-11-29 20:55:56 UTC,https://discordleaks.unicornriot.ninja/discord/view/23182892#msg
"@mrwopman just like you this infuriated me until my reading in the New Testament came alive in my soul, Jesus tells us to turn the other cheek so, to speak, in interpersonal relationships when wronged, to walk an extra mile when tasked by our taskmaster to carry their load for one mile or to give the coat off our back to those in need. These are also struggles in the Christian community that are not reported since, we are also commanded to not let the right hand know what the left hand is doing.

As my dad would say, this world is not my home, I'm just a passin' thru. Blessings friend",zeBond,2019-11-29 21:44:22 UTC,https://discordleaks.unicornriot.ninja/discord/view/23182893#msg
,Cowlord,2019-11-30 01:07:02 UTC,https://discordleaks.unicornriot.ninja/discord/view/23182894#msg
https://elijahlist.com/words/display_word.html?ID=22883,lmbd,2019-11-30 21:52:25 UTC,https://discordleaks.unicornriot.ninja/discord/view/23182895#msg
